[   43994ms] [WARNING] [Vue warn]: Property "editingMessageIndex" was accessed during render but is not defined on instance. 
  at <ChatView onVnodeUnmounted=fn<onVnodeUnmounted> ref=Ref< Proxy(Object) > > 
  at <RouterView> 
  at <App> @ http://localhost:5173/node_modules/.vite/deps/chunk-MYEHH3VS.js?v=cf2b15a6:2194
[   43994ms] [WARNING] [Vue warn]: Property "editingMessageContent" was accessed during render but is not defined on instance. 
  at <ChatView onVnodeUnmounted=fn<onVnodeUnmounted> ref=Ref< Proxy(Object) > > 
  at <RouterView> 
  at <App> @ http://localhost:5173/node_modules/.vite/deps/chunk-MYEHH3VS.js?v=cf2b15a6:2194
[   43995ms] [WARNING] [Vue warn]: Property "editingMessageIndex" was accessed during render but is not defined on instance. 
  at <ChatView onVnodeUnmounted=fn<onVnodeUnmounted> ref=Ref< Proxy(Object) > > 
  at <RouterView> 
  at <App> @ http://localhost:5173/node_modules/.vite/deps/chunk-MYEHH3VS.js?v=cf2b15a6:2194
[   43995ms] [WARNING] [Vue warn]: Property "editingMessageContent" was accessed during render but is not defined on instance. 
  at <ChatView onVnodeUnmounted=fn<onVnodeUnmounted> ref=Ref< Proxy(Object) > > 
  at <RouterView> 
  at <App> @ http://localhost:5173/node_modules/.vite/deps/chunk-MYEHH3VS.js?v=cf2b15a6:2194
[   44001ms] [WARNING] [Vue warn]: Property "editingMessageIndex" was accessed during render but is not defined on instance. 
  at <ChatView onVnodeUnmounted=fn<onVnodeUnmounted> ref=Ref< Proxy(Object) > > 
  at <RouterView> 
  at <App> @ http://localhost:5173/node_modules/.vite/deps/chunk-MYEHH3VS.js?v=cf2b15a6:2194
[   44001ms] [WARNING] [Vue warn]: Property "editingMessageContent" was accessed during render but is not defined on instance. 
  at <ChatView onVnodeUnmounted=fn<onVnodeUnmounted> ref=Ref< Proxy(Object) > > 
  at <RouterView> 
  at <App> @ http://localhost:5173/node_modules/.vite/deps/chunk-MYEHH3VS.js?v=cf2b15a6:2194
[   44002ms] [WARNING] [Vue warn]: Property "editingMessageIndex" was accessed during render but is not defined on instance. 
  at <ChatView onVnodeUnmounted=fn<onVnodeUnmounted> ref=Ref< Proxy(Object) > > 
  at <RouterView> 
  at <App> @ http://localhost:5173/node_modules/.vite/deps/chunk-MYEHH3VS.js?v=cf2b15a6:2194
[   44002ms] [WARNING] [Vue warn]: Property "editingMessageContent" was accessed during render but is not defined on instance. 
  at <ChatView onVnodeUnmounted=fn<onVnodeUnmounted> ref=Ref< Proxy(Object) > > 
  at <RouterView> 
  at <App> @ http://localhost:5173/node_modules/.vite/deps/chunk-MYEHH3VS.js?v=cf2b15a6:2194
[   44603ms] [WARNING] [Vue warn]: Property "editingMessageIndex" was accessed during render but is not defined on instance. 
  at <ChatView onVnodeUnmounted=fn<onVnodeUnmounted> ref=Ref< Proxy(Object) > > 
  at <RouterView> 
  at <App> @ http://localhost:5173/node_modules/.vite/deps/chunk-MYEHH3VS.js?v=cf2b15a6:2194
[   44604ms] [WARNING] [Vue warn]: Property "editingMessageContent" was accessed during render but is not defined on instance. 
  at <ChatView onVnodeUnmounted=fn<onVnodeUnmounted> ref=Ref< Proxy(Object) > > 
  at <RouterView> 
  at <App> @ http://localhost:5173/node_modules/.vite/deps/chunk-MYEHH3VS.js?v=cf2b15a6:2194
[   44604ms] [WARNING] [Vue warn]: Property "editingMessageIndex" was accessed during render but is not defined on instance. 
  at <ChatView onVnodeUnmounted=fn<onVnodeUnmounted> ref=Ref< Proxy(Object) > > 
  at <RouterView> 
  at <App> @ http://localhost:5173/node_modules/.vite/deps/chunk-MYEHH3VS.js?v=cf2b15a6:2194
[   44604ms] [WARNING] [Vue warn]: Property "editingMessageContent" was accessed during render but is not defined on instance. 
  at <ChatView onVnodeUnmounted=fn<onVnodeUnmounted> ref=Ref< Proxy(Object) > > 
  at <RouterView> 
  at <App> @ http://localhost:5173/node_modules/.vite/deps/chunk-MYEHH3VS.js?v=cf2b15a6:2194
[  100188ms] [WARNING] [Vue warn]: Property "editingMessageIndex" was accessed during render but is not defined on instance. 
  at <ChatView onVnodeUnmounted=fn<onVnodeUnmounted> ref=Ref< Proxy(Object) > > 
  at <RouterView> 
  at <App> @ http://localhost:5173/node_modules/.vite/deps/chunk-MYEHH3VS.js?v=cf2b15a6:2194
[  100189ms] [WARNING] [Vue warn]: Property "editingMessageContent" was accessed during render but is not defined on instance. 
  at <ChatView onVnodeUnmounted=fn<onVnodeUnmounted> ref=Ref< Proxy(Object) > > 
  at <RouterView> 
  at <App> @ http://localhost:5173/node_modules/.vite/deps/chunk-MYEHH3VS.js?v=cf2b15a6:2194
[  100189ms] [WARNING] [Vue warn]: Property "editingMessageIndex" was accessed during render but is not defined on instance. 
  at <ChatView onVnodeUnmounted=fn<onVnodeUnmounted> ref=Ref< Proxy(Object) > > 
  at <RouterView> 
  at <App> @ http://localhost:5173/node_modules/.vite/deps/chunk-MYEHH3VS.js?v=cf2b15a6:2194
[  100190ms] [WARNING] [Vue warn]: Property "editingMessageContent" was accessed during render but is not defined on instance. 
  at <ChatView onVnodeUnmounted=fn<onVnodeUnmounted> ref=Ref< Proxy(Object) > > 
  at <RouterView> 
  at <App> @ http://localhost:5173/node_modules/.vite/deps/chunk-MYEHH3VS.js?v=cf2b15a6:2194
[  100276ms] [WARNING] [Vue warn]: Property "editingMessageIndex" was accessed during render but is not defined on instance. 
  at <ChatView onVnodeUnmounted=fn<onVnodeUnmounted> ref=Ref< Proxy(Object) > > 
  at <RouterView> 
  at <App> @ http://localhost:5173/node_modules/.vite/deps/chunk-MYEHH3VS.js?v=cf2b15a6:2194
[  100276ms] [WARNING] [Vue warn]: Property "editingMessageContent" was accessed during render but is not defined on instance. 
  at <ChatView onVnodeUnmounted=fn<onVnodeUnmounted> ref=Ref< Proxy(Object) > > 
  at <RouterView> 
  at <App> @ http://localhost:5173/node_modules/.vite/deps/chunk-MYEHH3VS.js?v=cf2b15a6:2194
[  100276ms] [WARNING] [Vue warn]: Property "editingMessageIndex" was accessed during render but is not defined on instance. 
  at <ChatView onVnodeUnmounted=fn<onVnodeUnmounted> ref=Ref< Proxy(Object) > > 
  at <RouterView> 
  at <App> @ http://localhost:5173/node_modules/.vite/deps/chunk-MYEHH3VS.js?v=cf2b15a6:2194
[  100277ms] [WARNING] [Vue warn]: Property "editingMessageContent" was accessed during render but is not defined on instance. 
  at <ChatView onVnodeUnmounted=fn<onVnodeUnmounted> ref=Ref< Proxy(Object) > > 
  at <RouterView> 
  at <App> @ http://localhost:5173/node_modules/.vite/deps/chunk-MYEHH3VS.js?v=cf2b15a6:2194
[  100362ms] [WARNING] [Vue warn]: Property "editingMessageIndex" was accessed during render but is not defined on instance. 
  at <ChatView onVnodeUnmounted=fn<onVnodeUnmounted> ref=Ref< Proxy(Object) > > 
  at <RouterView> 
  at <App> @ http://localhost:5173/node_modules/.vite/deps/chunk-MYEHH3VS.js?v=cf2b15a6:2194
[  100363ms] [WARNING] [Vue warn]: Property "editingMessageContent" was accessed during render but is not defined on instance. 
  at <ChatView onVnodeUnmounted=fn<onVnodeUnmounted> ref=Ref< Proxy(Object) > > 
  at <RouterView> 
  at <App> @ http://localhost:5173/node_modules/.vite/deps/chunk-MYEHH3VS.js?v=cf2b15a6:2194
[  100363ms] [WARNING] [Vue warn]: Property "editingMessageIndex" was accessed during render but is not defined on instance. 
  at <ChatView onVnodeUnmounted=fn<onVnodeUnmounted> ref=Ref< Proxy(Object) > > 
  at <RouterView> 
  at <App> @ http://localhost:5173/node_modules/.vite/deps/chunk-MYEHH3VS.js?v=cf2b15a6:2194
[  100363ms] [WARNING] [Vue warn]: Property "editingMessageContent" was accessed during render but is not defined on instance. 
  at <ChatView onVnodeUnmounted=fn<onVnodeUnmounted> ref=Ref< Proxy(Object) > > 
  at <RouterView> 
  at <App> @ http://localhost:5173/node_modules/.vite/deps/chunk-MYEHH3VS.js?v=cf2b15a6:2194
[  100448ms] [WARNING] [Vue warn]: Property "editingMessageIndex" was accessed during render but is not defined on instance. 
  at <ChatView onVnodeUnmounted=fn<onVnodeUnmounted> ref=Ref< Proxy(Object) > > 
  at <RouterView> 
  at <App> @ http://localhost:5173/node_modules/.vite/deps/chunk-MYEHH3VS.js?v=cf2b15a6:2194
[  100449ms] [WARNING] [Vue warn]: Property "editingMessageContent" was accessed during render but is not defined on instance. 
  at <ChatView onVnodeUnmounted=fn<onVnodeUnmounted> ref=Ref< Proxy(Object) > > 
  at <RouterView> 
  at <App> @ http://localhost:5173/node_modules/.vite/deps/chunk-MYEHH3VS.js?v=cf2b15a6:2194
[  100449ms] [WARNING] [Vue warn]: Property "editingMessageIndex" was accessed during render but is not defined on instance. 
  at <ChatView onVnodeUnmounted=fn<onVnodeUnmounted> ref=Ref< Proxy(Object) > > 
  at <RouterView> 
  at <App> @ http://localhost:5173/node_modules/.vite/deps/chunk-MYEHH3VS.js?v=cf2b15a6:2194
[  100449ms] [WARNING] [Vue warn]: Property "editingMessageContent" was accessed during render but is not defined on instance. 
  at <ChatView onVnodeUnmounted=fn<onVnodeUnmounted> ref=Ref< Proxy(Object) > > 
  at <RouterView> 
  at <App> @ http://localhost:5173/node_modules/.vite/deps/chunk-MYEHH3VS.js?v=cf2b15a6:2194
[  100533ms] [WARNING] [Vue warn]: Property "editingMessageIndex" was accessed during render but is not defined on instance. 
  at <ChatView onVnodeUnmounted=fn<onVnodeUnmounted> ref=Ref< Proxy(Object) > > 
  at <RouterView> 
  at <App> @ http://localhost:5173/node_modules/.vite/deps/chunk-MYEHH3VS.js?v=cf2b15a6:2194
[  100534ms] [WARNING] [Vue warn]: Property "editingMessageContent" was accessed during render but is not defined on instance. 
  at <ChatView onVnodeUnmounted=fn<onVnodeUnmounted> ref=Ref< Proxy(Object) > > 
  at <RouterView> 
  at <App> @ http://localhost:5173/node_modules/.vite/deps/chunk-MYEHH3VS.js?v=cf2b15a6:2194
[  100535ms] [WARNING] [Vue warn]: Property "editingMessageIndex" was accessed during render but is not defined on instance. 
  at <ChatView onVnodeUnmounted=fn<onVnodeUnmounted> ref=Ref< Proxy(Object) > > 
  at <RouterView> 
  at <App> @ http://localhost:5173/node_modules/.vite/deps/chunk-MYEHH3VS.js?v=cf2b15a6:2194
[  100536ms] [WARNING] [Vue warn]: Property "editingMessageContent" was accessed during render but is not defined on instance. 
  at <ChatView onVnodeUnmounted=fn<onVnodeUnmounted> ref=Ref< Proxy(Object) > > 
  at <RouterView> 
  at <App> @ http://localhost:5173/node_modules/.vite/deps/chunk-MYEHH3VS.js?v=cf2b15a6:2194
[  100618ms] [WARNING] [Vue warn]: Property "editingMessageIndex" was accessed during render but is not defined on instance. 
  at <ChatView onVnodeUnmounted=fn<onVnodeUnmounted> ref=Ref< Proxy(Object) > > 
  at <RouterView> 
  at <App> @ http://localhost:5173/node_modules/.vite/deps/chunk-MYEHH3VS.js?v=cf2b15a6:2194
[  100618ms] [WARNING] [Vue warn]: Property "editingMessageContent" was accessed during render but is not defined on instance. 
  at <ChatView onVnodeUnmounted=fn<onVnodeUnmounted> ref=Ref< Proxy(Object) > > 
  at <RouterView> 
  at <App> @ http://localhost:5173/node_modules/.vite/deps/chunk-MYEHH3VS.js?v=cf2b15a6:2194
[  100618ms] [WARNING] [Vue warn]: Property "editingMessageIndex" was accessed during render but is not defined on instance. 
  at <ChatView onVnodeUnmounted=fn<onVnodeUnmounted> ref=Ref< Proxy(Object) > > 
  at <RouterView> 
  at <App> @ http://localhost:5173/node_modules/.vite/deps/chunk-MYEHH3VS.js?v=cf2b15a6:2194
[  100619ms] [WARNING] [Vue warn]: Property "editingMessageContent" was accessed during render but is not defined on instance. 
  at <ChatView onVnodeUnmounted=fn<onVnodeUnmounted> ref=Ref< Proxy(Object) > > 
  at <RouterView> 
  at <App> @ http://localhost:5173/node_modules/.vite/deps/chunk-MYEHH3VS.js?v=cf2b15a6:2194
[  100702ms] [WARNING] [Vue warn]: Property "editingMessageIndex" was accessed during render but is not defined on instance. 
  at <ChatView onVnodeUnmounted=fn<onVnodeUnmounted> ref=Ref< Proxy(Object) > > 
  at <RouterView> 
  at <App> @ http://localhost:5173/node_modules/.vite/deps/chunk-MYEHH3VS.js?v=cf2b15a6:2194
[  100702ms] [WARNING] [Vue warn]: Property "editingMessageContent" was accessed during render but is not defined on instance. 
  at <ChatView onVnodeUnmounted=fn<onVnodeUnmounted> ref=Ref< Proxy(Object) > > 
  at <RouterView> 
  at <App> @ http://localhost:5173/node_modules/.vite/deps/chunk-MYEHH3VS.js?v=cf2b15a6:2194
[  100703ms] [WARNING] [Vue warn]: Property "editingMessageIndex" was accessed during render but is not defined on instance. 
  at <ChatView onVnodeUnmounted=fn<onVnodeUnmounted> ref=Ref< Proxy(Object) > > 
  at <RouterView> 
  at <App> @ http://localhost:5173/node_modules/.vite/deps/chunk-MYEHH3VS.js?v=cf2b15a6:2194
[  100703ms] [WARNING] [Vue warn]: Property "editingMessageContent" was accessed during render but is not defined on instance. 
  at <ChatView onVnodeUnmounted=fn<onVnodeUnmounted> ref=Ref< Proxy(Object) > > 
  at <RouterView> 
  at <App> @ http://localhost:5173/node_modules/.vite/deps/chunk-MYEHH3VS.js?v=cf2b15a6:2194
[  100791ms] [WARNING] [Vue warn]: Property "editingMessageIndex" was accessed during render but is not defined on instance. 
  at <ChatView onVnodeUnmounted=fn<onVnodeUnmounted> ref=Ref< Proxy(Object) > > 
  at <RouterView> 
  at <App> @ http://localhost:5173/node_modules/.vite/deps/chunk-MYEHH3VS.js?v=cf2b15a6:2194
[  100791ms] [WARNING] [Vue warn]: Property "editingMessageContent" was accessed during render but is not defined on instance. 
  at <ChatView onVnodeUnmounted=fn<onVnodeUnmounted> ref=Ref< Proxy(Object) > > 
  at <RouterView> 
  at <App> @ http://localhost:5173/node_modules/.vite/deps/chunk-MYEHH3VS.js?v=cf2b15a6:2194
[  100792ms] [WARNING] [Vue warn]: Property "editingMessageIndex" was accessed during render but is not defined on instance. 
  at <ChatView onVnodeUnmounted=fn<onVnodeUnmounted> ref=Ref< Proxy(Object) > > 
  at <RouterView> 
  at <App> @ http://localhost:5173/node_modules/.vite/deps/chunk-MYEHH3VS.js?v=cf2b15a6:2194
[  100793ms] [WARNING] [Vue warn]: Property "editingMessageContent" was accessed during render but is not defined on instance. 
  at <ChatView onVnodeUnmounted=fn<onVnodeUnmounted> ref=Ref< Proxy(Object) > > 
  at <RouterView> 
  at <App> @ http://localhost:5173/node_modules/.vite/deps/chunk-MYEHH3VS.js?v=cf2b15a6:2194
[  100877ms] [WARNING] [Vue warn]: Property "editingMessageIndex" was accessed during render but is not defined on instance. 
  at <ChatView onVnodeUnmounted=fn<onVnodeUnmounted> ref=Ref< Proxy(Object) > > 
  at <RouterView> 
  at <App> @ http://localhost:5173/node_modules/.vite/deps/chunk-MYEHH3VS.js?v=cf2b15a6:2194
[  100877ms] [WARNING] [Vue warn]: Property "editingMessageContent" was accessed during render but is not defined on instance. 
  at <ChatView onVnodeUnmounted=fn<onVnodeUnmounted> ref=Ref< Proxy(Object) > > 
  at <RouterView> 
  at <App> @ http://localhost:5173/node_modules/.vite/deps/chunk-MYEHH3VS.js?v=cf2b15a6:2194
[  100878ms] [WARNING] [Vue warn]: Property "editingMessageIndex" was accessed during render but is not defined on instance. 
  at <ChatView onVnodeUnmounted=fn<onVnodeUnmounted> ref=Ref< Proxy(Object) > > 
  at <RouterView> 
  at <App> @ http://localhost:5173/node_modules/.vite/deps/chunk-MYEHH3VS.js?v=cf2b15a6:2194
[  100878ms] [WARNING] [Vue warn]: Property "editingMessageContent" was accessed during render but is not defined on instance. 
  at <ChatView onVnodeUnmounted=fn<onVnodeUnmounted> ref=Ref< Proxy(Object) > > 
  at <RouterView> 
  at <App> @ http://localhost:5173/node_modules/.vite/deps/chunk-MYEHH3VS.js?v=cf2b15a6:2194
[  100965ms] [WARNING] [Vue warn]: Property "editingMessageIndex" was accessed during render but is not defined on instance. 
  at <ChatView onVnodeUnmounted=fn<onVnodeUnmounted> ref=Ref< Proxy(Object) > > 
  at <RouterView> 
  at <App> @ http://localhost:5173/node_modules/.vite/deps/chunk-MYEHH3VS.js?v=cf2b15a6:2194
[  100965ms] [WARNING] [Vue warn]: Property "editingMessageContent" was accessed during render but is not defined on instance. 
  at <ChatView onVnodeUnmounted=fn<onVnodeUnmounted> ref=Ref< Proxy(Object) > > 
  at <RouterView> 
  at <App> @ http://localhost:5173/node_modules/.vite/deps/chunk-MYEHH3VS.js?v=cf2b15a6:2194
[  100965ms] [WARNING] [Vue warn]: Property "editingMessageIndex" was accessed during render but is not defined on instance. 
  at <ChatView onVnodeUnmounted=fn<onVnodeUnmounted> ref=Ref< Proxy(Object) > > 
  at <RouterView> 
  at <App> @ http://localhost:5173/node_modules/.vite/deps/chunk-MYEHH3VS.js?v=cf2b15a6:2194
[  100966ms] [WARNING] [Vue warn]: Property "editingMessageContent" was accessed during render but is not defined on instance. 
  at <ChatView onVnodeUnmounted=fn<onVnodeUnmounted> ref=Ref< Proxy(Object) > > 
  at <RouterView> 
  at <App> @ http://localhost:5173/node_modules/.vite/deps/chunk-MYEHH3VS.js?v=cf2b15a6:2194
[  101049ms] [WARNING] [Vue warn]: Property "editingMessageIndex" was accessed during render but is not defined on instance. 
  at <ChatView onVnodeUnmounted=fn<onVnodeUnmounted> ref=Ref< Proxy(Object) > > 
  at <RouterView> 
  at <App> @ http://localhost:5173/node_modules/.vite/deps/chunk-MYEHH3VS.js?v=cf2b15a6:2194
[  101050ms] [WARNING] [Vue warn]: Property "editingMessageContent" was accessed during render but is not defined on instance. 
  at <ChatView onVnodeUnmounted=fn<onVnodeUnmounted> ref=Ref< Proxy(Object) > > 
  at <RouterView> 
  at <App> @ http://localhost:5173/node_modules/.vite/deps/chunk-MYEHH3VS.js?v=cf2b15a6:2194
[  101050ms] [WARNING] [Vue warn]: Property "editingMessageIndex" was accessed during render but is not defined on instance. 
  at <ChatView onVnodeUnmounted=fn<onVnodeUnmounted> ref=Ref< Proxy(Object) > > 
  at <RouterView> 
  at <App> @ http://localhost:5173/node_modules/.vite/deps/chunk-MYEHH3VS.js?v=cf2b15a6:2194
[  101051ms] [WARNING] [Vue warn]: Property "editingMessageContent" was accessed during render but is not defined on instance. 
  at <ChatView onVnodeUnmounted=fn<onVnodeUnmounted> ref=Ref< Proxy(Object) > > 
  at <RouterView> 
  at <App> @ http://localhost:5173/node_modules/.vite/deps/chunk-MYEHH3VS.js?v=cf2b15a6:2194
[  101129ms] [WARNING] [Vue warn]: Property "editingMessageIndex" was accessed during render but is not defined on instance. 
  at <ChatView onVnodeUnmounted=fn<onVnodeUnmounted> ref=Ref< Proxy(Object) > > 
  at <RouterView> 
  at <App> @ http://localhost:5173/node_modules/.vite/deps/chunk-MYEHH3VS.js?v=cf2b15a6:2194
[  101130ms] [WARNING] [Vue warn]: Property "editingMessageContent" was accessed during render but is not defined on instance. 
  at <ChatView onVnodeUnmounted=fn<onVnodeUnmounted> ref=Ref< Proxy(Object) > > 
  at <RouterView> 
  at <App> @ http://localhost:5173/node_modules/.vite/deps/chunk-MYEHH3VS.js?v=cf2b15a6:2194
[  101130ms] [WARNING] [Vue warn]: Property "editingMessageIndex" was accessed during render but is not defined on instance. 
  at <ChatView onVnodeUnmounted=fn<onVnodeUnmounted> ref=Ref< Proxy(Object) > > 
  at <RouterView> 
  at <App> @ http://localhost:5173/node_modules/.vite/deps/chunk-MYEHH3VS.js?v=cf2b15a6:2194
[  101131ms] [WARNING] [Vue warn]: Property "editingMessageContent" was accessed during render but is not defined on instance. 
  at <ChatView onVnodeUnmounted=fn<onVnodeUnmounted> ref=Ref< Proxy(Object) > > 
  at <RouterView> 
  at <App> @ http://localhost:5173/node_modules/.vite/deps/chunk-MYEHH3VS.js?v=cf2b15a6:2194
[  101212ms] [WARNING] [Vue warn]: Property "editingMessageIndex" was accessed during render but is not defined on instance. 
  at <ChatView onVnodeUnmounted=fn<onVnodeUnmounted> ref=Ref< Proxy(Object) > > 
  at <RouterView> 
  at <App> @ http://localhost:5173/node_modules/.vite/deps/chunk-MYEHH3VS.js?v=cf2b15a6:2194
[  101213ms] [WARNING] [Vue warn]: Property "editingMessageContent" was accessed during render but is not defined on instance. 
  at <ChatView onVnodeUnmounted=fn<onVnodeUnmounted> ref=Ref< Proxy(Object) > > 
  at <RouterView> 
  at <App> @ http://localhost:5173/node_modules/.vite/deps/chunk-MYEHH3VS.js?v=cf2b15a6:2194
[  101213ms] [WARNING] [Vue warn]: Property "editingMessageIndex" was accessed during render but is not defined on instance. 
  at <ChatView onVnodeUnmounted=fn<onVnodeUnmounted> ref=Ref< Proxy(Object) > > 
  at <RouterView> 
  at <App> @ http://localhost:5173/node_modules/.vite/deps/chunk-MYEHH3VS.js?v=cf2b15a6:2194
[  101213ms] [WARNING] [Vue warn]: Property "editingMessageContent" was accessed during render but is not defined on instance. 
  at <ChatView onVnodeUnmounted=fn<onVnodeUnmounted> ref=Ref< Proxy(Object) > > 
  at <RouterView> 
  at <App> @ http://localhost:5173/node_modules/.vite/deps/chunk-MYEHH3VS.js?v=cf2b15a6:2194
[  101301ms] [WARNING] [Vue warn]: Property "editingMessageIndex" was accessed during render but is not defined on instance. 
  at <ChatView onVnodeUnmounted=fn<onVnodeUnmounted> ref=Ref< Proxy(Object) > > 
  at <RouterView> 
  at <App> @ http://localhost:5173/node_modules/.vite/deps/chunk-MYEHH3VS.js?v=cf2b15a6:2194
[  101301ms] [WARNING] [Vue warn]: Property "editingMessageContent" was accessed during render but is not defined on instance. 
  at <ChatView onVnodeUnmounted=fn<onVnodeUnmounted> ref=Ref< Proxy(Object) > > 
  at <RouterView> 
  at <App> @ http://localhost:5173/node_modules/.vite/deps/chunk-MYEHH3VS.js?v=cf2b15a6:2194
[  101302ms] [WARNING] [Vue warn]: Property "editingMessageIndex" was accessed during render but is not defined on instance. 
  at <ChatView onVnodeUnmounted=fn<onVnodeUnmounted> ref=Ref< Proxy(Object) > > 
  at <RouterView> 
  at <App> @ http://localhost:5173/node_modules/.vite/deps/chunk-MYEHH3VS.js?v=cf2b15a6:2194
[  101302ms] [WARNING] [Vue warn]: Property "editingMessageContent" was accessed during render but is not defined on instance. 
  at <ChatView onVnodeUnmounted=fn<onVnodeUnmounted> ref=Ref< Proxy(Object) > > 
  at <RouterView> 
  at <App> @ http://localhost:5173/node_modules/.vite/deps/chunk-MYEHH3VS.js?v=cf2b15a6:2194
[  101386ms] [WARNING] [Vue warn]: Property "editingMessageIndex" was accessed during render but is not defined on instance. 
  at <ChatView onVnodeUnmounted=fn<onVnodeUnmounted> ref=Ref< Proxy(Object) > > 
  at <RouterView> 
  at <App> @ http://localhost:5173/node_modules/.vite/deps/chunk-MYEHH3VS.js?v=cf2b15a6:2194
[  101386ms] [WARNING] [Vue warn]: Property "editingMessageContent" was accessed during render but is not defined on instance. 
  at <ChatView onVnodeUnmounted=fn<onVnodeUnmounted> ref=Ref< Proxy(Object) > > 
  at <RouterView> 
  at <App> @ http://localhost:5173/node_modules/.vite/deps/chunk-MYEHH3VS.js?v=cf2b15a6:2194
[  101387ms] [WARNING] [Vue warn]: Property "editingMessageIndex" was accessed during render but is not defined on instance. 
  at <ChatView onVnodeUnmounted=fn<onVnodeUnmounted> ref=Ref< Proxy(Object) > > 
  at <RouterView> 
  at <App> @ http://localhost:5173/node_modules/.vite/deps/chunk-MYEHH3VS.js?v=cf2b15a6:2194
[  101387ms] [WARNING] [Vue warn]: Property "editingMessageContent" was accessed during render but is not defined on instance. 
  at <ChatView onVnodeUnmounted=fn<onVnodeUnmounted> ref=Ref< Proxy(Object) > > 
  at <RouterView> 
  at <App> @ http://localhost:5173/node_modules/.vite/deps/chunk-MYEHH3VS.js?v=cf2b15a6:2194
[  101470ms] [WARNING] [Vue warn]: Property "editingMessageIndex" was accessed during render but is not defined on instance. 
  at <ChatView onVnodeUnmounted=fn<onVnodeUnmounted> ref=Ref< Proxy(Object) > > 
  at <RouterView> 
  at <App> @ http://localhost:5173/node_modules/.vite/deps/chunk-MYEHH3VS.js?v=cf2b15a6:2194
[  101470ms] [WARNING] [Vue warn]: Property "editingMessageContent" was accessed during render but is not defined on instance. 
  at <ChatView onVnodeUnmounted=fn<onVnodeUnmounted> ref=Ref< Proxy(Object) > > 
  at <RouterView> 
  at <App> @ http://localhost:5173/node_modules/.vite/deps/chunk-MYEHH3VS.js?v=cf2b15a6:2194
[  101471ms] [WARNING] [Vue warn]: Property "editingMessageIndex" was accessed during render but is not defined on instance. 
  at <ChatView onVnodeUnmounted=fn<onVnodeUnmounted> ref=Ref< Proxy(Object) > > 
  at <RouterView> 
  at <App> @ http://localhost:5173/node_modules/.vite/deps/chunk-MYEHH3VS.js?v=cf2b15a6:2194
[  101471ms] [WARNING] [Vue warn]: Property "editingMessageContent" was accessed during render but is not defined on instance. 
  at <ChatView onVnodeUnmounted=fn<onVnodeUnmounted> ref=Ref< Proxy(Object) > > 
  at <RouterView> 
  at <App> @ http://localhost:5173/node_modules/.vite/deps/chunk-MYEHH3VS.js?v=cf2b15a6:2194
[  101559ms] [WARNING] [Vue warn]: Property "editingMessageIndex" was accessed during render but is not defined on instance. 
  at <ChatView onVnodeUnmounted=fn<onVnodeUnmounted> ref=Ref< Proxy(Object) > > 
  at <RouterView> 
  at <App> @ http://localhost:5173/node_modules/.vite/deps/chunk-MYEHH3VS.js?v=cf2b15a6:2194
[  101560ms] [WARNING] [Vue warn]: Property "editingMessageContent" was accessed during render but is not defined on instance. 
  at <ChatView onVnodeUnmounted=fn<onVnodeUnmounted> ref=Ref< Proxy(Object) > > 
  at <RouterView> 
  at <App> @ http://localhost:5173/node_modules/.vite/deps/chunk-MYEHH3VS.js?v=cf2b15a6:2194
[  101560ms] [WARNING] [Vue warn]: Property "editingMessageIndex" was accessed during render but is not defined on instance. 
  at <ChatView onVnodeUnmounted=fn<onVnodeUnmounted> ref=Ref< Proxy(Object) > > 
  at <RouterView> 
  at <App> @ http://localhost:5173/node_modules/.vite/deps/chunk-MYEHH3VS.js?v=cf2b15a6:2194
[  101560ms] [WARNING] [Vue warn]: Property "editingMessageContent" was accessed during render but is not defined on instance. 
  at <ChatView onVnodeUnmounted=fn<onVnodeUnmounted> ref=Ref< Proxy(Object) > > 
  at <RouterView> 
  at <App> @ http://localhost:5173/node_modules/.vite/deps/chunk-MYEHH3VS.js?v=cf2b15a6:2194
[  101644ms] [WARNING] [Vue warn]: Property "editingMessageIndex" was accessed during render but is not defined on instance. 
  at <ChatView onVnodeUnmounted=fn<onVnodeUnmounted> ref=Ref< Proxy(Object) > > 
  at <RouterView> 
  at <App> @ http://localhost:5173/node_modules/.vite/deps/chunk-MYEHH3VS.js?v=cf2b15a6:2194
[  101644ms] [WARNING] [Vue warn]: Property "editingMessageContent" was accessed during render but is not defined on instance. 
  at <ChatView onVnodeUnmounted=fn<onVnodeUnmounted> ref=Ref< Proxy(Object) > > 
  at <RouterView> 
  at <App> @ http://localhost:5173/node_modules/.vite/deps/chunk-MYEHH3VS.js?v=cf2b15a6:2194
[  101644ms] [WARNING] [Vue warn]: Property "editingMessageIndex" was accessed during render but is not defined on instance. 
  at <ChatView onVnodeUnmounted=fn<onVnodeUnmounted> ref=Ref< Proxy(Object) > > 
  at <RouterView> 
  at <App> @ http://localhost:5173/node_modules/.vite/deps/chunk-MYEHH3VS.js?v=cf2b15a6:2194
[  101645ms] [WARNING] [Vue warn]: Property "editingMessageContent" was accessed during render but is not defined on instance. 
  at <ChatView onVnodeUnmounted=fn<onVnodeUnmounted> ref=Ref< Proxy(Object) > > 
  at <RouterView> 
  at <App> @ http://localhost:5173/node_modules/.vite/deps/chunk-MYEHH3VS.js?v=cf2b15a6:2194
[  101729ms] [WARNING] [Vue warn]: Property "editingMessageIndex" was accessed during render but is not defined on instance. 
  at <ChatView onVnodeUnmounted=fn<onVnodeUnmounted> ref=Ref< Proxy(Object) > > 
  at <RouterView> 
  at <App> @ http://localhost:5173/node_modules/.vite/deps/chunk-MYEHH3VS.js?v=cf2b15a6:2194
[  101730ms] [WARNING] [Vue warn]: Property "editingMessageContent" was accessed during render but is not defined on instance. 
  at <ChatView onVnodeUnmounted=fn<onVnodeUnmounted> ref=Ref< Proxy(Object) > > 
  at <RouterView> 
  at <App> @ http://localhost:5173/node_modules/.vite/deps/chunk-MYEHH3VS.js?v=cf2b15a6:2194
[  101730ms] [WARNING] [Vue warn]: Property "editingMessageIndex" was accessed during render but is not defined on instance. 
  at <ChatView onVnodeUnmounted=fn<onVnodeUnmounted> ref=Ref< Proxy(Object) > > 
  at <RouterView> 
  at <App> @ http://localhost:5173/node_modules/.vite/deps/chunk-MYEHH3VS.js?v=cf2b15a6:2194
[  101731ms] [WARNING] [Vue warn]: Property "editingMessageContent" was accessed during render but is not defined on instance. 
  at <ChatView onVnodeUnmounted=fn<onVnodeUnmounted> ref=Ref< Proxy(Object) > > 
  at <RouterView> 
  at <App> @ http://localhost:5173/node_modules/.vite/deps/chunk-MYEHH3VS.js?v=cf2b15a6:2194
[  101815ms] [WARNING] [Vue warn]: Property "editingMessageIndex" was accessed during render but is not defined on instance. 
  at <ChatView onVnodeUnmounted=fn<onVnodeUnmounted> ref=Ref< Proxy(Object) > > 
  at <RouterView> 
  at <App> @ http://localhost:5173/node_modules/.vite/deps/chunk-MYEHH3VS.js?v=cf2b15a6:2194
[  101815ms] [WARNING] [Vue warn]: Property "editingMessageContent" was accessed during render but is not defined on instance. 
  at <ChatView onVnodeUnmounted=fn<onVnodeUnmounted> ref=Ref< Proxy(Object) > > 
  at <RouterView> 
  at <App> @ http://localhost:5173/node_modules/.vite/deps/chunk-MYEHH3VS.js?v=cf2b15a6:2194
[  101816ms] [WARNING] [Vue warn]: Property "editingMessageIndex" was accessed during render but is not defined on instance. 
  at <ChatView onVnodeUnmounted=fn<onVnodeUnmounted> ref=Ref< Proxy(Object) > > 
  at <RouterView> 
  at <App> @ http://localhost:5173/node_modules/.vite/deps/chunk-MYEHH3VS.js?v=cf2b15a6:2194
[  101816ms] [WARNING] [Vue warn]: Property "editingMessageContent" was accessed during render but is not defined on instance. 
  at <ChatView onVnodeUnmounted=fn<onVnodeUnmounted> ref=Ref< Proxy(Object) > > 
  at <RouterView> 
  at <App> @ http://localhost:5173/node_modules/.vite/deps/chunk-MYEHH3VS.js?v=cf2b15a6:2194
[  101903ms] [WARNING] [Vue warn]: Property "editingMessageIndex" was accessed during render but is not defined on instance. 
  at <ChatView onVnodeUnmounted=fn<onVnodeUnmounted> ref=Ref< Proxy(Object) > > 
  at <RouterView> 
  at <App> @ http://localhost:5173/node_modules/.vite/deps/chunk-MYEHH3VS.js?v=cf2b15a6:2194
[  101903ms] [WARNING] [Vue warn]: Property "editingMessageContent" was accessed during render but is not defined on instance. 
  at <ChatView onVnodeUnmounted=fn<onVnodeUnmounted> ref=Ref< Proxy(Object) > > 
  at <RouterView> 
  at <App> @ http://localhost:5173/node_modules/.vite/deps/chunk-MYEHH3VS.js?v=cf2b15a6:2194
[  101904ms] [WARNING] [Vue warn]: Property "editingMessageIndex" was accessed during render but is not defined on instance. 
  at <ChatView onVnodeUnmounted=fn<onVnodeUnmounted> ref=Ref< Proxy(Object) > > 
  at <RouterView> 
  at <App> @ http://localhost:5173/node_modules/.vite/deps/chunk-MYEHH3VS.js?v=cf2b15a6:2194
[  101904ms] [WARNING] [Vue warn]: Property "editingMessageContent" was accessed during render but is not defined on instance. 
  at <ChatView onVnodeUnmounted=fn<onVnodeUnmounted> ref=Ref< Proxy(Object) > > 
  at <RouterView> 
  at <App> @ http://localhost:5173/node_modules/.vite/deps/chunk-MYEHH3VS.js?v=cf2b15a6:2194
[  101989ms] [WARNING] [Vue warn]: Property "editingMessageIndex" was accessed during render but is not defined on instance. 
  at <ChatView onVnodeUnmounted=fn<onVnodeUnmounted> ref=Ref< Proxy(Object) > > 
  at <RouterView> 
  at <App> @ http://localhost:5173/node_modules/.vite/deps/chunk-MYEHH3VS.js?v=cf2b15a6:2194
[  101989ms] [WARNING] [Vue warn]: Property "editingMessageContent" was accessed during render but is not defined on instance. 
  at <ChatView onVnodeUnmounted=fn<onVnodeUnmounted> ref=Ref< Proxy(Object) > > 
  at <RouterView> 
  at <App> @ http://localhost:5173/node_modules/.vite/deps/chunk-MYEHH3VS.js?v=cf2b15a6:2194
[  101989ms] [WARNING] [Vue warn]: Property "editingMessageIndex" was accessed during render but is not defined on instance. 
  at <ChatView onVnodeUnmounted=fn<onVnodeUnmounted> ref=Ref< Proxy(Object) > > 
  at <RouterView> 
  at <App> @ http://localhost:5173/node_modules/.vite/deps/chunk-MYEHH3VS.js?v=cf2b15a6:2194
[  101990ms] [WARNING] [Vue warn]: Property "editingMessageContent" was accessed during render but is not defined on instance. 
  at <ChatView onVnodeUnmounted=fn<onVnodeUnmounted> ref=Ref< Proxy(Object) > > 
  at <RouterView> 
  at <App> @ http://localhost:5173/node_modules/.vite/deps/chunk-MYEHH3VS.js?v=cf2b15a6:2194
[  102077ms] [WARNING] [Vue warn]: Property "editingMessageIndex" was accessed during render but is not defined on instance. 
  at <ChatView onVnodeUnmounted=fn<onVnodeUnmounted> ref=Ref< Proxy(Object) > > 
  at <RouterView> 
  at <App> @ http://localhost:5173/node_modules/.vite/deps/chunk-MYEHH3VS.js?v=cf2b15a6:2194
[  102077ms] [WARNING] [Vue warn]: Property "editingMessageContent" was accessed during render but is not defined on instance. 
  at <ChatView onVnodeUnmounted=fn<onVnodeUnmounted> ref=Ref< Proxy(Object) > > 
  at <RouterView> 
  at <App> @ http://localhost:5173/node_modules/.vite/deps/chunk-MYEHH3VS.js?v=cf2b15a6:2194
[  102078ms] [WARNING] [Vue warn]: Property "editingMessageIndex" was accessed during render but is not defined on instance. 
  at <ChatView onVnodeUnmounted=fn<onVnodeUnmounted> ref=Ref< Proxy(Object) > > 
  at <RouterView> 
  at <App> @ http://localhost:5173/node_modules/.vite/deps/chunk-MYEHH3VS.js?v=cf2b15a6:2194
[  102079ms] [WARNING] [Vue warn]: Property "editingMessageContent" was accessed during render but is not defined on instance. 
  at <ChatView onVnodeUnmounted=fn<onVnodeUnmounted> ref=Ref< Proxy(Object) > > 
  at <RouterView> 
  at <App> @ http://localhost:5173/node_modules/.vite/deps/chunk-MYEHH3VS.js?v=cf2b15a6:2194
[  102166ms] [WARNING] [Vue warn]: Property "editingMessageIndex" was accessed during render but is not defined on instance. 
  at <ChatView onVnodeUnmounted=fn<onVnodeUnmounted> ref=Ref< Proxy(Object) > > 
  at <RouterView> 
  at <App> @ http://localhost:5173/node_modules/.vite/deps/chunk-MYEHH3VS.js?v=cf2b15a6:2194
[  102167ms] [WARNING] [Vue warn]: Property "editingMessageContent" was accessed during render but is not defined on instance. 
  at <ChatView onVnodeUnmounted=fn<onVnodeUnmounted> ref=Ref< Proxy(Object) > > 
  at <RouterView> 
  at <App> @ http://localhost:5173/node_modules/.vite/deps/chunk-MYEHH3VS.js?v=cf2b15a6:2194
[  102167ms] [WARNING] [Vue warn]: Property "editingMessageIndex" was accessed during render but is not defined on instance. 
  at <ChatView onVnodeUnmounted=fn<onVnodeUnmounted> ref=Ref< Proxy(Object) > > 
  at <RouterView> 
  at <App> @ http://localhost:5173/node_modules/.vite/deps/chunk-MYEHH3VS.js?v=cf2b15a6:2194
[  102167ms] [WARNING] [Vue warn]: Property "editingMessageContent" was accessed during render but is not defined on instance. 
  at <ChatView onVnodeUnmounted=fn<onVnodeUnmounted> ref=Ref< Proxy(Object) > > 
  at <RouterView> 
  at <App> @ http://localhost:5173/node_modules/.vite/deps/chunk-MYEHH3VS.js?v=cf2b15a6:2194
[  102337ms] [WARNING] [Vue warn]: Property "editingMessageIndex" was accessed during render but is not defined on instance. 
  at <ChatView onVnodeUnmounted=fn<onVnodeUnmounted> ref=Ref< Proxy(Object) > > 
  at <RouterView> 
  at <App> @ http://localhost:5173/node_modules/.vite/deps/chunk-MYEHH3VS.js?v=cf2b15a6:2194
[  102338ms] [WARNING] [Vue warn]: Property "editingMessageContent" was accessed during render but is not defined on instance. 
  at <ChatView onVnodeUnmounted=fn<onVnodeUnmounted> ref=Ref< Proxy(Object) > > 
  at <RouterView> 
  at <App> @ http://localhost:5173/node_modules/.vite/deps/chunk-MYEHH3VS.js?v=cf2b15a6:2194
[  102338ms] [WARNING] [Vue warn]: Property "editingMessageIndex" was accessed during render but is not defined on instance. 
  at <ChatView onVnodeUnmounted=fn<onVnodeUnmounted> ref=Ref< Proxy(Object) > > 
  at <RouterView> 
  at <App> @ http://localhost:5173/node_modules/.vite/deps/chunk-MYEHH3VS.js?v=cf2b15a6:2194
[  102338ms] [WARNING] [Vue warn]: Property "editingMessageContent" was accessed during render but is not defined on instance. 
  at <ChatView onVnodeUnmounted=fn<onVnodeUnmounted> ref=Ref< Proxy(Object) > > 
  at <RouterView> 
  at <App> @ http://localhost:5173/node_modules/.vite/deps/chunk-MYEHH3VS.js?v=cf2b15a6:2194
[  102425ms] [WARNING] [Vue warn]: Property "editingMessageIndex" was accessed during render but is not defined on instance. 
  at <ChatView onVnodeUnmounted=fn<onVnodeUnmounted> ref=Ref< Proxy(Object) > > 
  at <RouterView> 
  at <App> @ http://localhost:5173/node_modules/.vite/deps/chunk-MYEHH3VS.js?v=cf2b15a6:2194
[  102426ms] [WARNING] [Vue warn]: Property "editingMessageContent" was accessed during render but is not defined on instance. 
  at <ChatView onVnodeUnmounted=fn<onVnodeUnmounted> ref=Ref< Proxy(Object) > > 
  at <RouterView> 
  at <App> @ http://localhost:5173/node_modules/.vite/deps/chunk-MYEHH3VS.js?v=cf2b15a6:2194
[  102427ms] [WARNING] [Vue warn]: Property "editingMessageIndex" was accessed during render but is not defined on instance. 
  at <ChatView onVnodeUnmounted=fn<onVnodeUnmounted> ref=Ref< Proxy(Object) > > 
  at <RouterView> 
  at <App> @ http://localhost:5173/node_modules/.vite/deps/chunk-MYEHH3VS.js?v=cf2b15a6:2194
[  102427ms] [WARNING] [Vue warn]: Property "editingMessageContent" was accessed during render but is not defined on instance. 
  at <ChatView onVnodeUnmounted=fn<onVnodeUnmounted> ref=Ref< Proxy(Object) > > 
  at <RouterView> 
  at <App> @ http://localhost:5173/node_modules/.vite/deps/chunk-MYEHH3VS.js?v=cf2b15a6:2194
[  102520ms] [WARNING] [Vue warn]: Property "editingMessageIndex" was accessed during render but is not defined on instance. 
  at <ChatView onVnodeUnmounted=fn<onVnodeUnmounted> ref=Ref< Proxy(Object) > > 
  at <RouterView> 
  at <App> @ http://localhost:5173/node_modules/.vite/deps/chunk-MYEHH3VS.js?v=cf2b15a6:2194
[  102521ms] [WARNING] [Vue warn]: Property "editingMessageContent" was accessed during render but is not defined on instance. 
  at <ChatView onVnodeUnmounted=fn<onVnodeUnmounted> ref=Ref< Proxy(Object) > > 
  at <RouterView> 
  at <App> @ http://localhost:5173/node_modules/.vite/deps/chunk-MYEHH3VS.js?v=cf2b15a6:2194
[  102521ms] [WARNING] [Vue warn]: Property "editingMessageIndex" was accessed during render but is not defined on instance. 
  at <ChatView onVnodeUnmounted=fn<onVnodeUnmounted> ref=Ref< Proxy(Object) > > 
  at <RouterView> 
  at <App> @ http://localhost:5173/node_modules/.vite/deps/chunk-MYEHH3VS.js?v=cf2b15a6:2194
[  102522ms] [WARNING] [Vue warn]: Property "editingMessageContent" was accessed during render but is not defined on instance. 
  at <ChatView onVnodeUnmounted=fn<onVnodeUnmounted> ref=Ref< Proxy(Object) > > 
  at <RouterView> 
  at <App> @ http://localhost:5173/node_modules/.vite/deps/chunk-MYEHH3VS.js?v=cf2b15a6:2194
[  102609ms] [WARNING] [Vue warn]: Property "editingMessageIndex" was accessed during render but is not defined on instance. 
  at <ChatView onVnodeUnmounted=fn<onVnodeUnmounted> ref=Ref< Proxy(Object) > > 
  at <RouterView> 
  at <App> @ http://localhost:5173/node_modules/.vite/deps/chunk-MYEHH3VS.js?v=cf2b15a6:2194
[  102609ms] [WARNING] [Vue warn]: Property "editingMessageContent" was accessed during render but is not defined on instance. 
  at <ChatView onVnodeUnmounted=fn<onVnodeUnmounted> ref=Ref< Proxy(Object) > > 
  at <RouterView> 
  at <App> @ http://localhost:5173/node_modules/.vite/deps/chunk-MYEHH3VS.js?v=cf2b15a6:2194
[  102610ms] [WARNING] [Vue warn]: Property "editingMessageIndex" was accessed during render but is not defined on instance. 
  at <ChatView onVnodeUnmounted=fn<onVnodeUnmounted> ref=Ref< Proxy(Object) > > 
  at <RouterView> 
  at <App> @ http://localhost:5173/node_modules/.vite/deps/chunk-MYEHH3VS.js?v=cf2b15a6:2194
[  102610ms] [WARNING] [Vue warn]: Property "editingMessageContent" was accessed during render but is not defined on instance. 
  at <ChatView onVnodeUnmounted=fn<onVnodeUnmounted> ref=Ref< Proxy(Object) > > 
  at <RouterView> 
  at <App> @ http://localhost:5173/node_modules/.vite/deps/chunk-MYEHH3VS.js?v=cf2b15a6:2194
[  102698ms] [WARNING] [Vue warn]: Property "editingMessageIndex" was accessed during render but is not defined on instance. 
  at <ChatView onVnodeUnmounted=fn<onVnodeUnmounted> ref=Ref< Proxy(Object) > > 
  at <RouterView> 
  at <App> @ http://localhost:5173/node_modules/.vite/deps/chunk-MYEHH3VS.js?v=cf2b15a6:2194
[  102699ms] [WARNING] [Vue warn]: Property "editingMessageContent" was accessed during render but is not defined on instance. 
  at <ChatView onVnodeUnmounted=fn<onVnodeUnmounted> ref=Ref< Proxy(Object) > > 
  at <RouterView> 
  at <App> @ http://localhost:5173/node_modules/.vite/deps/chunk-MYEHH3VS.js?v=cf2b15a6:2194
[  102699ms] [WARNING] [Vue warn]: Property "editingMessageIndex" was accessed during render but is not defined on instance. 
  at <ChatView onVnodeUnmounted=fn<onVnodeUnmounted> ref=Ref< Proxy(Object) > > 
  at <RouterView> 
  at <App> @ http://localhost:5173/node_modules/.vite/deps/chunk-MYEHH3VS.js?v=cf2b15a6:2194
[  102700ms] [WARNING] [Vue warn]: Property "editingMessageContent" was accessed during render but is not defined on instance. 
  at <ChatView onVnodeUnmounted=fn<onVnodeUnmounted> ref=Ref< Proxy(Object) > > 
  at <RouterView> 
  at <App> @ http://localhost:5173/node_modules/.vite/deps/chunk-MYEHH3VS.js?v=cf2b15a6:2194
[  102807ms] [WARNING] [Vue warn]: Property "editingMessageIndex" was accessed during render but is not defined on instance. 
  at <ChatView onVnodeUnmounted=fn<onVnodeUnmounted> ref=Ref< Proxy(Object) > > 
  at <RouterView> 
  at <App> @ http://localhost:5173/node_modules/.vite/deps/chunk-MYEHH3VS.js?v=cf2b15a6:2194
[  102808ms] [WARNING] [Vue warn]: Property "editingMessageContent" was accessed during render but is not defined on instance. 
  at <ChatView onVnodeUnmounted=fn<onVnodeUnmounted> ref=Ref< Proxy(Object) > > 
  at <RouterView> 
  at <App> @ http://localhost:5173/node_modules/.vite/deps/chunk-MYEHH3VS.js?v=cf2b15a6:2194
[  102808ms] [WARNING] [Vue warn]: Property "editingMessageIndex" was accessed during render but is not defined on instance. 
  at <ChatView onVnodeUnmounted=fn<onVnodeUnmounted> ref=Ref< Proxy(Object) > > 
  at <RouterView> 
  at <App> @ http://localhost:5173/node_modules/.vite/deps/chunk-MYEHH3VS.js?v=cf2b15a6:2194
[  102808ms] [WARNING] [Vue warn]: Property "editingMessageContent" was accessed during render but is not defined on instance. 
  at <ChatView onVnodeUnmounted=fn<onVnodeUnmounted> ref=Ref< Proxy(Object) > > 
  at <RouterView> 
  at <App> @ http://localhost:5173/node_modules/.vite/deps/chunk-MYEHH3VS.js?v=cf2b15a6:2194
[  102905ms] [WARNING] [Vue warn]: Property "editingMessageIndex" was accessed during render but is not defined on instance. 
  at <ChatView onVnodeUnmounted=fn<onVnodeUnmounted> ref=Ref< Proxy(Object) > > 
  at <RouterView> 
  at <App> @ http://localhost:5173/node_modules/.vite/deps/chunk-MYEHH3VS.js?v=cf2b15a6:2194
[  102906ms] [WARNING] [Vue warn]: Property "editingMessageContent" was accessed during render but is not defined on instance. 
  at <ChatView onVnodeUnmounted=fn<onVnodeUnmounted> ref=Ref< Proxy(Object) > > 
  at <RouterView> 
  at <App> @ http://localhost:5173/node_modules/.vite/deps/chunk-MYEHH3VS.js?v=cf2b15a6:2194
[  102906ms] [WARNING] [Vue warn]: Property "editingMessageIndex" was accessed during render but is not defined on instance. 
  at <ChatView onVnodeUnmounted=fn<onVnodeUnmounted> ref=Ref< Proxy(Object) > > 
  at <RouterView> 
  at <App> @ http://localhost:5173/node_modules/.vite/deps/chunk-MYEHH3VS.js?v=cf2b15a6:2194
[  102907ms] [WARNING] [Vue warn]: Property "editingMessageContent" was accessed during render but is not defined on instance. 
  at <ChatView onVnodeUnmounted=fn<onVnodeUnmounted> ref=Ref< Proxy(Object) > > 
  at <RouterView> 
  at <App> @ http://localhost:5173/node_modules/.vite/deps/chunk-MYEHH3VS.js?v=cf2b15a6:2194
[  103005ms] [WARNING] [Vue warn]: Property "editingMessageIndex" was accessed during render but is not defined on instance. 
  at <ChatView onVnodeUnmounted=fn<onVnodeUnmounted> ref=Ref< Proxy(Object) > > 
  at <RouterView> 
  at <App> @ http://localhost:5173/node_modules/.vite/deps/chunk-MYEHH3VS.js?v=cf2b15a6:2194
[  103006ms] [WARNING] [Vue warn]: Property "editingMessageContent" was accessed during render but is not defined on instance. 
  at <ChatView onVnodeUnmounted=fn<onVnodeUnmounted> ref=Ref< Proxy(Object) > > 
  at <RouterView> 
  at <App> @ http://localhost:5173/node_modules/.vite/deps/chunk-MYEHH3VS.js?v=cf2b15a6:2194
[  103007ms] [WARNING] [Vue warn]: Property "editingMessageIndex" was accessed during render but is not defined on instance. 
  at <ChatView onVnodeUnmounted=fn<onVnodeUnmounted> ref=Ref< Proxy(Object) > > 
  at <RouterView> 
  at <App> @ http://localhost:5173/node_modules/.vite/deps/chunk-MYEHH3VS.js?v=cf2b15a6:2194
[  103007ms] [WARNING] [Vue warn]: Property "editingMessageContent" was accessed during render but is not defined on instance. 
  at <ChatView onVnodeUnmounted=fn<onVnodeUnmounted> ref=Ref< Proxy(Object) > > 
  at <RouterView> 
  at <App> @ http://localhost:5173/node_modules/.vite/deps/chunk-MYEHH3VS.js?v=cf2b15a6:2194
[  103110ms] [WARNING] [Vue warn]: Property "editingMessageIndex" was accessed during render but is not defined on instance. 
  at <ChatView onVnodeUnmounted=fn<onVnodeUnmounted> ref=Ref< Proxy(Object) > > 
  at <RouterView> 
  at <App> @ http://localhost:5173/node_modules/.vite/deps/chunk-MYEHH3VS.js?v=cf2b15a6:2194
[  103110ms] [WARNING] [Vue warn]: Property "editingMessageContent" was accessed during render but is not defined on instance. 
  at <ChatView onVnodeUnmounted=fn<onVnodeUnmounted> ref=Ref< Proxy(Object) > > 
  at <RouterView> 
  at <App> @ http://localhost:5173/node_modules/.vite/deps/chunk-MYEHH3VS.js?v=cf2b15a6:2194
[  103111ms] [WARNING] [Vue warn]: Property "editingMessageIndex" was accessed during render but is not defined on instance. 
  at <ChatView onVnodeUnmounted=fn<onVnodeUnmounted> ref=Ref< Proxy(Object) > > 
  at <RouterView> 
  at <App> @ http://localhost:5173/node_modules/.vite/deps/chunk-MYEHH3VS.js?v=cf2b15a6:2194
[  103112ms] [WARNING] [Vue warn]: Property "editingMessageContent" was accessed during render but is not defined on instance. 
  at <ChatView onVnodeUnmounted=fn<onVnodeUnmounted> ref=Ref< Proxy(Object) > > 
  at <RouterView> 
  at <App> @ http://localhost:5173/node_modules/.vite/deps/chunk-MYEHH3VS.js?v=cf2b15a6:2194
[  103207ms] [WARNING] [Vue warn]: Property "editingMessageIndex" was accessed during render but is not defined on instance. 
  at <ChatView onVnodeUnmounted=fn<onVnodeUnmounted> ref=Ref< Proxy(Object) > > 
  at <RouterView> 
  at <App> @ http://localhost:5173/node_modules/.vite/deps/chunk-MYEHH3VS.js?v=cf2b15a6:2194
[  103208ms] [WARNING] [Vue warn]: Property "editingMessageContent" was accessed during render but is not defined on instance. 
  at <ChatView onVnodeUnmounted=fn<onVnodeUnmounted> ref=Ref< Proxy(Object) > > 
  at <RouterView> 
  at <App> @ http://localhost:5173/node_modules/.vite/deps/chunk-MYEHH3VS.js?v=cf2b15a6:2194
[  103208ms] [WARNING] [Vue warn]: Property "editingMessageIndex" was accessed during render but is not defined on instance. 
  at <ChatView onVnodeUnmounted=fn<onVnodeUnmounted> ref=Ref< Proxy(Object) > > 
  at <RouterView> 
  at <App> @ http://localhost:5173/node_modules/.vite/deps/chunk-MYEHH3VS.js?v=cf2b15a6:2194
[  103208ms] [WARNING] [Vue warn]: Property "editingMessageContent" was accessed during render but is not defined on instance. 
  at <ChatView onVnodeUnmounted=fn<onVnodeUnmounted> ref=Ref< Proxy(Object) > > 
  at <RouterView> 
  at <App> @ http://localhost:5173/node_modules/.vite/deps/chunk-MYEHH3VS.js?v=cf2b15a6:2194
[  103308ms] [WARNING] [Vue warn]: Property "editingMessageIndex" was accessed during render but is not defined on instance. 
  at <ChatView onVnodeUnmounted=fn<onVnodeUnmounted> ref=Ref< Proxy(Object) > > 
  at <RouterView> 
  at <App> @ http://localhost:5173/node_modules/.vite/deps/chunk-MYEHH3VS.js?v=cf2b15a6:2194
[  103309ms] [WARNING] [Vue warn]: Property "editingMessageContent" was accessed during render but is not defined on instance. 
  at <ChatView onVnodeUnmounted=fn<onVnodeUnmounted> ref=Ref< Proxy(Object) > > 
  at <RouterView> 
  at <App> @ http://localhost:5173/node_modules/.vite/deps/chunk-MYEHH3VS.js?v=cf2b15a6:2194
[  103309ms] [WARNING] [Vue warn]: Property "editingMessageIndex" was accessed during render but is not defined on instance. 
  at <ChatView onVnodeUnmounted=fn<onVnodeUnmounted> ref=Ref< Proxy(Object) > > 
  at <RouterView> 
  at <App> @ http://localhost:5173/node_modules/.vite/deps/chunk-MYEHH3VS.js?v=cf2b15a6:2194
[  103309ms] [WARNING] [Vue warn]: Property "editingMessageContent" was accessed during render but is not defined on instance. 
  at <ChatView onVnodeUnmounted=fn<onVnodeUnmounted> ref=Ref< Proxy(Object) > > 
  at <RouterView> 
  at <App> @ http://localhost:5173/node_modules/.vite/deps/chunk-MYEHH3VS.js?v=cf2b15a6:2194
[  103410ms] [WARNING] [Vue warn]: Property "editingMessageIndex" was accessed during render but is not defined on instance. 
  at <ChatView onVnodeUnmounted=fn<onVnodeUnmounted> ref=Ref< Proxy(Object) > > 
  at <RouterView> 
  at <App> @ http://localhost:5173/node_modules/.vite/deps/chunk-MYEHH3VS.js?v=cf2b15a6:2194
[  103411ms] [WARNING] [Vue warn]: Property "editingMessageContent" was accessed during render but is not defined on instance. 
  at <ChatView onVnodeUnmounted=fn<onVnodeUnmounted> ref=Ref< Proxy(Object) > > 
  at <RouterView> 
  at <App> @ http://localhost:5173/node_modules/.vite/deps/chunk-MYEHH3VS.js?v=cf2b15a6:2194
[  103411ms] [WARNING] [Vue warn]: Property "editingMessageIndex" was accessed during render but is not defined on instance. 
  at <ChatView onVnodeUnmounted=fn<onVnodeUnmounted> ref=Ref< Proxy(Object) > > 
  at <RouterView> 
  at <App> @ http://localhost:5173/node_modules/.vite/deps/chunk-MYEHH3VS.js?v=cf2b15a6:2194
[  103412ms] [WARNING] [Vue warn]: Property "editingMessageContent" was accessed during render but is not defined on instance. 
  at <ChatView onVnodeUnmounted=fn<onVnodeUnmounted> ref=Ref< Proxy(Object) > > 
  at <RouterView> 
  at <App> @ http://localhost:5173/node_modules/.vite/deps/chunk-MYEHH3VS.js?v=cf2b15a6:2194
[  103507ms] [WARNING] [Vue warn]: Property "editingMessageIndex" was accessed during render but is not defined on instance. 
  at <ChatView onVnodeUnmounted=fn<onVnodeUnmounted> ref=Ref< Proxy(Object) > > 
  at <RouterView> 
  at <App> @ http://localhost:5173/node_modules/.vite/deps/chunk-MYEHH3VS.js?v=cf2b15a6:2194
[  103507ms] [WARNING] [Vue warn]: Property "editingMessageContent" was accessed during render but is not defined on instance. 
  at <ChatView onVnodeUnmounted=fn<onVnodeUnmounted> ref=Ref< Proxy(Object) > > 
  at <RouterView> 
  at <App> @ http://localhost:5173/node_modules/.vite/deps/chunk-MYEHH3VS.js?v=cf2b15a6:2194
[  103508ms] [WARNING] [Vue warn]: Property "editingMessageIndex" was accessed during render but is not defined on instance. 
  at <ChatView onVnodeUnmounted=fn<onVnodeUnmounted> ref=Ref< Proxy(Object) > > 
  at <RouterView> 
  at <App> @ http://localhost:5173/node_modules/.vite/deps/chunk-MYEHH3VS.js?v=cf2b15a6:2194
[  103508ms] [WARNING] [Vue warn]: Property "editingMessageContent" was accessed during render but is not defined on instance. 
  at <ChatView onVnodeUnmounted=fn<onVnodeUnmounted> ref=Ref< Proxy(Object) > > 
  at <RouterView> 
  at <App> @ http://localhost:5173/node_modules/.vite/deps/chunk-MYEHH3VS.js?v=cf2b15a6:2194
[  103604ms] [WARNING] [Vue warn]: Property "editingMessageIndex" was accessed during render but is not defined on instance. 
  at <ChatView onVnodeUnmounted=fn<onVnodeUnmounted> ref=Ref< Proxy(Object) > > 
  at <RouterView> 
  at <App> @ http://localhost:5173/node_modules/.vite/deps/chunk-MYEHH3VS.js?v=cf2b15a6:2194
[  103604ms] [WARNING] [Vue warn]: Property "editingMessageContent" was accessed during render but is not defined on instance. 
  at <ChatView onVnodeUnmounted=fn<onVnodeUnmounted> ref=Ref< Proxy(Object) > > 
  at <RouterView> 
  at <App> @ http://localhost:5173/node_modules/.vite/deps/chunk-MYEHH3VS.js?v=cf2b15a6:2194
[  103605ms] [WARNING] [Vue warn]: Property "editingMessageIndex" was accessed during render but is not defined on instance. 
  at <ChatView onVnodeUnmounted=fn<onVnodeUnmounted> ref=Ref< Proxy(Object) > > 
  at <RouterView> 
  at <App> @ http://localhost:5173/node_modules/.vite/deps/chunk-MYEHH3VS.js?v=cf2b15a6:2194
[  103605ms] [WARNING] [Vue warn]: Property "editingMessageContent" was accessed during render but is not defined on instance. 
  at <ChatView onVnodeUnmounted=fn<onVnodeUnmounted> ref=Ref< Proxy(Object) > > 
  at <RouterView> 
  at <App> @ http://localhost:5173/node_modules/.vite/deps/chunk-MYEHH3VS.js?v=cf2b15a6:2194
[  103703ms] [WARNING] [Vue warn]: Property "editingMessageIndex" was accessed during render but is not defined on instance. 
  at <ChatView onVnodeUnmounted=fn<onVnodeUnmounted> ref=Ref< Proxy(Object) > > 
  at <RouterView> 
  at <App> @ http://localhost:5173/node_modules/.vite/deps/chunk-MYEHH3VS.js?v=cf2b15a6:2194
[  103703ms] [WARNING] [Vue warn]: Property "editingMessageContent" was accessed during render but is not defined on instance. 
  at <ChatView onVnodeUnmounted=fn<onVnodeUnmounted> ref=Ref< Proxy(Object) > > 
  at <RouterView> 
  at <App> @ http://localhost:5173/node_modules/.vite/deps/chunk-MYEHH3VS.js?v=cf2b15a6:2194
[  103704ms] [WARNING] [Vue warn]: Property "editingMessageIndex" was accessed during render but is not defined on instance. 
  at <ChatView onVnodeUnmounted=fn<onVnodeUnmounted> ref=Ref< Proxy(Object) > > 
  at <RouterView> 
  at <App> @ http://localhost:5173/node_modules/.vite/deps/chunk-MYEHH3VS.js?v=cf2b15a6:2194
[  103704ms] [WARNING] [Vue warn]: Property "editingMessageContent" was accessed during render but is not defined on instance. 
  at <ChatView onVnodeUnmounted=fn<onVnodeUnmounted> ref=Ref< Proxy(Object) > > 
  at <RouterView> 
  at <App> @ http://localhost:5173/node_modules/.vite/deps/chunk-MYEHH3VS.js?v=cf2b15a6:2194
[  103801ms] [WARNING] [Vue warn]: Property "editingMessageIndex" was accessed during render but is not defined on instance. 
  at <ChatView onVnodeUnmounted=fn<onVnodeUnmounted> ref=Ref< Proxy(Object) > > 
  at <RouterView> 
  at <App> @ http://localhost:5173/node_modules/.vite/deps/chunk-MYEHH3VS.js?v=cf2b15a6:2194
[  103801ms] [WARNING] [Vue warn]: Property "editingMessageContent" was accessed during render but is not defined on instance. 
  at <ChatView onVnodeUnmounted=fn<onVnodeUnmounted> ref=Ref< Proxy(Object) > > 
  at <RouterView> 
  at <App> @ http://localhost:5173/node_modules/.vite/deps/chunk-MYEHH3VS.js?v=cf2b15a6:2194
[  103801ms] [WARNING] [Vue warn]: Property "editingMessageIndex" was accessed during render but is not defined on instance. 
  at <ChatView onVnodeUnmounted=fn<onVnodeUnmounted> ref=Ref< Proxy(Object) > > 
  at <RouterView> 
  at <App> @ http://localhost:5173/node_modules/.vite/deps/chunk-MYEHH3VS.js?v=cf2b15a6:2194
[  103802ms] [WARNING] [Vue warn]: Property "editingMessageContent" was accessed during render but is not defined on instance. 
  at <ChatView onVnodeUnmounted=fn<onVnodeUnmounted> ref=Ref< Proxy(Object) > > 
  at <RouterView> 
  at <App> @ http://localhost:5173/node_modules/.vite/deps/chunk-MYEHH3VS.js?v=cf2b15a6:2194
[  103897ms] [WARNING] [Vue warn]: Property "editingMessageIndex" was accessed during render but is not defined on instance. 
  at <ChatView onVnodeUnmounted=fn<onVnodeUnmounted> ref=Ref< Proxy(Object) > > 
  at <RouterView> 
  at <App> @ http://localhost:5173/node_modules/.vite/deps/chunk-MYEHH3VS.js?v=cf2b15a6:2194
[  103897ms] [WARNING] [Vue warn]: Property "editingMessageContent" was accessed during render but is not defined on instance. 
  at <ChatView onVnodeUnmounted=fn<onVnodeUnmounted> ref=Ref< Proxy(Object) > > 
  at <RouterView> 
  at <App> @ http://localhost:5173/node_modules/.vite/deps/chunk-MYEHH3VS.js?v=cf2b15a6:2194
[  103898ms] [WARNING] [Vue warn]: Property "editingMessageIndex" was accessed during render but is not defined on instance. 
  at <ChatView onVnodeUnmounted=fn<onVnodeUnmounted> ref=Ref< Proxy(Object) > > 
  at <RouterView> 
  at <App> @ http://localhost:5173/node_modules/.vite/deps/chunk-MYEHH3VS.js?v=cf2b15a6:2194
[  103899ms] [WARNING] [Vue warn]: Property "editingMessageContent" was accessed during render but is not defined on instance. 
  at <ChatView onVnodeUnmounted=fn<onVnodeUnmounted> ref=Ref< Proxy(Object) > > 
  at <RouterView> 
  at <App> @ http://localhost:5173/node_modules/.vite/deps/chunk-MYEHH3VS.js?v=cf2b15a6:2194
[  103998ms] [WARNING] [Vue warn]: Property "editingMessageIndex" was accessed during render but is not defined on instance. 
  at <ChatView onVnodeUnmounted=fn<onVnodeUnmounted> ref=Ref< Proxy(Object) > > 
  at <RouterView> 
  at <App> @ http://localhost:5173/node_modules/.vite/deps/chunk-MYEHH3VS.js?v=cf2b15a6:2194
[  103999ms] [WARNING] [Vue warn]: Property "editingMessageContent" was accessed during render but is not defined on instance. 
  at <ChatView onVnodeUnmounted=fn<onVnodeUnmounted> ref=Ref< Proxy(Object) > > 
  at <RouterView> 
  at <App> @ http://localhost:5173/node_modules/.vite/deps/chunk-MYEHH3VS.js?v=cf2b15a6:2194
[  103999ms] [WARNING] [Vue warn]: Property "editingMessageIndex" was accessed during render but is not defined on instance. 
  at <ChatView onVnodeUnmounted=fn<onVnodeUnmounted> ref=Ref< Proxy(Object) > > 
  at <RouterView> 
  at <App> @ http://localhost:5173/node_modules/.vite/deps/chunk-MYEHH3VS.js?v=cf2b15a6:2194
[  104000ms] [WARNING] [Vue warn]: Property "editingMessageContent" was accessed during render but is not defined on instance. 
  at <ChatView onVnodeUnmounted=fn<onVnodeUnmounted> ref=Ref< Proxy(Object) > > 
  at <RouterView> 
  at <App> @ http://localhost:5173/node_modules/.vite/deps/chunk-MYEHH3VS.js?v=cf2b15a6:2194
[  104094ms] [WARNING] [Vue warn]: Property "editingMessageIndex" was accessed during render but is not defined on instance. 
  at <ChatView onVnodeUnmounted=fn<onVnodeUnmounted> ref=Ref< Proxy(Object) > > 
  at <RouterView> 
  at <App> @ http://localhost:5173/node_modules/.vite/deps/chunk-MYEHH3VS.js?v=cf2b15a6:2194
[  104094ms] [WARNING] [Vue warn]: Property "editingMessageContent" was accessed during render but is not defined on instance. 
  at <ChatView onVnodeUnmounted=fn<onVnodeUnmounted> ref=Ref< Proxy(Object) > > 
  at <RouterView> 
  at <App> @ http://localhost:5173/node_modules/.vite/deps/chunk-MYEHH3VS.js?v=cf2b15a6:2194
[  104094ms] [WARNING] [Vue warn]: Property "editingMessageIndex" was accessed during render but is not defined on instance. 
  at <ChatView onVnodeUnmounted=fn<onVnodeUnmounted> ref=Ref< Proxy(Object) > > 
  at <RouterView> 
  at <App> @ http://localhost:5173/node_modules/.vite/deps/chunk-MYEHH3VS.js?v=cf2b15a6:2194
[  104095ms] [WARNING] [Vue warn]: Property "editingMessageContent" was accessed during render but is not defined on instance. 
  at <ChatView onVnodeUnmounted=fn<onVnodeUnmounted> ref=Ref< Proxy(Object) > > 
  at <RouterView> 
  at <App> @ http://localhost:5173/node_modules/.vite/deps/chunk-MYEHH3VS.js?v=cf2b15a6:2194
[  104189ms] [WARNING] [Vue warn]: Property "editingMessageIndex" was accessed during render but is not defined on instance. 
  at <ChatView onVnodeUnmounted=fn<onVnodeUnmounted> ref=Ref< Proxy(Object) > > 
  at <RouterView> 
  at <App> @ http://localhost:5173/node_modules/.vite/deps/chunk-MYEHH3VS.js?v=cf2b15a6:2194
[  104189ms] [WARNING] [Vue warn]: Property "editingMessageContent" was accessed during render but is not defined on instance. 
  at <ChatView onVnodeUnmounted=fn<onVnodeUnmounted> ref=Ref< Proxy(Object) > > 
  at <RouterView> 
  at <App> @ http://localhost:5173/node_modules/.vite/deps/chunk-MYEHH3VS.js?v=cf2b15a6:2194
[  104189ms] [WARNING] [Vue warn]: Property "editingMessageIndex" was accessed during render but is not defined on instance. 
  at <ChatView onVnodeUnmounted=fn<onVnodeUnmounted> ref=Ref< Proxy(Object) > > 
  at <RouterView> 
  at <App> @ http://localhost:5173/node_modules/.vite/deps/chunk-MYEHH3VS.js?v=cf2b15a6:2194
[  104190ms] [WARNING] [Vue warn]: Property "editingMessageContent" was accessed during render but is not defined on instance. 
  at <ChatView onVnodeUnmounted=fn<onVnodeUnmounted> ref=Ref< Proxy(Object) > > 
  at <RouterView> 
  at <App> @ http://localhost:5173/node_modules/.vite/deps/chunk-MYEHH3VS.js?v=cf2b15a6:2194
[  104289ms] [WARNING] [Vue warn]: Property "editingMessageIndex" was accessed during render but is not defined on instance. 
  at <ChatView onVnodeUnmounted=fn<onVnodeUnmounted> ref=Ref< Proxy(Object) > > 
  at <RouterView> 
  at <App> @ http://localhost:5173/node_modules/.vite/deps/chunk-MYEHH3VS.js?v=cf2b15a6:2194
[  104289ms] [WARNING] [Vue warn]: Property "editingMessageContent" was accessed during render but is not defined on instance. 
  at <ChatView onVnodeUnmounted=fn<onVnodeUnmounted> ref=Ref< Proxy(Object) > > 
  at <RouterView> 
  at <App> @ http://localhost:5173/node_modules/.vite/deps/chunk-MYEHH3VS.js?v=cf2b15a6:2194
[  104289ms] [WARNING] [Vue warn]: Property "editingMessageIndex" was accessed during render but is not defined on instance. 
  at <ChatView onVnodeUnmounted=fn<onVnodeUnmounted> ref=Ref< Proxy(Object) > > 
  at <RouterView> 
  at <App> @ http://localhost:5173/node_modules/.vite/deps/chunk-MYEHH3VS.js?v=cf2b15a6:2194
[  104290ms] [WARNING] [Vue warn]: Property "editingMessageContent" was accessed during render but is not defined on instance. 
  at <ChatView onVnodeUnmounted=fn<onVnodeUnmounted> ref=Ref< Proxy(Object) > > 
  at <RouterView> 
  at <App> @ http://localhost:5173/node_modules/.vite/deps/chunk-MYEHH3VS.js?v=cf2b15a6:2194
[  104383ms] [WARNING] [Vue warn]: Property "editingMessageIndex" was accessed during render but is not defined on instance. 
  at <ChatView onVnodeUnmounted=fn<onVnodeUnmounted> ref=Ref< Proxy(Object) > > 
  at <RouterView> 
  at <App> @ http://localhost:5173/node_modules/.vite/deps/chunk-MYEHH3VS.js?v=cf2b15a6:2194
[  104384ms] [WARNING] [Vue warn]: Property "editingMessageContent" was accessed during render but is not defined on instance. 
  at <ChatView onVnodeUnmounted=fn<onVnodeUnmounted> ref=Ref< Proxy(Object) > > 
  at <RouterView> 
  at <App> @ http://localhost:5173/node_modules/.vite/deps/chunk-MYEHH3VS.js?v=cf2b15a6:2194
[  104384ms] [WARNING] [Vue warn]: Property "editingMessageIndex" was accessed during render but is not defined on instance. 
  at <ChatView onVnodeUnmounted=fn<onVnodeUnmounted> ref=Ref< Proxy(Object) > > 
  at <RouterView> 
  at <App> @ http://localhost:5173/node_modules/.vite/deps/chunk-MYEHH3VS.js?v=cf2b15a6:2194
[  104385ms] [WARNING] [Vue warn]: Property "editingMessageContent" was accessed during render but is not defined on instance. 
  at <ChatView onVnodeUnmounted=fn<onVnodeUnmounted> ref=Ref< Proxy(Object) > > 
  at <RouterView> 
  at <App> @ http://localhost:5173/node_modules/.vite/deps/chunk-MYEHH3VS.js?v=cf2b15a6:2194
[  104480ms] [WARNING] [Vue warn]: Property "editingMessageIndex" was accessed during render but is not defined on instance. 
  at <ChatView onVnodeUnmounted=fn<onVnodeUnmounted> ref=Ref< Proxy(Object) > > 
  at <RouterView> 
  at <App> @ http://localhost:5173/node_modules/.vite/deps/chunk-MYEHH3VS.js?v=cf2b15a6:2194
[  104480ms] [WARNING] [Vue warn]: Property "editingMessageContent" was accessed during render but is not defined on instance. 
  at <ChatView onVnodeUnmounted=fn<onVnodeUnmounted> ref=Ref< Proxy(Object) > > 
  at <RouterView> 
  at <App> @ http://localhost:5173/node_modules/.vite/deps/chunk-MYEHH3VS.js?v=cf2b15a6:2194
[  104481ms] [WARNING] [Vue warn]: Property "editingMessageIndex" was accessed during render but is not defined on instance. 
  at <ChatView onVnodeUnmounted=fn<onVnodeUnmounted> ref=Ref< Proxy(Object) > > 
  at <RouterView> 
  at <App> @ http://localhost:5173/node_modules/.vite/deps/chunk-MYEHH3VS.js?v=cf2b15a6:2194
[  104481ms] [WARNING] [Vue warn]: Property "editingMessageContent" was accessed during render but is not defined on instance. 
  at <ChatView onVnodeUnmounted=fn<onVnodeUnmounted> ref=Ref< Proxy(Object) > > 
  at <RouterView> 
  at <App> @ http://localhost:5173/node_modules/.vite/deps/chunk-MYEHH3VS.js?v=cf2b15a6:2194
[  104599ms] [WARNING] [Vue warn]: Property "editingMessageIndex" was accessed during render but is not defined on instance. 
  at <ChatView onVnodeUnmounted=fn<onVnodeUnmounted> ref=Ref< Proxy(Object) > > 
  at <RouterView> 
  at <App> @ http://localhost:5173/node_modules/.vite/deps/chunk-MYEHH3VS.js?v=cf2b15a6:2194
[  104599ms] [WARNING] [Vue warn]: Property "editingMessageContent" was accessed during render but is not defined on instance. 
  at <ChatView onVnodeUnmounted=fn<onVnodeUnmounted> ref=Ref< Proxy(Object) > > 
  at <RouterView> 
  at <App> @ http://localhost:5173/node_modules/.vite/deps/chunk-MYEHH3VS.js?v=cf2b15a6:2194
[  104599ms] [WARNING] [Vue warn]: Property "editingMessageIndex" was accessed during render but is not defined on instance. 
  at <ChatView onVnodeUnmounted=fn<onVnodeUnmounted> ref=Ref< Proxy(Object) > > 
  at <RouterView> 
  at <App> @ http://localhost:5173/node_modules/.vite/deps/chunk-MYEHH3VS.js?v=cf2b15a6:2194
[  104600ms] [WARNING] [Vue warn]: Property "editingMessageContent" was accessed during render but is not defined on instance. 
  at <ChatView onVnodeUnmounted=fn<onVnodeUnmounted> ref=Ref< Proxy(Object) > > 
  at <RouterView> 
  at <App> @ http://localhost:5173/node_modules/.vite/deps/chunk-MYEHH3VS.js?v=cf2b15a6:2194
[  104704ms] [WARNING] [Vue warn]: Property "editingMessageIndex" was accessed during render but is not defined on instance. 
  at <ChatView onVnodeUnmounted=fn<onVnodeUnmounted> ref=Ref< Proxy(Object) > > 
  at <RouterView> 
  at <App> @ http://localhost:5173/node_modules/.vite/deps/chunk-MYEHH3VS.js?v=cf2b15a6:2194
[  104704ms] [WARNING] [Vue warn]: Property "editingMessageContent" was accessed during render but is not defined on instance. 
  at <ChatView onVnodeUnmounted=fn<onVnodeUnmounted> ref=Ref< Proxy(Object) > > 
  at <RouterView> 
  at <App> @ http://localhost:5173/node_modules/.vite/deps/chunk-MYEHH3VS.js?v=cf2b15a6:2194
[  104705ms] [WARNING] [Vue warn]: Property "editingMessageIndex" was accessed during render but is not defined on instance. 
  at <ChatView onVnodeUnmounted=fn<onVnodeUnmounted> ref=Ref< Proxy(Object) > > 
  at <RouterView> 
  at <App> @ http://localhost:5173/node_modules/.vite/deps/chunk-MYEHH3VS.js?v=cf2b15a6:2194
[  104705ms] [WARNING] [Vue warn]: Property "editingMessageContent" was accessed during render but is not defined on instance. 
  at <ChatView onVnodeUnmounted=fn<onVnodeUnmounted> ref=Ref< Proxy(Object) > > 
  at <RouterView> 
  at <App> @ http://localhost:5173/node_modules/.vite/deps/chunk-MYEHH3VS.js?v=cf2b15a6:2194
[  104809ms] [WARNING] [Vue warn]: Property "editingMessageIndex" was accessed during render but is not defined on instance. 
  at <ChatView onVnodeUnmounted=fn<onVnodeUnmounted> ref=Ref< Proxy(Object) > > 
  at <RouterView> 
  at <App> @ http://localhost:5173/node_modules/.vite/deps/chunk-MYEHH3VS.js?v=cf2b15a6:2194
[  104809ms] [WARNING] [Vue warn]: Property "editingMessageContent" was accessed during render but is not defined on instance. 
  at <ChatView onVnodeUnmounted=fn<onVnodeUnmounted> ref=Ref< Proxy(Object) > > 
  at <RouterView> 
  at <App> @ http://localhost:5173/node_modules/.vite/deps/chunk-MYEHH3VS.js?v=cf2b15a6:2194
[  104809ms] [WARNING] [Vue warn]: Property "editingMessageIndex" was accessed during render but is not defined on instance. 
  at <ChatView onVnodeUnmounted=fn<onVnodeUnmounted> ref=Ref< Proxy(Object) > > 
  at <RouterView> 
  at <App> @ http://localhost:5173/node_modules/.vite/deps/chunk-MYEHH3VS.js?v=cf2b15a6:2194
[  104810ms] [WARNING] [Vue warn]: Property "editingMessageContent" was accessed during render but is not defined on instance. 
  at <ChatView onVnodeUnmounted=fn<onVnodeUnmounted> ref=Ref< Proxy(Object) > > 
  at <RouterView> 
  at <App> @ http://localhost:5173/node_modules/.vite/deps/chunk-MYEHH3VS.js?v=cf2b15a6:2194
[  104908ms] [WARNING] [Vue warn]: Property "editingMessageIndex" was accessed during render but is not defined on instance. 
  at <ChatView onVnodeUnmounted=fn<onVnodeUnmounted> ref=Ref< Proxy(Object) > > 
  at <RouterView> 
  at <App> @ http://localhost:5173/node_modules/.vite/deps/chunk-MYEHH3VS.js?v=cf2b15a6:2194
[  104908ms] [WARNING] [Vue warn]: Property "editingMessageContent" was accessed during render but is not defined on instance. 
  at <ChatView onVnodeUnmounted=fn<onVnodeUnmounted> ref=Ref< Proxy(Object) > > 
  at <RouterView> 
  at <App> @ http://localhost:5173/node_modules/.vite/deps/chunk-MYEHH3VS.js?v=cf2b15a6:2194
[  104908ms] [WARNING] [Vue warn]: Property "editingMessageIndex" was accessed during render but is not defined on instance. 
  at <ChatView onVnodeUnmounted=fn<onVnodeUnmounted> ref=Ref< Proxy(Object) > > 
  at <RouterView> 
  at <App> @ http://localhost:5173/node_modules/.vite/deps/chunk-MYEHH3VS.js?v=cf2b15a6:2194
[  104909ms] [WARNING] [Vue warn]: Property "editingMessageContent" was accessed during render but is not defined on instance. 
  at <ChatView onVnodeUnmounted=fn<onVnodeUnmounted> ref=Ref< Proxy(Object) > > 
  at <RouterView> 
  at <App> @ http://localhost:5173/node_modules/.vite/deps/chunk-MYEHH3VS.js?v=cf2b15a6:2194
[  105009ms] [WARNING] [Vue warn]: Property "editingMessageIndex" was accessed during render but is not defined on instance. 
  at <ChatView onVnodeUnmounted=fn<onVnodeUnmounted> ref=Ref< Proxy(Object) > > 
  at <RouterView> 
  at <App> @ http://localhost:5173/node_modules/.vite/deps/chunk-MYEHH3VS.js?v=cf2b15a6:2194
[  105009ms] [WARNING] [Vue warn]: Property "editingMessageContent" was accessed during render but is not defined on instance. 
  at <ChatView onVnodeUnmounted=fn<onVnodeUnmounted> ref=Ref< Proxy(Object) > > 
  at <RouterView> 
  at <App> @ http://localhost:5173/node_modules/.vite/deps/chunk-MYEHH3VS.js?v=cf2b15a6:2194
[  105009ms] [WARNING] [Vue warn]: Property "editingMessageIndex" was accessed during render but is not defined on instance. 
  at <ChatView onVnodeUnmounted=fn<onVnodeUnmounted> ref=Ref< Proxy(Object) > > 
  at <RouterView> 
  at <App> @ http://localhost:5173/node_modules/.vite/deps/chunk-MYEHH3VS.js?v=cf2b15a6:2194
[  105009ms] [WARNING] [Vue warn]: Property "editingMessageContent" was accessed during render but is not defined on instance. 
  at <ChatView onVnodeUnmounted=fn<onVnodeUnmounted> ref=Ref< Proxy(Object) > > 
  at <RouterView> 
  at <App> @ http://localhost:5173/node_modules/.vite/deps/chunk-MYEHH3VS.js?v=cf2b15a6:2194
[  105127ms] [WARNING] [Vue warn]: Property "editingMessageIndex" was accessed during render but is not defined on instance. 
  at <ChatView onVnodeUnmounted=fn<onVnodeUnmounted> ref=Ref< Proxy(Object) > > 
  at <RouterView> 
  at <App> @ http://localhost:5173/node_modules/.vite/deps/chunk-MYEHH3VS.js?v=cf2b15a6:2194
[  105128ms] [WARNING] [Vue warn]: Property "editingMessageContent" was accessed during render but is not defined on instance. 
  at <ChatView onVnodeUnmounted=fn<onVnodeUnmounted> ref=Ref< Proxy(Object) > > 
  at <RouterView> 
  at <App> @ http://localhost:5173/node_modules/.vite/deps/chunk-MYEHH3VS.js?v=cf2b15a6:2194
[  105128ms] [WARNING] [Vue warn]: Property "editingMessageIndex" was accessed during render but is not defined on instance. 
  at <ChatView onVnodeUnmounted=fn<onVnodeUnmounted> ref=Ref< Proxy(Object) > > 
  at <RouterView> 
  at <App> @ http://localhost:5173/node_modules/.vite/deps/chunk-MYEHH3VS.js?v=cf2b15a6:2194
[  105129ms] [WARNING] [Vue warn]: Property "editingMessageContent" was accessed during render but is not defined on instance. 
  at <ChatView onVnodeUnmounted=fn<onVnodeUnmounted> ref=Ref< Proxy(Object) > > 
  at <RouterView> 
  at <App> @ http://localhost:5173/node_modules/.vite/deps/chunk-MYEHH3VS.js?v=cf2b15a6:2194
[  105246ms] [WARNING] [Vue warn]: Property "editingMessageIndex" was accessed during render but is not defined on instance. 
  at <ChatView onVnodeUnmounted=fn<onVnodeUnmounted> ref=Ref< Proxy(Object) > > 
  at <RouterView> 
  at <App> @ http://localhost:5173/node_modules/.vite/deps/chunk-MYEHH3VS.js?v=cf2b15a6:2194
[  105247ms] [WARNING] [Vue warn]: Property "editingMessageContent" was accessed during render but is not defined on instance. 
  at <ChatView onVnodeUnmounted=fn<onVnodeUnmounted> ref=Ref< Proxy(Object) > > 
  at <RouterView> 
  at <App> @ http://localhost:5173/node_modules/.vite/deps/chunk-MYEHH3VS.js?v=cf2b15a6:2194
[  105247ms] [WARNING] [Vue warn]: Property "editingMessageIndex" was accessed during render but is not defined on instance. 
  at <ChatView onVnodeUnmounted=fn<onVnodeUnmounted> ref=Ref< Proxy(Object) > > 
  at <RouterView> 
  at <App> @ http://localhost:5173/node_modules/.vite/deps/chunk-MYEHH3VS.js?v=cf2b15a6:2194
[  105248ms] [WARNING] [Vue warn]: Property "editingMessageContent" was accessed during render but is not defined on instance. 
  at <ChatView onVnodeUnmounted=fn<onVnodeUnmounted> ref=Ref< Proxy(Object) > > 
  at <RouterView> 
  at <App> @ http://localhost:5173/node_modules/.vite/deps/chunk-MYEHH3VS.js?v=cf2b15a6:2194
[  105347ms] [WARNING] [Vue warn]: Property "editingMessageIndex" was accessed during render but is not defined on instance. 
  at <ChatView onVnodeUnmounted=fn<onVnodeUnmounted> ref=Ref< Proxy(Object) > > 
  at <RouterView> 
  at <App> @ http://localhost:5173/node_modules/.vite/deps/chunk-MYEHH3VS.js?v=cf2b15a6:2194
[  105348ms] [WARNING] [Vue warn]: Property "editingMessageContent" was accessed during render but is not defined on instance. 
  at <ChatView onVnodeUnmounted=fn<onVnodeUnmounted> ref=Ref< Proxy(Object) > > 
  at <RouterView> 
  at <App> @ http://localhost:5173/node_modules/.vite/deps/chunk-MYEHH3VS.js?v=cf2b15a6:2194
[  105349ms] [WARNING] [Vue warn]: Property "editingMessageIndex" was accessed during render but is not defined on instance. 
  at <ChatView onVnodeUnmounted=fn<onVnodeUnmounted> ref=Ref< Proxy(Object) > > 
  at <RouterView> 
  at <App> @ http://localhost:5173/node_modules/.vite/deps/chunk-MYEHH3VS.js?v=cf2b15a6:2194
[  105349ms] [WARNING] [Vue warn]: Property "editingMessageContent" was accessed during render but is not defined on instance. 
  at <ChatView onVnodeUnmounted=fn<onVnodeUnmounted> ref=Ref< Proxy(Object) > > 
  at <RouterView> 
  at <App> @ http://localhost:5173/node_modules/.vite/deps/chunk-MYEHH3VS.js?v=cf2b15a6:2194
[  105448ms] [WARNING] [Vue warn]: Property "editingMessageIndex" was accessed during render but is not defined on instance. 
  at <ChatView onVnodeUnmounted=fn<onVnodeUnmounted> ref=Ref< Proxy(Object) > > 
  at <RouterView> 
  at <App> @ http://localhost:5173/node_modules/.vite/deps/chunk-MYEHH3VS.js?v=cf2b15a6:2194
[  105448ms] [WARNING] [Vue warn]: Property "editingMessageContent" was accessed during render but is not defined on instance. 
  at <ChatView onVnodeUnmounted=fn<onVnodeUnmounted> ref=Ref< Proxy(Object) > > 
  at <RouterView> 
  at <App> @ http://localhost:5173/node_modules/.vite/deps/chunk-MYEHH3VS.js?v=cf2b15a6:2194
[  105449ms] [WARNING] [Vue warn]: Property "editingMessageIndex" was accessed during render but is not defined on instance. 
  at <ChatView onVnodeUnmounted=fn<onVnodeUnmounted> ref=Ref< Proxy(Object) > > 
  at <RouterView> 
  at <App> @ http://localhost:5173/node_modules/.vite/deps/chunk-MYEHH3VS.js?v=cf2b15a6:2194
[  105449ms] [WARNING] [Vue warn]: Property "editingMessageContent" was accessed during render but is not defined on instance. 
  at <ChatView onVnodeUnmounted=fn<onVnodeUnmounted> ref=Ref< Proxy(Object) > > 
  at <RouterView> 
  at <App> @ http://localhost:5173/node_modules/.vite/deps/chunk-MYEHH3VS.js?v=cf2b15a6:2194
[  105548ms] [WARNING] [Vue warn]: Property "editingMessageIndex" was accessed during render but is not defined on instance. 
  at <ChatView onVnodeUnmounted=fn<onVnodeUnmounted> ref=Ref< Proxy(Object) > > 
  at <RouterView> 
  at <App> @ http://localhost:5173/node_modules/.vite/deps/chunk-MYEHH3VS.js?v=cf2b15a6:2194
[  105548ms] [WARNING] [Vue warn]: Property "editingMessageContent" was accessed during render but is not defined on instance. 
  at <ChatView onVnodeUnmounted=fn<onVnodeUnmounted> ref=Ref< Proxy(Object) > > 
  at <RouterView> 
  at <App> @ http://localhost:5173/node_modules/.vite/deps/chunk-MYEHH3VS.js?v=cf2b15a6:2194
[  105549ms] [WARNING] [Vue warn]: Property "editingMessageIndex" was accessed during render but is not defined on instance. 
  at <ChatView onVnodeUnmounted=fn<onVnodeUnmounted> ref=Ref< Proxy(Object) > > 
  at <RouterView> 
  at <App> @ http://localhost:5173/node_modules/.vite/deps/chunk-MYEHH3VS.js?v=cf2b15a6:2194
[  105549ms] [WARNING] [Vue warn]: Property "editingMessageContent" was accessed during render but is not defined on instance. 
  at <ChatView onVnodeUnmounted=fn<onVnodeUnmounted> ref=Ref< Proxy(Object) > > 
  at <RouterView> 
  at <App> @ http://localhost:5173/node_modules/.vite/deps/chunk-MYEHH3VS.js?v=cf2b15a6:2194
[  105648ms] [WARNING] [Vue warn]: Property "editingMessageIndex" was accessed during render but is not defined on instance. 
  at <ChatView onVnodeUnmounted=fn<onVnodeUnmounted> ref=Ref< Proxy(Object) > > 
  at <RouterView> 
  at <App> @ http://localhost:5173/node_modules/.vite/deps/chunk-MYEHH3VS.js?v=cf2b15a6:2194
[  105648ms] [WARNING] [Vue warn]: Property "editingMessageContent" was accessed during render but is not defined on instance. 
  at <ChatView onVnodeUnmounted=fn<onVnodeUnmounted> ref=Ref< Proxy(Object) > > 
  at <RouterView> 
  at <App> @ http://localhost:5173/node_modules/.vite/deps/chunk-MYEHH3VS.js?v=cf2b15a6:2194
[  105649ms] [WARNING] [Vue warn]: Property "editingMessageIndex" was accessed during render but is not defined on instance. 
  at <ChatView onVnodeUnmounted=fn<onVnodeUnmounted> ref=Ref< Proxy(Object) > > 
  at <RouterView> 
  at <App> @ http://localhost:5173/node_modules/.vite/deps/chunk-MYEHH3VS.js?v=cf2b15a6:2194
[  105649ms] [WARNING] [Vue warn]: Property "editingMessageContent" was accessed during render but is not defined on instance. 
  at <ChatView onVnodeUnmounted=fn<onVnodeUnmounted> ref=Ref< Proxy(Object) > > 
  at <RouterView> 
  at <App> @ http://localhost:5173/node_modules/.vite/deps/chunk-MYEHH3VS.js?v=cf2b15a6:2194
[  105750ms] [WARNING] [Vue warn]: Property "editingMessageIndex" was accessed during render but is not defined on instance. 
  at <ChatView onVnodeUnmounted=fn<onVnodeUnmounted> ref=Ref< Proxy(Object) > > 
  at <RouterView> 
  at <App> @ http://localhost:5173/node_modules/.vite/deps/chunk-MYEHH3VS.js?v=cf2b15a6:2194
[  105750ms] [WARNING] [Vue warn]: Property "editingMessageContent" was accessed during render but is not defined on instance. 
  at <ChatView onVnodeUnmounted=fn<onVnodeUnmounted> ref=Ref< Proxy(Object) > > 
  at <RouterView> 
  at <App> @ http://localhost:5173/node_modules/.vite/deps/chunk-MYEHH3VS.js?v=cf2b15a6:2194
[  105750ms] [WARNING] [Vue warn]: Property "editingMessageIndex" was accessed during render but is not defined on instance. 
  at <ChatView onVnodeUnmounted=fn<onVnodeUnmounted> ref=Ref< Proxy(Object) > > 
  at <RouterView> 
  at <App> @ http://localhost:5173/node_modules/.vite/deps/chunk-MYEHH3VS.js?v=cf2b15a6:2194
[  105751ms] [WARNING] [Vue warn]: Property "editingMessageContent" was accessed during render but is not defined on instance. 
  at <ChatView onVnodeUnmounted=fn<onVnodeUnmounted> ref=Ref< Proxy(Object) > > 
  at <RouterView> 
  at <App> @ http://localhost:5173/node_modules/.vite/deps/chunk-MYEHH3VS.js?v=cf2b15a6:2194
[  105855ms] [WARNING] [Vue warn]: Property "editingMessageIndex" was accessed during render but is not defined on instance. 
  at <ChatView onVnodeUnmounted=fn<onVnodeUnmounted> ref=Ref< Proxy(Object) > > 
  at <RouterView> 
  at <App> @ http://localhost:5173/node_modules/.vite/deps/chunk-MYEHH3VS.js?v=cf2b15a6:2194
[  105856ms] [WARNING] [Vue warn]: Property "editingMessageContent" was accessed during render but is not defined on instance. 
  at <ChatView onVnodeUnmounted=fn<onVnodeUnmounted> ref=Ref< Proxy(Object) > > 
  at <RouterView> 
  at <App> @ http://localhost:5173/node_modules/.vite/deps/chunk-MYEHH3VS.js?v=cf2b15a6:2194
[  105856ms] [WARNING] [Vue warn]: Property "editingMessageIndex" was accessed during render but is not defined on instance. 
  at <ChatView onVnodeUnmounted=fn<onVnodeUnmounted> ref=Ref< Proxy(Object) > > 
  at <RouterView> 
  at <App> @ http://localhost:5173/node_modules/.vite/deps/chunk-MYEHH3VS.js?v=cf2b15a6:2194
[  105856ms] [WARNING] [Vue warn]: Property "editingMessageContent" was accessed during render but is not defined on instance. 
  at <ChatView onVnodeUnmounted=fn<onVnodeUnmounted> ref=Ref< Proxy(Object) > > 
  at <RouterView> 
  at <App> @ http://localhost:5173/node_modules/.vite/deps/chunk-MYEHH3VS.js?v=cf2b15a6:2194
[  105967ms] [WARNING] [Vue warn]: Property "editingMessageIndex" was accessed during render but is not defined on instance. 
  at <ChatView onVnodeUnmounted=fn<onVnodeUnmounted> ref=Ref< Proxy(Object) > > 
  at <RouterView> 
  at <App> @ http://localhost:5173/node_modules/.vite/deps/chunk-MYEHH3VS.js?v=cf2b15a6:2194
[  105968ms] [WARNING] [Vue warn]: Property "editingMessageContent" was accessed during render but is not defined on instance. 
  at <ChatView onVnodeUnmounted=fn<onVnodeUnmounted> ref=Ref< Proxy(Object) > > 
  at <RouterView> 
  at <App> @ http://localhost:5173/node_modules/.vite/deps/chunk-MYEHH3VS.js?v=cf2b15a6:2194
[  105968ms] [WARNING] [Vue warn]: Property "editingMessageIndex" was accessed during render but is not defined on instance. 
  at <ChatView onVnodeUnmounted=fn<onVnodeUnmounted> ref=Ref< Proxy(Object) > > 
  at <RouterView> 
  at <App> @ http://localhost:5173/node_modules/.vite/deps/chunk-MYEHH3VS.js?v=cf2b15a6:2194
[  105969ms] [WARNING] [Vue warn]: Property "editingMessageContent" was accessed during render but is not defined on instance. 
  at <ChatView onVnodeUnmounted=fn<onVnodeUnmounted> ref=Ref< Proxy(Object) > > 
  at <RouterView> 
  at <App> @ http://localhost:5173/node_modules/.vite/deps/chunk-MYEHH3VS.js?v=cf2b15a6:2194
[  106291ms] [WARNING] [Vue warn]: Property "editingMessageIndex" was accessed during render but is not defined on instance. 
  at <ChatView onVnodeUnmounted=fn<onVnodeUnmounted> ref=Ref< Proxy(Object) > > 
  at <RouterView> 
  at <App> @ http://localhost:5173/node_modules/.vite/deps/chunk-MYEHH3VS.js?v=cf2b15a6:2194
[  106292ms] [WARNING] [Vue warn]: Property "editingMessageContent" was accessed during render but is not defined on instance. 
  at <ChatView onVnodeUnmounted=fn<onVnodeUnmounted> ref=Ref< Proxy(Object) > > 
  at <RouterView> 
  at <App> @ http://localhost:5173/node_modules/.vite/deps/chunk-MYEHH3VS.js?v=cf2b15a6:2194
[  106292ms] [WARNING] [Vue warn]: Property "editingMessageIndex" was accessed during render but is not defined on instance. 
  at <ChatView onVnodeUnmounted=fn<onVnodeUnmounted> ref=Ref< Proxy(Object) > > 
  at <RouterView> 
  at <App> @ http://localhost:5173/node_modules/.vite/deps/chunk-MYEHH3VS.js?v=cf2b15a6:2194
[  106294ms] [WARNING] [Vue warn]: Property "editingMessageContent" was accessed during render but is not defined on instance. 
  at <ChatView onVnodeUnmounted=fn<onVnodeUnmounted> ref=Ref< Proxy(Object) > > 
  at <RouterView> 
  at <App> @ http://localhost:5173/node_modules/.vite/deps/chunk-MYEHH3VS.js?v=cf2b15a6:2194
[  106301ms] [WARNING] [Vue warn]: Property "editingMessageIndex" was accessed during render but is not defined on instance. 
  at <ChatView onVnodeUnmounted=fn<onVnodeUnmounted> ref=Ref< Proxy(Object) > > 
  at <RouterView> 
  at <App> @ http://localhost:5173/node_modules/.vite/deps/chunk-MYEHH3VS.js?v=cf2b15a6:2194
[  106303ms] [WARNING] [Vue warn]: Property "editingMessageContent" was accessed during render but is not defined on instance. 
  at <ChatView onVnodeUnmounted=fn<onVnodeUnmounted> ref=Ref< Proxy(Object) > > 
  at <RouterView> 
  at <App> @ http://localhost:5173/node_modules/.vite/deps/chunk-MYEHH3VS.js?v=cf2b15a6:2194
[  106304ms] [WARNING] [Vue warn]: Property "editingMessageIndex" was accessed during render but is not defined on instance. 
  at <ChatView onVnodeUnmounted=fn<onVnodeUnmounted> ref=Ref< Proxy(Object) > > 
  at <RouterView> 
  at <App> @ http://localhost:5173/node_modules/.vite/deps/chunk-MYEHH3VS.js?v=cf2b15a6:2194
[  106304ms] [WARNING] [Vue warn]: Property "editingMessageContent" was accessed during render but is not defined on instance. 
  at <ChatView onVnodeUnmounted=fn<onVnodeUnmounted> ref=Ref< Proxy(Object) > > 
  at <RouterView> 
  at <App> @ http://localhost:5173/node_modules/.vite/deps/chunk-MYEHH3VS.js?v=cf2b15a6:2194
[  106307ms] [WARNING] [Vue warn]: Property "editingMessageIndex" was accessed during render but is not defined on instance. 
  at <ChatView onVnodeUnmounted=fn<onVnodeUnmounted> ref=Ref< Proxy(Object) > > 
  at <RouterView> 
  at <App> @ http://localhost:5173/node_modules/.vite/deps/chunk-MYEHH3VS.js?v=cf2b15a6:2194
[  106307ms] [WARNING] [Vue warn]: Property "editingMessageContent" was accessed during render but is not defined on instance. 
  at <ChatView onVnodeUnmounted=fn<onVnodeUnmounted> ref=Ref< Proxy(Object) > > 
  at <RouterView> 
  at <App> @ http://localhost:5173/node_modules/.vite/deps/chunk-MYEHH3VS.js?v=cf2b15a6:2194
[  106308ms] [WARNING] [Vue warn]: Property "editingMessageIndex" was accessed during render but is not defined on instance. 
  at <ChatView onVnodeUnmounted=fn<onVnodeUnmounted> ref=Ref< Proxy(Object) > > 
  at <RouterView> 
  at <App> @ http://localhost:5173/node_modules/.vite/deps/chunk-MYEHH3VS.js?v=cf2b15a6:2194
[  106309ms] [WARNING] [Vue warn]: Property "editingMessageContent" was accessed during render but is not defined on instance. 
  at <ChatView onVnodeUnmounted=fn<onVnodeUnmounted> ref=Ref< Proxy(Object) > > 
  at <RouterView> 
  at <App> @ http://localhost:5173/node_modules/.vite/deps/chunk-MYEHH3VS.js?v=cf2b15a6:2194
[  106399ms] [WARNING] [Vue warn]: Property "editingMessageIndex" was accessed during render but is not defined on instance. 
  at <ChatView onVnodeUnmounted=fn<onVnodeUnmounted> ref=Ref< Proxy(Object) > > 
  at <RouterView> 
  at <App> @ http://localhost:5173/node_modules/.vite/deps/chunk-MYEHH3VS.js?v=cf2b15a6:2194
[  106400ms] [WARNING] [Vue warn]: Property "editingMessageContent" was accessed during render but is not defined on instance. 
  at <ChatView onVnodeUnmounted=fn<onVnodeUnmounted> ref=Ref< Proxy(Object) > > 
  at <RouterView> 
  at <App> @ http://localhost:5173/node_modules/.vite/deps/chunk-MYEHH3VS.js?v=cf2b15a6:2194
[  106400ms] [WARNING] [Vue warn]: Property "editingMessageIndex" was accessed during render but is not defined on instance. 
  at <ChatView onVnodeUnmounted=fn<onVnodeUnmounted> ref=Ref< Proxy(Object) > > 
  at <RouterView> 
  at <App> @ http://localhost:5173/node_modules/.vite/deps/chunk-MYEHH3VS.js?v=cf2b15a6:2194
[  106400ms] [WARNING] [Vue warn]: Property "editingMessageContent" was accessed during render but is not defined on instance. 
  at <ChatView onVnodeUnmounted=fn<onVnodeUnmounted> ref=Ref< Proxy(Object) > > 
  at <RouterView> 
  at <App> @ http://localhost:5173/node_modules/.vite/deps/chunk-MYEHH3VS.js?v=cf2b15a6:2194
[  106503ms] [WARNING] [Vue warn]: Property "editingMessageIndex" was accessed during render but is not defined on instance. 
  at <ChatView onVnodeUnmounted=fn<onVnodeUnmounted> ref=Ref< Proxy(Object) > > 
  at <RouterView> 
  at <App> @ http://localhost:5173/node_modules/.vite/deps/chunk-MYEHH3VS.js?v=cf2b15a6:2194
[  106503ms] [WARNING] [Vue warn]: Property "editingMessageContent" was accessed during render but is not defined on instance. 
  at <ChatView onVnodeUnmounted=fn<onVnodeUnmounted> ref=Ref< Proxy(Object) > > 
  at <RouterView> 
  at <App> @ http://localhost:5173/node_modules/.vite/deps/chunk-MYEHH3VS.js?v=cf2b15a6:2194
[  106504ms] [WARNING] [Vue warn]: Property "editingMessageIndex" was accessed during render but is not defined on instance. 
  at <ChatView onVnodeUnmounted=fn<onVnodeUnmounted> ref=Ref< Proxy(Object) > > 
  at <RouterView> 
  at <App> @ http://localhost:5173/node_modules/.vite/deps/chunk-MYEHH3VS.js?v=cf2b15a6:2194
[  106505ms] [WARNING] [Vue warn]: Property "editingMessageContent" was accessed during render but is not defined on instance. 
  at <ChatView onVnodeUnmounted=fn<onVnodeUnmounted> ref=Ref< Proxy(Object) > > 
  at <RouterView> 
  at <App> @ http://localhost:5173/node_modules/.vite/deps/chunk-MYEHH3VS.js?v=cf2b15a6:2194
[  106614ms] [WARNING] [Vue warn]: Property "editingMessageIndex" was accessed during render but is not defined on instance. 
  at <ChatView onVnodeUnmounted=fn<onVnodeUnmounted> ref=Ref< Proxy(Object) > > 
  at <RouterView> 
  at <App> @ http://localhost:5173/node_modules/.vite/deps/chunk-MYEHH3VS.js?v=cf2b15a6:2194
[  106614ms] [WARNING] [Vue warn]: Property "editingMessageContent" was accessed during render but is not defined on instance. 
  at <ChatView onVnodeUnmounted=fn<onVnodeUnmounted> ref=Ref< Proxy(Object) > > 
  at <RouterView> 
  at <App> @ http://localhost:5173/node_modules/.vite/deps/chunk-MYEHH3VS.js?v=cf2b15a6:2194
[  106615ms] [WARNING] [Vue warn]: Property "editingMessageIndex" was accessed during render but is not defined on instance. 
  at <ChatView onVnodeUnmounted=fn<onVnodeUnmounted> ref=Ref< Proxy(Object) > > 
  at <RouterView> 
  at <App> @ http://localhost:5173/node_modules/.vite/deps/chunk-MYEHH3VS.js?v=cf2b15a6:2194
[  106615ms] [WARNING] [Vue warn]: Property "editingMessageContent" was accessed during render but is not defined on instance. 
  at <ChatView onVnodeUnmounted=fn<onVnodeUnmounted> ref=Ref< Proxy(Object) > > 
  at <RouterView> 
  at <App> @ http://localhost:5173/node_modules/.vite/deps/chunk-MYEHH3VS.js?v=cf2b15a6:2194
[  106729ms] [WARNING] [Vue warn]: Property "editingMessageIndex" was accessed during render but is not defined on instance. 
  at <ChatView onVnodeUnmounted=fn<onVnodeUnmounted> ref=Ref< Proxy(Object) > > 
  at <RouterView> 
  at <App> @ http://localhost:5173/node_modules/.vite/deps/chunk-MYEHH3VS.js?v=cf2b15a6:2194
[  106730ms] [WARNING] [Vue warn]: Property "editingMessageContent" was accessed during render but is not defined on instance. 
  at <ChatView onVnodeUnmounted=fn<onVnodeUnmounted> ref=Ref< Proxy(Object) > > 
  at <RouterView> 
  at <App> @ http://localhost:5173/node_modules/.vite/deps/chunk-MYEHH3VS.js?v=cf2b15a6:2194
[  106730ms] [WARNING] [Vue warn]: Property "editingMessageIndex" was accessed during render but is not defined on instance. 
  at <ChatView onVnodeUnmounted=fn<onVnodeUnmounted> ref=Ref< Proxy(Object) > > 
  at <RouterView> 
  at <App> @ http://localhost:5173/node_modules/.vite/deps/chunk-MYEHH3VS.js?v=cf2b15a6:2194
[  106731ms] [WARNING] [Vue warn]: Property "editingMessageContent" was accessed during render but is not defined on instance. 
  at <ChatView onVnodeUnmounted=fn<onVnodeUnmounted> ref=Ref< Proxy(Object) > > 
  at <RouterView> 
  at <App> @ http://localhost:5173/node_modules/.vite/deps/chunk-MYEHH3VS.js?v=cf2b15a6:2194
[  106846ms] [WARNING] [Vue warn]: Property "editingMessageIndex" was accessed during render but is not defined on instance. 
  at <ChatView onVnodeUnmounted=fn<onVnodeUnmounted> ref=Ref< Proxy(Object) > > 
  at <RouterView> 
  at <App> @ http://localhost:5173/node_modules/.vite/deps/chunk-MYEHH3VS.js?v=cf2b15a6:2194
[  106846ms] [WARNING] [Vue warn]: Property "editingMessageContent" was accessed during render but is not defined on instance. 
  at <ChatView onVnodeUnmounted=fn<onVnodeUnmounted> ref=Ref< Proxy(Object) > > 
  at <RouterView> 
  at <App> @ http://localhost:5173/node_modules/.vite/deps/chunk-MYEHH3VS.js?v=cf2b15a6:2194
[  106846ms] [WARNING] [Vue warn]: Property "editingMessageIndex" was accessed during render but is not defined on instance. 
  at <ChatView onVnodeUnmounted=fn<onVnodeUnmounted> ref=Ref< Proxy(Object) > > 
  at <RouterView> 
  at <App> @ http://localhost:5173/node_modules/.vite/deps/chunk-MYEHH3VS.js?v=cf2b15a6:2194
[  106847ms] [WARNING] [Vue warn]: Property "editingMessageContent" was accessed during render but is not defined on instance. 
  at <ChatView onVnodeUnmounted=fn<onVnodeUnmounted> ref=Ref< Proxy(Object) > > 
  at <RouterView> 
  at <App> @ http://localhost:5173/node_modules/.vite/deps/chunk-MYEHH3VS.js?v=cf2b15a6:2194
[  106945ms] [WARNING] [Vue warn]: Property "editingMessageIndex" was accessed during render but is not defined on instance. 
  at <ChatView onVnodeUnmounted=fn<onVnodeUnmounted> ref=Ref< Proxy(Object) > > 
  at <RouterView> 
  at <App> @ http://localhost:5173/node_modules/.vite/deps/chunk-MYEHH3VS.js?v=cf2b15a6:2194
[  106945ms] [WARNING] [Vue warn]: Property "editingMessageContent" was accessed during render but is not defined on instance. 
  at <ChatView onVnodeUnmounted=fn<onVnodeUnmounted> ref=Ref< Proxy(Object) > > 
  at <RouterView> 
  at <App> @ http://localhost:5173/node_modules/.vite/deps/chunk-MYEHH3VS.js?v=cf2b15a6:2194
[  106945ms] [WARNING] [Vue warn]: Property "editingMessageIndex" was accessed during render but is not defined on instance. 
  at <ChatView onVnodeUnmounted=fn<onVnodeUnmounted> ref=Ref< Proxy(Object) > > 
  at <RouterView> 
  at <App> @ http://localhost:5173/node_modules/.vite/deps/chunk-MYEHH3VS.js?v=cf2b15a6:2194
[  106946ms] [WARNING] [Vue warn]: Property "editingMessageContent" was accessed during render but is not defined on instance. 
  at <ChatView onVnodeUnmounted=fn<onVnodeUnmounted> ref=Ref< Proxy(Object) > > 
  at <RouterView> 
  at <App> @ http://localhost:5173/node_modules/.vite/deps/chunk-MYEHH3VS.js?v=cf2b15a6:2194
[  107038ms] [WARNING] [Vue warn]: Property "editingMessageIndex" was accessed during render but is not defined on instance. 
  at <ChatView onVnodeUnmounted=fn<onVnodeUnmounted> ref=Ref< Proxy(Object) > > 
  at <RouterView> 
  at <App> @ http://localhost:5173/node_modules/.vite/deps/chunk-MYEHH3VS.js?v=cf2b15a6:2194
[  107039ms] [WARNING] [Vue warn]: Property "editingMessageContent" was accessed during render but is not defined on instance. 
  at <ChatView onVnodeUnmounted=fn<onVnodeUnmounted> ref=Ref< Proxy(Object) > > 
  at <RouterView> 
  at <App> @ http://localhost:5173/node_modules/.vite/deps/chunk-MYEHH3VS.js?v=cf2b15a6:2194
[  107039ms] [WARNING] [Vue warn]: Property "editingMessageIndex" was accessed during render but is not defined on instance. 
  at <ChatView onVnodeUnmounted=fn<onVnodeUnmounted> ref=Ref< Proxy(Object) > > 
  at <RouterView> 
  at <App> @ http://localhost:5173/node_modules/.vite/deps/chunk-MYEHH3VS.js?v=cf2b15a6:2194
[  107039ms] [WARNING] [Vue warn]: Property "editingMessageContent" was accessed during render but is not defined on instance. 
  at <ChatView onVnodeUnmounted=fn<onVnodeUnmounted> ref=Ref< Proxy(Object) > > 
  at <RouterView> 
  at <App> @ http://localhost:5173/node_modules/.vite/deps/chunk-MYEHH3VS.js?v=cf2b15a6:2194
[  107134ms] [WARNING] [Vue warn]: Property "editingMessageIndex" was accessed during render but is not defined on instance. 
  at <ChatView onVnodeUnmounted=fn<onVnodeUnmounted> ref=Ref< Proxy(Object) > > 
  at <RouterView> 
  at <App> @ http://localhost:5173/node_modules/.vite/deps/chunk-MYEHH3VS.js?v=cf2b15a6:2194
[  107135ms] [WARNING] [Vue warn]: Property "editingMessageContent" was accessed during render but is not defined on instance. 
  at <ChatView onVnodeUnmounted=fn<onVnodeUnmounted> ref=Ref< Proxy(Object) > > 
  at <RouterView> 
  at <App> @ http://localhost:5173/node_modules/.vite/deps/chunk-MYEHH3VS.js?v=cf2b15a6:2194
[  107135ms] [WARNING] [Vue warn]: Property "editingMessageIndex" was accessed during render but is not defined on instance. 
  at <ChatView onVnodeUnmounted=fn<onVnodeUnmounted> ref=Ref< Proxy(Object) > > 
  at <RouterView> 
  at <App> @ http://localhost:5173/node_modules/.vite/deps/chunk-MYEHH3VS.js?v=cf2b15a6:2194
[  107136ms] [WARNING] [Vue warn]: Property "editingMessageContent" was accessed during render but is not defined on instance. 
  at <ChatView onVnodeUnmounted=fn<onVnodeUnmounted> ref=Ref< Proxy(Object) > > 
  at <RouterView> 
  at <App> @ http://localhost:5173/node_modules/.vite/deps/chunk-MYEHH3VS.js?v=cf2b15a6:2194
[  107233ms] [WARNING] [Vue warn]: Property "editingMessageIndex" was accessed during render but is not defined on instance. 
  at <ChatView onVnodeUnmounted=fn<onVnodeUnmounted> ref=Ref< Proxy(Object) > > 
  at <RouterView> 
  at <App> @ http://localhost:5173/node_modules/.vite/deps/chunk-MYEHH3VS.js?v=cf2b15a6:2194
[  107233ms] [WARNING] [Vue warn]: Property "editingMessageContent" was accessed during render but is not defined on instance. 
  at <ChatView onVnodeUnmounted=fn<onVnodeUnmounted> ref=Ref< Proxy(Object) > > 
  at <RouterView> 
  at <App> @ http://localhost:5173/node_modules/.vite/deps/chunk-MYEHH3VS.js?v=cf2b15a6:2194
[  107234ms] [WARNING] [Vue warn]: Property "editingMessageIndex" was accessed during render but is not defined on instance. 
  at <ChatView onVnodeUnmounted=fn<onVnodeUnmounted> ref=Ref< Proxy(Object) > > 
  at <RouterView> 
  at <App> @ http://localhost:5173/node_modules/.vite/deps/chunk-MYEHH3VS.js?v=cf2b15a6:2194
[  107234ms] [WARNING] [Vue warn]: Property "editingMessageContent" was accessed during render but is not defined on instance. 
  at <ChatView onVnodeUnmounted=fn<onVnodeUnmounted> ref=Ref< Proxy(Object) > > 
  at <RouterView> 
  at <App> @ http://localhost:5173/node_modules/.vite/deps/chunk-MYEHH3VS.js?v=cf2b15a6:2194
[  107326ms] [WARNING] [Vue warn]: Property "editingMessageIndex" was accessed during render but is not defined on instance. 
  at <ChatView onVnodeUnmounted=fn<onVnodeUnmounted> ref=Ref< Proxy(Object) > > 
  at <RouterView> 
  at <App> @ http://localhost:5173/node_modules/.vite/deps/chunk-MYEHH3VS.js?v=cf2b15a6:2194
[  107326ms] [WARNING] [Vue warn]: Property "editingMessageContent" was accessed during render but is not defined on instance. 
  at <ChatView onVnodeUnmounted=fn<onVnodeUnmounted> ref=Ref< Proxy(Object) > > 
  at <RouterView> 
  at <App> @ http://localhost:5173/node_modules/.vite/deps/chunk-MYEHH3VS.js?v=cf2b15a6:2194
[  107326ms] [WARNING] [Vue warn]: Property "editingMessageIndex" was accessed during render but is not defined on instance. 
  at <ChatView onVnodeUnmounted=fn<onVnodeUnmounted> ref=Ref< Proxy(Object) > > 
  at <RouterView> 
  at <App> @ http://localhost:5173/node_modules/.vite/deps/chunk-MYEHH3VS.js?v=cf2b15a6:2194
[  107327ms] [WARNING] [Vue warn]: Property "editingMessageContent" was accessed during render but is not defined on instance. 
  at <ChatView onVnodeUnmounted=fn<onVnodeUnmounted> ref=Ref< Proxy(Object) > > 
  at <RouterView> 
  at <App> @ http://localhost:5173/node_modules/.vite/deps/chunk-MYEHH3VS.js?v=cf2b15a6:2194
[  107419ms] [WARNING] [Vue warn]: Property "editingMessageIndex" was accessed during render but is not defined on instance. 
  at <ChatView onVnodeUnmounted=fn<onVnodeUnmounted> ref=Ref< Proxy(Object) > > 
  at <RouterView> 
  at <App> @ http://localhost:5173/node_modules/.vite/deps/chunk-MYEHH3VS.js?v=cf2b15a6:2194
[  107420ms] [WARNING] [Vue warn]: Property "editingMessageContent" was accessed during render but is not defined on instance. 
  at <ChatView onVnodeUnmounted=fn<onVnodeUnmounted> ref=Ref< Proxy(Object) > > 
  at <RouterView> 
  at <App> @ http://localhost:5173/node_modules/.vite/deps/chunk-MYEHH3VS.js?v=cf2b15a6:2194
[  107420ms] [WARNING] [Vue warn]: Property "editingMessageIndex" was accessed during render but is not defined on instance. 
  at <ChatView onVnodeUnmounted=fn<onVnodeUnmounted> ref=Ref< Proxy(Object) > > 
  at <RouterView> 
  at <App> @ http://localhost:5173/node_modules/.vite/deps/chunk-MYEHH3VS.js?v=cf2b15a6:2194
[  107421ms] [WARNING] [Vue warn]: Property "editingMessageContent" was accessed during render but is not defined on instance. 
  at <ChatView onVnodeUnmounted=fn<onVnodeUnmounted> ref=Ref< Proxy(Object) > > 
  at <RouterView> 
  at <App> @ http://localhost:5173/node_modules/.vite/deps/chunk-MYEHH3VS.js?v=cf2b15a6:2194
[  107513ms] [WARNING] [Vue warn]: Property "editingMessageIndex" was accessed during render but is not defined on instance. 
  at <ChatView onVnodeUnmounted=fn<onVnodeUnmounted> ref=Ref< Proxy(Object) > > 
  at <RouterView> 
  at <App> @ http://localhost:5173/node_modules/.vite/deps/chunk-MYEHH3VS.js?v=cf2b15a6:2194
[  107514ms] [WARNING] [Vue warn]: Property "editingMessageContent" was accessed during render but is not defined on instance. 
  at <ChatView onVnodeUnmounted=fn<onVnodeUnmounted> ref=Ref< Proxy(Object) > > 
  at <RouterView> 
  at <App> @ http://localhost:5173/node_modules/.vite/deps/chunk-MYEHH3VS.js?v=cf2b15a6:2194
[  107514ms] [WARNING] [Vue warn]: Property "editingMessageIndex" was accessed during render but is not defined on instance. 
  at <ChatView onVnodeUnmounted=fn<onVnodeUnmounted> ref=Ref< Proxy(Object) > > 
  at <RouterView> 
  at <App> @ http://localhost:5173/node_modules/.vite/deps/chunk-MYEHH3VS.js?v=cf2b15a6:2194
[  107514ms] [WARNING] [Vue warn]: Property "editingMessageContent" was accessed during render but is not defined on instance. 
  at <ChatView onVnodeUnmounted=fn<onVnodeUnmounted> ref=Ref< Proxy(Object) > > 
  at <RouterView> 
  at <App> @ http://localhost:5173/node_modules/.vite/deps/chunk-MYEHH3VS.js?v=cf2b15a6:2194
[  107615ms] [WARNING] [Vue warn]: Property "editingMessageIndex" was accessed during render but is not defined on instance. 
  at <ChatView onVnodeUnmounted=fn<onVnodeUnmounted> ref=Ref< Proxy(Object) > > 
  at <RouterView> 
  at <App> @ http://localhost:5173/node_modules/.vite/deps/chunk-MYEHH3VS.js?v=cf2b15a6:2194
[  107616ms] [WARNING] [Vue warn]: Property "editingMessageContent" was accessed during render but is not defined on instance. 
  at <ChatView onVnodeUnmounted=fn<onVnodeUnmounted> ref=Ref< Proxy(Object) > > 
  at <RouterView> 
  at <App> @ http://localhost:5173/node_modules/.vite/deps/chunk-MYEHH3VS.js?v=cf2b15a6:2194
[  107616ms] [WARNING] [Vue warn]: Property "editingMessageIndex" was accessed during render but is not defined on instance. 
  at <ChatView onVnodeUnmounted=fn<onVnodeUnmounted> ref=Ref< Proxy(Object) > > 
  at <RouterView> 
  at <App> @ http://localhost:5173/node_modules/.vite/deps/chunk-MYEHH3VS.js?v=cf2b15a6:2194
[  107616ms] [WARNING] [Vue warn]: Property "editingMessageContent" was accessed during render but is not defined on instance. 
  at <ChatView onVnodeUnmounted=fn<onVnodeUnmounted> ref=Ref< Proxy(Object) > > 
  at <RouterView> 
  at <App> @ http://localhost:5173/node_modules/.vite/deps/chunk-MYEHH3VS.js?v=cf2b15a6:2194
[  107712ms] [WARNING] [Vue warn]: Property "editingMessageIndex" was accessed during render but is not defined on instance. 
  at <ChatView onVnodeUnmounted=fn<onVnodeUnmounted> ref=Ref< Proxy(Object) > > 
  at <RouterView> 
  at <App> @ http://localhost:5173/node_modules/.vite/deps/chunk-MYEHH3VS.js?v=cf2b15a6:2194
[  107713ms] [WARNING] [Vue warn]: Property "editingMessageContent" was accessed during render but is not defined on instance. 
  at <ChatView onVnodeUnmounted=fn<onVnodeUnmounted> ref=Ref< Proxy(Object) > > 
  at <RouterView> 
  at <App> @ http://localhost:5173/node_modules/.vite/deps/chunk-MYEHH3VS.js?v=cf2b15a6:2194
[  107713ms] [WARNING] [Vue warn]: Property "editingMessageIndex" was accessed during render but is not defined on instance. 
  at <ChatView onVnodeUnmounted=fn<onVnodeUnmounted> ref=Ref< Proxy(Object) > > 
  at <RouterView> 
  at <App> @ http://localhost:5173/node_modules/.vite/deps/chunk-MYEHH3VS.js?v=cf2b15a6:2194
[  107713ms] [WARNING] [Vue warn]: Property "editingMessageContent" was accessed during render but is not defined on instance. 
  at <ChatView onVnodeUnmounted=fn<onVnodeUnmounted> ref=Ref< Proxy(Object) > > 
  at <RouterView> 
  at <App> @ http://localhost:5173/node_modules/.vite/deps/chunk-MYEHH3VS.js?v=cf2b15a6:2194
[  107807ms] [WARNING] [Vue warn]: Property "editingMessageIndex" was accessed during render but is not defined on instance. 
  at <ChatView onVnodeUnmounted=fn<onVnodeUnmounted> ref=Ref< Proxy(Object) > > 
  at <RouterView> 
  at <App> @ http://localhost:5173/node_modules/.vite/deps/chunk-MYEHH3VS.js?v=cf2b15a6:2194
[  107807ms] [WARNING] [Vue warn]: Property "editingMessageContent" was accessed during render but is not defined on instance. 
  at <ChatView onVnodeUnmounted=fn<onVnodeUnmounted> ref=Ref< Proxy(Object) > > 
  at <RouterView> 
  at <App> @ http://localhost:5173/node_modules/.vite/deps/chunk-MYEHH3VS.js?v=cf2b15a6:2194
[  107808ms] [WARNING] [Vue warn]: Property "editingMessageIndex" was accessed during render but is not defined on instance. 
  at <ChatView onVnodeUnmounted=fn<onVnodeUnmounted> ref=Ref< Proxy(Object) > > 
  at <RouterView> 
  at <App> @ http://localhost:5173/node_modules/.vite/deps/chunk-MYEHH3VS.js?v=cf2b15a6:2194
[  107808ms] [WARNING] [Vue warn]: Property "editingMessageContent" was accessed during render but is not defined on instance. 
  at <ChatView onVnodeUnmounted=fn<onVnodeUnmounted> ref=Ref< Proxy(Object) > > 
  at <RouterView> 
  at <App> @ http://localhost:5173/node_modules/.vite/deps/chunk-MYEHH3VS.js?v=cf2b15a6:2194
[  107904ms] [WARNING] [Vue warn]: Property "editingMessageIndex" was accessed during render but is not defined on instance. 
  at <ChatView onVnodeUnmounted=fn<onVnodeUnmounted> ref=Ref< Proxy(Object) > > 
  at <RouterView> 
  at <App> @ http://localhost:5173/node_modules/.vite/deps/chunk-MYEHH3VS.js?v=cf2b15a6:2194
[  107905ms] [WARNING] [Vue warn]: Property "editingMessageContent" was accessed during render but is not defined on instance. 
  at <ChatView onVnodeUnmounted=fn<onVnodeUnmounted> ref=Ref< Proxy(Object) > > 
  at <RouterView> 
  at <App> @ http://localhost:5173/node_modules/.vite/deps/chunk-MYEHH3VS.js?v=cf2b15a6:2194
[  107905ms] [WARNING] [Vue warn]: Property "editingMessageIndex" was accessed during render but is not defined on instance. 
  at <ChatView onVnodeUnmounted=fn<onVnodeUnmounted> ref=Ref< Proxy(Object) > > 
  at <RouterView> 
  at <App> @ http://localhost:5173/node_modules/.vite/deps/chunk-MYEHH3VS.js?v=cf2b15a6:2194
[  107905ms] [WARNING] [Vue warn]: Property "editingMessageContent" was accessed during render but is not defined on instance. 
  at <ChatView onVnodeUnmounted=fn<onVnodeUnmounted> ref=Ref< Proxy(Object) > > 
  at <RouterView> 
  at <App> @ http://localhost:5173/node_modules/.vite/deps/chunk-MYEHH3VS.js?v=cf2b15a6:2194
[  107999ms] [WARNING] [Vue warn]: Property "editingMessageIndex" was accessed during render but is not defined on instance. 
  at <ChatView onVnodeUnmounted=fn<onVnodeUnmounted> ref=Ref< Proxy(Object) > > 
  at <RouterView> 
  at <App> @ http://localhost:5173/node_modules/.vite/deps/chunk-MYEHH3VS.js?v=cf2b15a6:2194
[  108000ms] [WARNING] [Vue warn]: Property "editingMessageContent" was accessed during render but is not defined on instance. 
  at <ChatView onVnodeUnmounted=fn<onVnodeUnmounted> ref=Ref< Proxy(Object) > > 
  at <RouterView> 
  at <App> @ http://localhost:5173/node_modules/.vite/deps/chunk-MYEHH3VS.js?v=cf2b15a6:2194
[  108000ms] [WARNING] [Vue warn]: Property "editingMessageIndex" was accessed during render but is not defined on instance. 
  at <ChatView onVnodeUnmounted=fn<onVnodeUnmounted> ref=Ref< Proxy(Object) > > 
  at <RouterView> 
  at <App> @ http://localhost:5173/node_modules/.vite/deps/chunk-MYEHH3VS.js?v=cf2b15a6:2194
[  108000ms] [WARNING] [Vue warn]: Property "editingMessageContent" was accessed during render but is not defined on instance. 
  at <ChatView onVnodeUnmounted=fn<onVnodeUnmounted> ref=Ref< Proxy(Object) > > 
  at <RouterView> 
  at <App> @ http://localhost:5173/node_modules/.vite/deps/chunk-MYEHH3VS.js?v=cf2b15a6:2194
[  108094ms] [WARNING] [Vue warn]: Property "editingMessageIndex" was accessed during render but is not defined on instance. 
  at <ChatView onVnodeUnmounted=fn<onVnodeUnmounted> ref=Ref< Proxy(Object) > > 
  at <RouterView> 
  at <App> @ http://localhost:5173/node_modules/.vite/deps/chunk-MYEHH3VS.js?v=cf2b15a6:2194
[  108094ms] [WARNING] [Vue warn]: Property "editingMessageContent" was accessed during render but is not defined on instance. 
  at <ChatView onVnodeUnmounted=fn<onVnodeUnmounted> ref=Ref< Proxy(Object) > > 
  at <RouterView> 
  at <App> @ http://localhost:5173/node_modules/.vite/deps/chunk-MYEHH3VS.js?v=cf2b15a6:2194
[  108095ms] [WARNING] [Vue warn]: Property "editingMessageIndex" was accessed during render but is not defined on instance. 
  at <ChatView onVnodeUnmounted=fn<onVnodeUnmounted> ref=Ref< Proxy(Object) > > 
  at <RouterView> 
  at <App> @ http://localhost:5173/node_modules/.vite/deps/chunk-MYEHH3VS.js?v=cf2b15a6:2194
[  108095ms] [WARNING] [Vue warn]: Property "editingMessageContent" was accessed during render but is not defined on instance. 
  at <ChatView onVnodeUnmounted=fn<onVnodeUnmounted> ref=Ref< Proxy(Object) > > 
  at <RouterView> 
  at <App> @ http://localhost:5173/node_modules/.vite/deps/chunk-MYEHH3VS.js?v=cf2b15a6:2194
[  108191ms] [WARNING] [Vue warn]: Property "editingMessageIndex" was accessed during render but is not defined on instance. 
  at <ChatView onVnodeUnmounted=fn<onVnodeUnmounted> ref=Ref< Proxy(Object) > > 
  at <RouterView> 
  at <App> @ http://localhost:5173/node_modules/.vite/deps/chunk-MYEHH3VS.js?v=cf2b15a6:2194
[  108192ms] [WARNING] [Vue warn]: Property "editingMessageContent" was accessed during render but is not defined on instance. 
  at <ChatView onVnodeUnmounted=fn<onVnodeUnmounted> ref=Ref< Proxy(Object) > > 
  at <RouterView> 
  at <App> @ http://localhost:5173/node_modules/.vite/deps/chunk-MYEHH3VS.js?v=cf2b15a6:2194
[  108192ms] [WARNING] [Vue warn]: Property "editingMessageIndex" was accessed during render but is not defined on instance. 
  at <ChatView onVnodeUnmounted=fn<onVnodeUnmounted> ref=Ref< Proxy(Object) > > 
  at <RouterView> 
  at <App> @ http://localhost:5173/node_modules/.vite/deps/chunk-MYEHH3VS.js?v=cf2b15a6:2194
[  108192ms] [WARNING] [Vue warn]: Property "editingMessageContent" was accessed during render but is not defined on instance. 
  at <ChatView onVnodeUnmounted=fn<onVnodeUnmounted> ref=Ref< Proxy(Object) > > 
  at <RouterView> 
  at <App> @ http://localhost:5173/node_modules/.vite/deps/chunk-MYEHH3VS.js?v=cf2b15a6:2194
[  108289ms] [WARNING] [Vue warn]: Property "editingMessageIndex" was accessed during render but is not defined on instance. 
  at <ChatView onVnodeUnmounted=fn<onVnodeUnmounted> ref=Ref< Proxy(Object) > > 
  at <RouterView> 
  at <App> @ http://localhost:5173/node_modules/.vite/deps/chunk-MYEHH3VS.js?v=cf2b15a6:2194
[  108290ms] [WARNING] [Vue warn]: Property "editingMessageContent" was accessed during render but is not defined on instance. 
  at <ChatView onVnodeUnmounted=fn<onVnodeUnmounted> ref=Ref< Proxy(Object) > > 
  at <RouterView> 
  at <App> @ http://localhost:5173/node_modules/.vite/deps/chunk-MYEHH3VS.js?v=cf2b15a6:2194
[  108290ms] [WARNING] [Vue warn]: Property "editingMessageIndex" was accessed during render but is not defined on instance. 
  at <ChatView onVnodeUnmounted=fn<onVnodeUnmounted> ref=Ref< Proxy(Object) > > 
  at <RouterView> 
  at <App> @ http://localhost:5173/node_modules/.vite/deps/chunk-MYEHH3VS.js?v=cf2b15a6:2194
[  108290ms] [WARNING] [Vue warn]: Property "editingMessageContent" was accessed during render but is not defined on instance. 
  at <ChatView onVnodeUnmounted=fn<onVnodeUnmounted> ref=Ref< Proxy(Object) > > 
  at <RouterView> 
  at <App> @ http://localhost:5173/node_modules/.vite/deps/chunk-MYEHH3VS.js?v=cf2b15a6:2194
[  108383ms] [WARNING] [Vue warn]: Property "editingMessageIndex" was accessed during render but is not defined on instance. 
  at <ChatView onVnodeUnmounted=fn<onVnodeUnmounted> ref=Ref< Proxy(Object) > > 
  at <RouterView> 
  at <App> @ http://localhost:5173/node_modules/.vite/deps/chunk-MYEHH3VS.js?v=cf2b15a6:2194
[  108383ms] [WARNING] [Vue warn]: Property "editingMessageContent" was accessed during render but is not defined on instance. 
  at <ChatView onVnodeUnmounted=fn<onVnodeUnmounted> ref=Ref< Proxy(Object) > > 
  at <RouterView> 
  at <App> @ http://localhost:5173/node_modules/.vite/deps/chunk-MYEHH3VS.js?v=cf2b15a6:2194
[  108384ms] [WARNING] [Vue warn]: Property "editingMessageIndex" was accessed during render but is not defined on instance. 
  at <ChatView onVnodeUnmounted=fn<onVnodeUnmounted> ref=Ref< Proxy(Object) > > 
  at <RouterView> 
  at <App> @ http://localhost:5173/node_modules/.vite/deps/chunk-MYEHH3VS.js?v=cf2b15a6:2194
[  108384ms] [WARNING] [Vue warn]: Property "editingMessageContent" was accessed during render but is not defined on instance. 
  at <ChatView onVnodeUnmounted=fn<onVnodeUnmounted> ref=Ref< Proxy(Object) > > 
  at <RouterView> 
  at <App> @ http://localhost:5173/node_modules/.vite/deps/chunk-MYEHH3VS.js?v=cf2b15a6:2194
[  108484ms] [WARNING] [Vue warn]: Property "editingMessageIndex" was accessed during render but is not defined on instance. 
  at <ChatView onVnodeUnmounted=fn<onVnodeUnmounted> ref=Ref< Proxy(Object) > > 
  at <RouterView> 
  at <App> @ http://localhost:5173/node_modules/.vite/deps/chunk-MYEHH3VS.js?v=cf2b15a6:2194
[  108485ms] [WARNING] [Vue warn]: Property "editingMessageContent" was accessed during render but is not defined on instance. 
  at <ChatView onVnodeUnmounted=fn<onVnodeUnmounted> ref=Ref< Proxy(Object) > > 
  at <RouterView> 
  at <App> @ http://localhost:5173/node_modules/.vite/deps/chunk-MYEHH3VS.js?v=cf2b15a6:2194
[  108485ms] [WARNING] [Vue warn]: Property "editingMessageIndex" was accessed during render but is not defined on instance. 
  at <ChatView onVnodeUnmounted=fn<onVnodeUnmounted> ref=Ref< Proxy(Object) > > 
  at <RouterView> 
  at <App> @ http://localhost:5173/node_modules/.vite/deps/chunk-MYEHH3VS.js?v=cf2b15a6:2194
[  108486ms] [WARNING] [Vue warn]: Property "editingMessageContent" was accessed during render but is not defined on instance. 
  at <ChatView onVnodeUnmounted=fn<onVnodeUnmounted> ref=Ref< Proxy(Object) > > 
  at <RouterView> 
  at <App> @ http://localhost:5173/node_modules/.vite/deps/chunk-MYEHH3VS.js?v=cf2b15a6:2194
[  108579ms] [WARNING] [Vue warn]: Property "editingMessageIndex" was accessed during render but is not defined on instance. 
  at <ChatView onVnodeUnmounted=fn<onVnodeUnmounted> ref=Ref< Proxy(Object) > > 
  at <RouterView> 
  at <App> @ http://localhost:5173/node_modules/.vite/deps/chunk-MYEHH3VS.js?v=cf2b15a6:2194
[  108580ms] [WARNING] [Vue warn]: Property "editingMessageContent" was accessed during render but is not defined on instance. 
  at <ChatView onVnodeUnmounted=fn<onVnodeUnmounted> ref=Ref< Proxy(Object) > > 
  at <RouterView> 
  at <App> @ http://localhost:5173/node_modules/.vite/deps/chunk-MYEHH3VS.js?v=cf2b15a6:2194
[  108580ms] [WARNING] [Vue warn]: Property "editingMessageIndex" was accessed during render but is not defined on instance. 
  at <ChatView onVnodeUnmounted=fn<onVnodeUnmounted> ref=Ref< Proxy(Object) > > 
  at <RouterView> 
  at <App> @ http://localhost:5173/node_modules/.vite/deps/chunk-MYEHH3VS.js?v=cf2b15a6:2194
[  108581ms] [WARNING] [Vue warn]: Property "editingMessageContent" was accessed during render but is not defined on instance. 
  at <ChatView onVnodeUnmounted=fn<onVnodeUnmounted> ref=Ref< Proxy(Object) > > 
  at <RouterView> 
  at <App> @ http://localhost:5173/node_modules/.vite/deps/chunk-MYEHH3VS.js?v=cf2b15a6:2194
[  108693ms] [WARNING] [Vue warn]: Property "editingMessageIndex" was accessed during render but is not defined on instance. 
  at <ChatView onVnodeUnmounted=fn<onVnodeUnmounted> ref=Ref< Proxy(Object) > > 
  at <RouterView> 
  at <App> @ http://localhost:5173/node_modules/.vite/deps/chunk-MYEHH3VS.js?v=cf2b15a6:2194
[  108693ms] [WARNING] [Vue warn]: Property "editingMessageContent" was accessed during render but is not defined on instance. 
  at <ChatView onVnodeUnmounted=fn<onVnodeUnmounted> ref=Ref< Proxy(Object) > > 
  at <RouterView> 
  at <App> @ http://localhost:5173/node_modules/.vite/deps/chunk-MYEHH3VS.js?v=cf2b15a6:2194
[  108693ms] [WARNING] [Vue warn]: Property "editingMessageIndex" was accessed during render but is not defined on instance. 
  at <ChatView onVnodeUnmounted=fn<onVnodeUnmounted> ref=Ref< Proxy(Object) > > 
  at <RouterView> 
  at <App> @ http://localhost:5173/node_modules/.vite/deps/chunk-MYEHH3VS.js?v=cf2b15a6:2194
[  108693ms] [WARNING] [Vue warn]: Property "editingMessageContent" was accessed during render but is not defined on instance. 
  at <ChatView onVnodeUnmounted=fn<onVnodeUnmounted> ref=Ref< Proxy(Object) > > 
  at <RouterView> 
  at <App> @ http://localhost:5173/node_modules/.vite/deps/chunk-MYEHH3VS.js?v=cf2b15a6:2194
[  108795ms] [WARNING] [Vue warn]: Property "editingMessageIndex" was accessed during render but is not defined on instance. 
  at <ChatView onVnodeUnmounted=fn<onVnodeUnmounted> ref=Ref< Proxy(Object) > > 
  at <RouterView> 
  at <App> @ http://localhost:5173/node_modules/.vite/deps/chunk-MYEHH3VS.js?v=cf2b15a6:2194
[  108796ms] [WARNING] [Vue warn]: Property "editingMessageContent" was accessed during render but is not defined on instance. 
  at <ChatView onVnodeUnmounted=fn<onVnodeUnmounted> ref=Ref< Proxy(Object) > > 
  at <RouterView> 
  at <App> @ http://localhost:5173/node_modules/.vite/deps/chunk-MYEHH3VS.js?v=cf2b15a6:2194
[  108796ms] [WARNING] [Vue warn]: Property "editingMessageIndex" was accessed during render but is not defined on instance. 
  at <ChatView onVnodeUnmounted=fn<onVnodeUnmounted> ref=Ref< Proxy(Object) > > 
  at <RouterView> 
  at <App> @ http://localhost:5173/node_modules/.vite/deps/chunk-MYEHH3VS.js?v=cf2b15a6:2194
[  108796ms] [WARNING] [Vue warn]: Property "editingMessageContent" was accessed during render but is not defined on instance. 
  at <ChatView onVnodeUnmounted=fn<onVnodeUnmounted> ref=Ref< Proxy(Object) > > 
  at <RouterView> 
  at <App> @ http://localhost:5173/node_modules/.vite/deps/chunk-MYEHH3VS.js?v=cf2b15a6:2194
[  108893ms] [WARNING] [Vue warn]: Property "editingMessageIndex" was accessed during render but is not defined on instance. 
  at <ChatView onVnodeUnmounted=fn<onVnodeUnmounted> ref=Ref< Proxy(Object) > > 
  at <RouterView> 
  at <App> @ http://localhost:5173/node_modules/.vite/deps/chunk-MYEHH3VS.js?v=cf2b15a6:2194
[  108894ms] [WARNING] [Vue warn]: Property "editingMessageContent" was accessed during render but is not defined on instance. 
  at <ChatView onVnodeUnmounted=fn<onVnodeUnmounted> ref=Ref< Proxy(Object) > > 
  at <RouterView> 
  at <App> @ http://localhost:5173/node_modules/.vite/deps/chunk-MYEHH3VS.js?v=cf2b15a6:2194
[  108895ms] [WARNING] [Vue warn]: Property "editingMessageIndex" was accessed during render but is not defined on instance. 
  at <ChatView onVnodeUnmounted=fn<onVnodeUnmounted> ref=Ref< Proxy(Object) > > 
  at <RouterView> 
  at <App> @ http://localhost:5173/node_modules/.vite/deps/chunk-MYEHH3VS.js?v=cf2b15a6:2194
[  108895ms] [WARNING] [Vue warn]: Property "editingMessageContent" was accessed during render but is not defined on instance. 
  at <ChatView onVnodeUnmounted=fn<onVnodeUnmounted> ref=Ref< Proxy(Object) > > 
  at <RouterView> 
  at <App> @ http://localhost:5173/node_modules/.vite/deps/chunk-MYEHH3VS.js?v=cf2b15a6:2194
[  108991ms] [WARNING] [Vue warn]: Property "editingMessageIndex" was accessed during render but is not defined on instance. 
  at <ChatView onVnodeUnmounted=fn<onVnodeUnmounted> ref=Ref< Proxy(Object) > > 
  at <RouterView> 
  at <App> @ http://localhost:5173/node_modules/.vite/deps/chunk-MYEHH3VS.js?v=cf2b15a6:2194
[  108992ms] [WARNING] [Vue warn]: Property "editingMessageContent" was accessed during render but is not defined on instance. 
  at <ChatView onVnodeUnmounted=fn<onVnodeUnmounted> ref=Ref< Proxy(Object) > > 
  at <RouterView> 
  at <App> @ http://localhost:5173/node_modules/.vite/deps/chunk-MYEHH3VS.js?v=cf2b15a6:2194
[  108992ms] [WARNING] [Vue warn]: Property "editingMessageIndex" was accessed during render but is not defined on instance. 
  at <ChatView onVnodeUnmounted=fn<onVnodeUnmounted> ref=Ref< Proxy(Object) > > 
  at <RouterView> 
  at <App> @ http://localhost:5173/node_modules/.vite/deps/chunk-MYEHH3VS.js?v=cf2b15a6:2194
[  108992ms] [WARNING] [Vue warn]: Property "editingMessageContent" was accessed during render but is not defined on instance. 
  at <ChatView onVnodeUnmounted=fn<onVnodeUnmounted> ref=Ref< Proxy(Object) > > 
  at <RouterView> 
  at <App> @ http://localhost:5173/node_modules/.vite/deps/chunk-MYEHH3VS.js?v=cf2b15a6:2194
[  109099ms] [WARNING] [Vue warn]: Property "editingMessageIndex" was accessed during render but is not defined on instance. 
  at <ChatView onVnodeUnmounted=fn<onVnodeUnmounted> ref=Ref< Proxy(Object) > > 
  at <RouterView> 
  at <App> @ http://localhost:5173/node_modules/.vite/deps/chunk-MYEHH3VS.js?v=cf2b15a6:2194
[  109100ms] [WARNING] [Vue warn]: Property "editingMessageContent" was accessed during render but is not defined on instance. 
  at <ChatView onVnodeUnmounted=fn<onVnodeUnmounted> ref=Ref< Proxy(Object) > > 
  at <RouterView> 
  at <App> @ http://localhost:5173/node_modules/.vite/deps/chunk-MYEHH3VS.js?v=cf2b15a6:2194
[  109100ms] [WARNING] [Vue warn]: Property "editingMessageIndex" was accessed during render but is not defined on instance. 
  at <ChatView onVnodeUnmounted=fn<onVnodeUnmounted> ref=Ref< Proxy(Object) > > 
  at <RouterView> 
  at <App> @ http://localhost:5173/node_modules/.vite/deps/chunk-MYEHH3VS.js?v=cf2b15a6:2194
[  109100ms] [WARNING] [Vue warn]: Property "editingMessageContent" was accessed during render but is not defined on instance. 
  at <ChatView onVnodeUnmounted=fn<onVnodeUnmounted> ref=Ref< Proxy(Object) > > 
  at <RouterView> 
  at <App> @ http://localhost:5173/node_modules/.vite/deps/chunk-MYEHH3VS.js?v=cf2b15a6:2194
[  109198ms] [WARNING] [Vue warn]: Property "editingMessageIndex" was accessed during render but is not defined on instance. 
  at <ChatView onVnodeUnmounted=fn<onVnodeUnmounted> ref=Ref< Proxy(Object) > > 
  at <RouterView> 
  at <App> @ http://localhost:5173/node_modules/.vite/deps/chunk-MYEHH3VS.js?v=cf2b15a6:2194
[  109199ms] [WARNING] [Vue warn]: Property "editingMessageContent" was accessed during render but is not defined on instance. 
  at <ChatView onVnodeUnmounted=fn<onVnodeUnmounted> ref=Ref< Proxy(Object) > > 
  at <RouterView> 
  at <App> @ http://localhost:5173/node_modules/.vite/deps/chunk-MYEHH3VS.js?v=cf2b15a6:2194
[  109199ms] [WARNING] [Vue warn]: Property "editingMessageIndex" was accessed during render but is not defined on instance. 
  at <ChatView onVnodeUnmounted=fn<onVnodeUnmounted> ref=Ref< Proxy(Object) > > 
  at <RouterView> 
  at <App> @ http://localhost:5173/node_modules/.vite/deps/chunk-MYEHH3VS.js?v=cf2b15a6:2194
[  109200ms] [WARNING] [Vue warn]: Property "editingMessageContent" was accessed during render but is not defined on instance. 
  at <ChatView onVnodeUnmounted=fn<onVnodeUnmounted> ref=Ref< Proxy(Object) > > 
  at <RouterView> 
  at <App> @ http://localhost:5173/node_modules/.vite/deps/chunk-MYEHH3VS.js?v=cf2b15a6:2194
[  109293ms] [WARNING] [Vue warn]: Property "editingMessageIndex" was accessed during render but is not defined on instance. 
  at <ChatView onVnodeUnmounted=fn<onVnodeUnmounted> ref=Ref< Proxy(Object) > > 
  at <RouterView> 
  at <App> @ http://localhost:5173/node_modules/.vite/deps/chunk-MYEHH3VS.js?v=cf2b15a6:2194
[  109293ms] [WARNING] [Vue warn]: Property "editingMessageContent" was accessed during render but is not defined on instance. 
  at <ChatView onVnodeUnmounted=fn<onVnodeUnmounted> ref=Ref< Proxy(Object) > > 
  at <RouterView> 
  at <App> @ http://localhost:5173/node_modules/.vite/deps/chunk-MYEHH3VS.js?v=cf2b15a6:2194
[  109293ms] [WARNING] [Vue warn]: Property "editingMessageIndex" was accessed during render but is not defined on instance. 
  at <ChatView onVnodeUnmounted=fn<onVnodeUnmounted> ref=Ref< Proxy(Object) > > 
  at <RouterView> 
  at <App> @ http://localhost:5173/node_modules/.vite/deps/chunk-MYEHH3VS.js?v=cf2b15a6:2194
[  109293ms] [WARNING] [Vue warn]: Property "editingMessageContent" was accessed during render but is not defined on instance. 
  at <ChatView onVnodeUnmounted=fn<onVnodeUnmounted> ref=Ref< Proxy(Object) > > 
  at <RouterView> 
  at <App> @ http://localhost:5173/node_modules/.vite/deps/chunk-MYEHH3VS.js?v=cf2b15a6:2194
[  109395ms] [WARNING] [Vue warn]: Property "editingMessageIndex" was accessed during render but is not defined on instance. 
  at <ChatView onVnodeUnmounted=fn<onVnodeUnmounted> ref=Ref< Proxy(Object) > > 
  at <RouterView> 
  at <App> @ http://localhost:5173/node_modules/.vite/deps/chunk-MYEHH3VS.js?v=cf2b15a6:2194
[  109395ms] [WARNING] [Vue warn]: Property "editingMessageContent" was accessed during render but is not defined on instance. 
  at <ChatView onVnodeUnmounted=fn<onVnodeUnmounted> ref=Ref< Proxy(Object) > > 
  at <RouterView> 
  at <App> @ http://localhost:5173/node_modules/.vite/deps/chunk-MYEHH3VS.js?v=cf2b15a6:2194
[  109396ms] [WARNING] [Vue warn]: Property "editingMessageIndex" was accessed during render but is not defined on instance. 
  at <ChatView onVnodeUnmounted=fn<onVnodeUnmounted> ref=Ref< Proxy(Object) > > 
  at <RouterView> 
  at <App> @ http://localhost:5173/node_modules/.vite/deps/chunk-MYEHH3VS.js?v=cf2b15a6:2194
[  109396ms] [WARNING] [Vue warn]: Property "editingMessageContent" was accessed during render but is not defined on instance. 
  at <ChatView onVnodeUnmounted=fn<onVnodeUnmounted> ref=Ref< Proxy(Object) > > 
  at <RouterView> 
  at <App> @ http://localhost:5173/node_modules/.vite/deps/chunk-MYEHH3VS.js?v=cf2b15a6:2194
[  109493ms] [WARNING] [Vue warn]: Property "editingMessageIndex" was accessed during render but is not defined on instance. 
  at <ChatView onVnodeUnmounted=fn<onVnodeUnmounted> ref=Ref< Proxy(Object) > > 
  at <RouterView> 
  at <App> @ http://localhost:5173/node_modules/.vite/deps/chunk-MYEHH3VS.js?v=cf2b15a6:2194
[  109494ms] [WARNING] [Vue warn]: Property "editingMessageContent" was accessed during render but is not defined on instance. 
  at <ChatView onVnodeUnmounted=fn<onVnodeUnmounted> ref=Ref< Proxy(Object) > > 
  at <RouterView> 
  at <App> @ http://localhost:5173/node_modules/.vite/deps/chunk-MYEHH3VS.js?v=cf2b15a6:2194
[  109494ms] [WARNING] [Vue warn]: Property "editingMessageIndex" was accessed during render but is not defined on instance. 
  at <ChatView onVnodeUnmounted=fn<onVnodeUnmounted> ref=Ref< Proxy(Object) > > 
  at <RouterView> 
  at <App> @ http://localhost:5173/node_modules/.vite/deps/chunk-MYEHH3VS.js?v=cf2b15a6:2194
[  109495ms] [WARNING] [Vue warn]: Property "editingMessageContent" was accessed during render but is not defined on instance. 
  at <ChatView onVnodeUnmounted=fn<onVnodeUnmounted> ref=Ref< Proxy(Object) > > 
  at <RouterView> 
  at <App> @ http://localhost:5173/node_modules/.vite/deps/chunk-MYEHH3VS.js?v=cf2b15a6:2194
[  109591ms] [WARNING] [Vue warn]: Property "editingMessageIndex" was accessed during render but is not defined on instance. 
  at <ChatView onVnodeUnmounted=fn<onVnodeUnmounted> ref=Ref< Proxy(Object) > > 
  at <RouterView> 
  at <App> @ http://localhost:5173/node_modules/.vite/deps/chunk-MYEHH3VS.js?v=cf2b15a6:2194
[  109592ms] [WARNING] [Vue warn]: Property "editingMessageContent" was accessed during render but is not defined on instance. 
  at <ChatView onVnodeUnmounted=fn<onVnodeUnmounted> ref=Ref< Proxy(Object) > > 
  at <RouterView> 
  at <App> @ http://localhost:5173/node_modules/.vite/deps/chunk-MYEHH3VS.js?v=cf2b15a6:2194
[  109592ms] [WARNING] [Vue warn]: Property "editingMessageIndex" was accessed during render but is not defined on instance. 
  at <ChatView onVnodeUnmounted=fn<onVnodeUnmounted> ref=Ref< Proxy(Object) > > 
  at <RouterView> 
  at <App> @ http://localhost:5173/node_modules/.vite/deps/chunk-MYEHH3VS.js?v=cf2b15a6:2194
[  109592ms] [WARNING] [Vue warn]: Property "editingMessageContent" was accessed during render but is not defined on instance. 
  at <ChatView onVnodeUnmounted=fn<onVnodeUnmounted> ref=Ref< Proxy(Object) > > 
  at <RouterView> 
  at <App> @ http://localhost:5173/node_modules/.vite/deps/chunk-MYEHH3VS.js?v=cf2b15a6:2194
[  109693ms] [WARNING] [Vue warn]: Property "editingMessageIndex" was accessed during render but is not defined on instance. 
  at <ChatView onVnodeUnmounted=fn<onVnodeUnmounted> ref=Ref< Proxy(Object) > > 
  at <RouterView> 
  at <App> @ http://localhost:5173/node_modules/.vite/deps/chunk-MYEHH3VS.js?v=cf2b15a6:2194
[  109694ms] [WARNING] [Vue warn]: Property "editingMessageContent" was accessed during render but is not defined on instance. 
  at <ChatView onVnodeUnmounted=fn<onVnodeUnmounted> ref=Ref< Proxy(Object) > > 
  at <RouterView> 
  at <App> @ http://localhost:5173/node_modules/.vite/deps/chunk-MYEHH3VS.js?v=cf2b15a6:2194
[  109694ms] [WARNING] [Vue warn]: Property "editingMessageIndex" was accessed during render but is not defined on instance. 
  at <ChatView onVnodeUnmounted=fn<onVnodeUnmounted> ref=Ref< Proxy(Object) > > 
  at <RouterView> 
  at <App> @ http://localhost:5173/node_modules/.vite/deps/chunk-MYEHH3VS.js?v=cf2b15a6:2194
[  109694ms] [WARNING] [Vue warn]: Property "editingMessageContent" was accessed during render but is not defined on instance. 
  at <ChatView onVnodeUnmounted=fn<onVnodeUnmounted> ref=Ref< Proxy(Object) > > 
  at <RouterView> 
  at <App> @ http://localhost:5173/node_modules/.vite/deps/chunk-MYEHH3VS.js?v=cf2b15a6:2194
[  109794ms] [WARNING] [Vue warn]: Property "editingMessageIndex" was accessed during render but is not defined on instance. 
  at <ChatView onVnodeUnmounted=fn<onVnodeUnmounted> ref=Ref< Proxy(Object) > > 
  at <RouterView> 
  at <App> @ http://localhost:5173/node_modules/.vite/deps/chunk-MYEHH3VS.js?v=cf2b15a6:2194
[  109794ms] [WARNING] [Vue warn]: Property "editingMessageContent" was accessed during render but is not defined on instance. 
  at <ChatView onVnodeUnmounted=fn<onVnodeUnmounted> ref=Ref< Proxy(Object) > > 
  at <RouterView> 
  at <App> @ http://localhost:5173/node_modules/.vite/deps/chunk-MYEHH3VS.js?v=cf2b15a6:2194
[  109794ms] [WARNING] [Vue warn]: Property "editingMessageIndex" was accessed during render but is not defined on instance. 
  at <ChatView onVnodeUnmounted=fn<onVnodeUnmounted> ref=Ref< Proxy(Object) > > 
  at <RouterView> 
  at <App> @ http://localhost:5173/node_modules/.vite/deps/chunk-MYEHH3VS.js?v=cf2b15a6:2194
[  109795ms] [WARNING] [Vue warn]: Property "editingMessageContent" was accessed during render but is not defined on instance. 
  at <ChatView onVnodeUnmounted=fn<onVnodeUnmounted> ref=Ref< Proxy(Object) > > 
  at <RouterView> 
  at <App> @ http://localhost:5173/node_modules/.vite/deps/chunk-MYEHH3VS.js?v=cf2b15a6:2194
[  109891ms] [WARNING] [Vue warn]: Property "editingMessageIndex" was accessed during render but is not defined on instance. 
  at <ChatView onVnodeUnmounted=fn<onVnodeUnmounted> ref=Ref< Proxy(Object) > > 
  at <RouterView> 
  at <App> @ http://localhost:5173/node_modules/.vite/deps/chunk-MYEHH3VS.js?v=cf2b15a6:2194
[  109891ms] [WARNING] [Vue warn]: Property "editingMessageContent" was accessed during render but is not defined on instance. 
  at <ChatView onVnodeUnmounted=fn<onVnodeUnmounted> ref=Ref< Proxy(Object) > > 
  at <RouterView> 
  at <App> @ http://localhost:5173/node_modules/.vite/deps/chunk-MYEHH3VS.js?v=cf2b15a6:2194
[  109891ms] [WARNING] [Vue warn]: Property "editingMessageIndex" was accessed during render but is not defined on instance. 
  at <ChatView onVnodeUnmounted=fn<onVnodeUnmounted> ref=Ref< Proxy(Object) > > 
  at <RouterView> 
  at <App> @ http://localhost:5173/node_modules/.vite/deps/chunk-MYEHH3VS.js?v=cf2b15a6:2194
[  109892ms] [WARNING] [Vue warn]: Property "editingMessageContent" was accessed during render but is not defined on instance. 
  at <ChatView onVnodeUnmounted=fn<onVnodeUnmounted> ref=Ref< Proxy(Object) > > 
  at <RouterView> 
  at <App> @ http://localhost:5173/node_modules/.vite/deps/chunk-MYEHH3VS.js?v=cf2b15a6:2194
[  109989ms] [WARNING] [Vue warn]: Property "editingMessageIndex" was accessed during render but is not defined on instance. 
  at <ChatView onVnodeUnmounted=fn<onVnodeUnmounted> ref=Ref< Proxy(Object) > > 
  at <RouterView> 
  at <App> @ http://localhost:5173/node_modules/.vite/deps/chunk-MYEHH3VS.js?v=cf2b15a6:2194
[  109989ms] [WARNING] [Vue warn]: Property "editingMessageContent" was accessed during render but is not defined on instance. 
  at <ChatView onVnodeUnmounted=fn<onVnodeUnmounted> ref=Ref< Proxy(Object) > > 
  at <RouterView> 
  at <App> @ http://localhost:5173/node_modules/.vite/deps/chunk-MYEHH3VS.js?v=cf2b15a6:2194
[  109990ms] [WARNING] [Vue warn]: Property "editingMessageIndex" was accessed during render but is not defined on instance. 
  at <ChatView onVnodeUnmounted=fn<onVnodeUnmounted> ref=Ref< Proxy(Object) > > 
  at <RouterView> 
  at <App> @ http://localhost:5173/node_modules/.vite/deps/chunk-MYEHH3VS.js?v=cf2b15a6:2194
[  109990ms] [WARNING] [Vue warn]: Property "editingMessageContent" was accessed during render but is not defined on instance. 
  at <ChatView onVnodeUnmounted=fn<onVnodeUnmounted> ref=Ref< Proxy(Object) > > 
  at <RouterView> 
  at <App> @ http://localhost:5173/node_modules/.vite/deps/chunk-MYEHH3VS.js?v=cf2b15a6:2194
[  110082ms] [WARNING] [Vue warn]: Property "editingMessageIndex" was accessed during render but is not defined on instance. 
  at <ChatView onVnodeUnmounted=fn<onVnodeUnmounted> ref=Ref< Proxy(Object) > > 
  at <RouterView> 
  at <App> @ http://localhost:5173/node_modules/.vite/deps/chunk-MYEHH3VS.js?v=cf2b15a6:2194
[  110082ms] [WARNING] [Vue warn]: Property "editingMessageContent" was accessed during render but is not defined on instance. 
  at <ChatView onVnodeUnmounted=fn<onVnodeUnmounted> ref=Ref< Proxy(Object) > > 
  at <RouterView> 
  at <App> @ http://localhost:5173/node_modules/.vite/deps/chunk-MYEHH3VS.js?v=cf2b15a6:2194
[  110082ms] [WARNING] [Vue warn]: Property "editingMessageIndex" was accessed during render but is not defined on instance. 
  at <ChatView onVnodeUnmounted=fn<onVnodeUnmounted> ref=Ref< Proxy(Object) > > 
  at <RouterView> 
  at <App> @ http://localhost:5173/node_modules/.vite/deps/chunk-MYEHH3VS.js?v=cf2b15a6:2194
[  110083ms] [WARNING] [Vue warn]: Property "editingMessageContent" was accessed during render but is not defined on instance. 
  at <ChatView onVnodeUnmounted=fn<onVnodeUnmounted> ref=Ref< Proxy(Object) > > 
  at <RouterView> 
  at <App> @ http://localhost:5173/node_modules/.vite/deps/chunk-MYEHH3VS.js?v=cf2b15a6:2194
[  110179ms] [WARNING] [Vue warn]: Property "editingMessageIndex" was accessed during render but is not defined on instance. 
  at <ChatView onVnodeUnmounted=fn<onVnodeUnmounted> ref=Ref< Proxy(Object) > > 
  at <RouterView> 
  at <App> @ http://localhost:5173/node_modules/.vite/deps/chunk-MYEHH3VS.js?v=cf2b15a6:2194
[  110179ms] [WARNING] [Vue warn]: Property "editingMessageContent" was accessed during render but is not defined on instance. 
  at <ChatView onVnodeUnmounted=fn<onVnodeUnmounted> ref=Ref< Proxy(Object) > > 
  at <RouterView> 
  at <App> @ http://localhost:5173/node_modules/.vite/deps/chunk-MYEHH3VS.js?v=cf2b15a6:2194
[  110179ms] [WARNING] [Vue warn]: Property "editingMessageIndex" was accessed during render but is not defined on instance. 
  at <ChatView onVnodeUnmounted=fn<onVnodeUnmounted> ref=Ref< Proxy(Object) > > 
  at <RouterView> 
  at <App> @ http://localhost:5173/node_modules/.vite/deps/chunk-MYEHH3VS.js?v=cf2b15a6:2194
[  110179ms] [WARNING] [Vue warn]: Property "editingMessageContent" was accessed during render but is not defined on instance. 
  at <ChatView onVnodeUnmounted=fn<onVnodeUnmounted> ref=Ref< Proxy(Object) > > 
  at <RouterView> 
  at <App> @ http://localhost:5173/node_modules/.vite/deps/chunk-MYEHH3VS.js?v=cf2b15a6:2194
[  110285ms] [WARNING] [Vue warn]: Property "editingMessageIndex" was accessed during render but is not defined on instance. 
  at <ChatView onVnodeUnmounted=fn<onVnodeUnmounted> ref=Ref< Proxy(Object) > > 
  at <RouterView> 
  at <App> @ http://localhost:5173/node_modules/.vite/deps/chunk-MYEHH3VS.js?v=cf2b15a6:2194
[  110286ms] [WARNING] [Vue warn]: Property "editingMessageContent" was accessed during render but is not defined on instance. 
  at <ChatView onVnodeUnmounted=fn<onVnodeUnmounted> ref=Ref< Proxy(Object) > > 
  at <RouterView> 
  at <App> @ http://localhost:5173/node_modules/.vite/deps/chunk-MYEHH3VS.js?v=cf2b15a6:2194
[  110286ms] [WARNING] [Vue warn]: Property "editingMessageIndex" was accessed during render but is not defined on instance. 
  at <ChatView onVnodeUnmounted=fn<onVnodeUnmounted> ref=Ref< Proxy(Object) > > 
  at <RouterView> 
  at <App> @ http://localhost:5173/node_modules/.vite/deps/chunk-MYEHH3VS.js?v=cf2b15a6:2194
[  110286ms] [WARNING] [Vue warn]: Property "editingMessageContent" was accessed during render but is not defined on instance. 
  at <ChatView onVnodeUnmounted=fn<onVnodeUnmounted> ref=Ref< Proxy(Object) > > 
  at <RouterView> 
  at <App> @ http://localhost:5173/node_modules/.vite/deps/chunk-MYEHH3VS.js?v=cf2b15a6:2194
[  110382ms] [WARNING] [Vue warn]: Property "editingMessageIndex" was accessed during render but is not defined on instance. 
  at <ChatView onVnodeUnmounted=fn<onVnodeUnmounted> ref=Ref< Proxy(Object) > > 
  at <RouterView> 
  at <App> @ http://localhost:5173/node_modules/.vite/deps/chunk-MYEHH3VS.js?v=cf2b15a6:2194
[  110382ms] [WARNING] [Vue warn]: Property "editingMessageContent" was accessed during render but is not defined on instance. 
  at <ChatView onVnodeUnmounted=fn<onVnodeUnmounted> ref=Ref< Proxy(Object) > > 
  at <RouterView> 
  at <App> @ http://localhost:5173/node_modules/.vite/deps/chunk-MYEHH3VS.js?v=cf2b15a6:2194
[  110383ms] [WARNING] [Vue warn]: Property "editingMessageIndex" was accessed during render but is not defined on instance. 
  at <ChatView onVnodeUnmounted=fn<onVnodeUnmounted> ref=Ref< Proxy(Object) > > 
  at <RouterView> 
  at <App> @ http://localhost:5173/node_modules/.vite/deps/chunk-MYEHH3VS.js?v=cf2b15a6:2194
[  110383ms] [WARNING] [Vue warn]: Property "editingMessageContent" was accessed during render but is not defined on instance. 
  at <ChatView onVnodeUnmounted=fn<onVnodeUnmounted> ref=Ref< Proxy(Object) > > 
  at <RouterView> 
  at <App> @ http://localhost:5173/node_modules/.vite/deps/chunk-MYEHH3VS.js?v=cf2b15a6:2194
[  110479ms] [WARNING] [Vue warn]: Property "editingMessageIndex" was accessed during render but is not defined on instance. 
  at <ChatView onVnodeUnmounted=fn<onVnodeUnmounted> ref=Ref< Proxy(Object) > > 
  at <RouterView> 
  at <App> @ http://localhost:5173/node_modules/.vite/deps/chunk-MYEHH3VS.js?v=cf2b15a6:2194
[  110480ms] [WARNING] [Vue warn]: Property "editingMessageContent" was accessed during render but is not defined on instance. 
  at <ChatView onVnodeUnmounted=fn<onVnodeUnmounted> ref=Ref< Proxy(Object) > > 
  at <RouterView> 
  at <App> @ http://localhost:5173/node_modules/.vite/deps/chunk-MYEHH3VS.js?v=cf2b15a6:2194
[  110480ms] [WARNING] [Vue warn]: Property "editingMessageIndex" was accessed during render but is not defined on instance. 
  at <ChatView onVnodeUnmounted=fn<onVnodeUnmounted> ref=Ref< Proxy(Object) > > 
  at <RouterView> 
  at <App> @ http://localhost:5173/node_modules/.vite/deps/chunk-MYEHH3VS.js?v=cf2b15a6:2194
[  110480ms] [WARNING] [Vue warn]: Property "editingMessageContent" was accessed during render but is not defined on instance. 
  at <ChatView onVnodeUnmounted=fn<onVnodeUnmounted> ref=Ref< Proxy(Object) > > 
  at <RouterView> 
  at <App> @ http://localhost:5173/node_modules/.vite/deps/chunk-MYEHH3VS.js?v=cf2b15a6:2194
[  110578ms] [WARNING] [Vue warn]: Property "editingMessageIndex" was accessed during render but is not defined on instance. 
  at <ChatView onVnodeUnmounted=fn<onVnodeUnmounted> ref=Ref< Proxy(Object) > > 
  at <RouterView> 
  at <App> @ http://localhost:5173/node_modules/.vite/deps/chunk-MYEHH3VS.js?v=cf2b15a6:2194
[  110579ms] [WARNING] [Vue warn]: Property "editingMessageContent" was accessed during render but is not defined on instance. 
  at <ChatView onVnodeUnmounted=fn<onVnodeUnmounted> ref=Ref< Proxy(Object) > > 
  at <RouterView> 
  at <App> @ http://localhost:5173/node_modules/.vite/deps/chunk-MYEHH3VS.js?v=cf2b15a6:2194
[  110579ms] [WARNING] [Vue warn]: Property "editingMessageIndex" was accessed during render but is not defined on instance. 
  at <ChatView onVnodeUnmounted=fn<onVnodeUnmounted> ref=Ref< Proxy(Object) > > 
  at <RouterView> 
  at <App> @ http://localhost:5173/node_modules/.vite/deps/chunk-MYEHH3VS.js?v=cf2b15a6:2194
[  110579ms] [WARNING] [Vue warn]: Property "editingMessageContent" was accessed during render but is not defined on instance. 
  at <ChatView onVnodeUnmounted=fn<onVnodeUnmounted> ref=Ref< Proxy(Object) > > 
  at <RouterView> 
  at <App> @ http://localhost:5173/node_modules/.vite/deps/chunk-MYEHH3VS.js?v=cf2b15a6:2194
[  110677ms] [WARNING] [Vue warn]: Property "editingMessageIndex" was accessed during render but is not defined on instance. 
  at <ChatView onVnodeUnmounted=fn<onVnodeUnmounted> ref=Ref< Proxy(Object) > > 
  at <RouterView> 
  at <App> @ http://localhost:5173/node_modules/.vite/deps/chunk-MYEHH3VS.js?v=cf2b15a6:2194
[  110677ms] [WARNING] [Vue warn]: Property "editingMessageContent" was accessed during render but is not defined on instance. 
  at <ChatView onVnodeUnmounted=fn<onVnodeUnmounted> ref=Ref< Proxy(Object) > > 
  at <RouterView> 
  at <App> @ http://localhost:5173/node_modules/.vite/deps/chunk-MYEHH3VS.js?v=cf2b15a6:2194
[  110678ms] [WARNING] [Vue warn]: Property "editingMessageIndex" was accessed during render but is not defined on instance. 
  at <ChatView onVnodeUnmounted=fn<onVnodeUnmounted> ref=Ref< Proxy(Object) > > 
  at <RouterView> 
  at <App> @ http://localhost:5173/node_modules/.vite/deps/chunk-MYEHH3VS.js?v=cf2b15a6:2194
[  110678ms] [WARNING] [Vue warn]: Property "editingMessageContent" was accessed during render but is not defined on instance. 
  at <ChatView onVnodeUnmounted=fn<onVnodeUnmounted> ref=Ref< Proxy(Object) > > 
  at <RouterView> 
  at <App> @ http://localhost:5173/node_modules/.vite/deps/chunk-MYEHH3VS.js?v=cf2b15a6:2194
[  110773ms] [WARNING] [Vue warn]: Property "editingMessageIndex" was accessed during render but is not defined on instance. 
  at <ChatView onVnodeUnmounted=fn<onVnodeUnmounted> ref=Ref< Proxy(Object) > > 
  at <RouterView> 
  at <App> @ http://localhost:5173/node_modules/.vite/deps/chunk-MYEHH3VS.js?v=cf2b15a6:2194
[  110774ms] [WARNING] [Vue warn]: Property "editingMessageContent" was accessed during render but is not defined on instance. 
  at <ChatView onVnodeUnmounted=fn<onVnodeUnmounted> ref=Ref< Proxy(Object) > > 
  at <RouterView> 
  at <App> @ http://localhost:5173/node_modules/.vite/deps/chunk-MYEHH3VS.js?v=cf2b15a6:2194
[  110774ms] [WARNING] [Vue warn]: Property "editingMessageIndex" was accessed during render but is not defined on instance. 
  at <ChatView onVnodeUnmounted=fn<onVnodeUnmounted> ref=Ref< Proxy(Object) > > 
  at <RouterView> 
  at <App> @ http://localhost:5173/node_modules/.vite/deps/chunk-MYEHH3VS.js?v=cf2b15a6:2194
[  110774ms] [WARNING] [Vue warn]: Property "editingMessageContent" was accessed during render but is not defined on instance. 
  at <ChatView onVnodeUnmounted=fn<onVnodeUnmounted> ref=Ref< Proxy(Object) > > 
  at <RouterView> 
  at <App> @ http://localhost:5173/node_modules/.vite/deps/chunk-MYEHH3VS.js?v=cf2b15a6:2194
[  110872ms] [WARNING] [Vue warn]: Property "editingMessageIndex" was accessed during render but is not defined on instance. 
  at <ChatView onVnodeUnmounted=fn<onVnodeUnmounted> ref=Ref< Proxy(Object) > > 
  at <RouterView> 
  at <App> @ http://localhost:5173/node_modules/.vite/deps/chunk-MYEHH3VS.js?v=cf2b15a6:2194
[  110872ms] [WARNING] [Vue warn]: Property "editingMessageContent" was accessed during render but is not defined on instance. 
  at <ChatView onVnodeUnmounted=fn<onVnodeUnmounted> ref=Ref< Proxy(Object) > > 
  at <RouterView> 
  at <App> @ http://localhost:5173/node_modules/.vite/deps/chunk-MYEHH3VS.js?v=cf2b15a6:2194
[  110873ms] [WARNING] [Vue warn]: Property "editingMessageIndex" was accessed during render but is not defined on instance. 
  at <ChatView onVnodeUnmounted=fn<onVnodeUnmounted> ref=Ref< Proxy(Object) > > 
  at <RouterView> 
  at <App> @ http://localhost:5173/node_modules/.vite/deps/chunk-MYEHH3VS.js?v=cf2b15a6:2194
[  110873ms] [WARNING] [Vue warn]: Property "editingMessageContent" was accessed during render but is not defined on instance. 
  at <ChatView onVnodeUnmounted=fn<onVnodeUnmounted> ref=Ref< Proxy(Object) > > 
  at <RouterView> 
  at <App> @ http://localhost:5173/node_modules/.vite/deps/chunk-MYEHH3VS.js?v=cf2b15a6:2194
[  110970ms] [WARNING] [Vue warn]: Property "editingMessageIndex" was accessed during render but is not defined on instance. 
  at <ChatView onVnodeUnmounted=fn<onVnodeUnmounted> ref=Ref< Proxy(Object) > > 
  at <RouterView> 
  at <App> @ http://localhost:5173/node_modules/.vite/deps/chunk-MYEHH3VS.js?v=cf2b15a6:2194
[  110970ms] [WARNING] [Vue warn]: Property "editingMessageContent" was accessed during render but is not defined on instance. 
  at <ChatView onVnodeUnmounted=fn<onVnodeUnmounted> ref=Ref< Proxy(Object) > > 
  at <RouterView> 
  at <App> @ http://localhost:5173/node_modules/.vite/deps/chunk-MYEHH3VS.js?v=cf2b15a6:2194
[  110970ms] [WARNING] [Vue warn]: Property "editingMessageIndex" was accessed during render but is not defined on instance. 
  at <ChatView onVnodeUnmounted=fn<onVnodeUnmounted> ref=Ref< Proxy(Object) > > 
  at <RouterView> 
  at <App> @ http://localhost:5173/node_modules/.vite/deps/chunk-MYEHH3VS.js?v=cf2b15a6:2194
[  110971ms] [WARNING] [Vue warn]: Property "editingMessageContent" was accessed during render but is not defined on instance. 
  at <ChatView onVnodeUnmounted=fn<onVnodeUnmounted> ref=Ref< Proxy(Object) > > 
  at <RouterView> 
  at <App> @ http://localhost:5173/node_modules/.vite/deps/chunk-MYEHH3VS.js?v=cf2b15a6:2194
[  111069ms] [WARNING] [Vue warn]: Property "editingMessageIndex" was accessed during render but is not defined on instance. 
  at <ChatView onVnodeUnmounted=fn<onVnodeUnmounted> ref=Ref< Proxy(Object) > > 
  at <RouterView> 
  at <App> @ http://localhost:5173/node_modules/.vite/deps/chunk-MYEHH3VS.js?v=cf2b15a6:2194
[  111070ms] [WARNING] [Vue warn]: Property "editingMessageContent" was accessed during render but is not defined on instance. 
  at <ChatView onVnodeUnmounted=fn<onVnodeUnmounted> ref=Ref< Proxy(Object) > > 
  at <RouterView> 
  at <App> @ http://localhost:5173/node_modules/.vite/deps/chunk-MYEHH3VS.js?v=cf2b15a6:2194
[  111070ms] [WARNING] [Vue warn]: Property "editingMessageIndex" was accessed during render but is not defined on instance. 
  at <ChatView onVnodeUnmounted=fn<onVnodeUnmounted> ref=Ref< Proxy(Object) > > 
  at <RouterView> 
  at <App> @ http://localhost:5173/node_modules/.vite/deps/chunk-MYEHH3VS.js?v=cf2b15a6:2194
[  111071ms] [WARNING] [Vue warn]: Property "editingMessageContent" was accessed during render but is not defined on instance. 
  at <ChatView onVnodeUnmounted=fn<onVnodeUnmounted> ref=Ref< Proxy(Object) > > 
  at <RouterView> 
  at <App> @ http://localhost:5173/node_modules/.vite/deps/chunk-MYEHH3VS.js?v=cf2b15a6:2194
[  111178ms] [WARNING] [Vue warn]: Property "editingMessageIndex" was accessed during render but is not defined on instance. 
  at <ChatView onVnodeUnmounted=fn<onVnodeUnmounted> ref=Ref< Proxy(Object) > > 
  at <RouterView> 
  at <App> @ http://localhost:5173/node_modules/.vite/deps/chunk-MYEHH3VS.js?v=cf2b15a6:2194
[  111178ms] [WARNING] [Vue warn]: Property "editingMessageContent" was accessed during render but is not defined on instance. 
  at <ChatView onVnodeUnmounted=fn<onVnodeUnmounted> ref=Ref< Proxy(Object) > > 
  at <RouterView> 
  at <App> @ http://localhost:5173/node_modules/.vite/deps/chunk-MYEHH3VS.js?v=cf2b15a6:2194
[  111178ms] [WARNING] [Vue warn]: Property "editingMessageIndex" was accessed during render but is not defined on instance. 
  at <ChatView onVnodeUnmounted=fn<onVnodeUnmounted> ref=Ref< Proxy(Object) > > 
  at <RouterView> 
  at <App> @ http://localhost:5173/node_modules/.vite/deps/chunk-MYEHH3VS.js?v=cf2b15a6:2194
[  111179ms] [WARNING] [Vue warn]: Property "editingMessageContent" was accessed during render but is not defined on instance. 
  at <ChatView onVnodeUnmounted=fn<onVnodeUnmounted> ref=Ref< Proxy(Object) > > 
  at <RouterView> 
  at <App> @ http://localhost:5173/node_modules/.vite/deps/chunk-MYEHH3VS.js?v=cf2b15a6:2194
[  111279ms] [WARNING] [Vue warn]: Property "editingMessageIndex" was accessed during render but is not defined on instance. 
  at <ChatView onVnodeUnmounted=fn<onVnodeUnmounted> ref=Ref< Proxy(Object) > > 
  at <RouterView> 
  at <App> @ http://localhost:5173/node_modules/.vite/deps/chunk-MYEHH3VS.js?v=cf2b15a6:2194
[  111279ms] [WARNING] [Vue warn]: Property "editingMessageContent" was accessed during render but is not defined on instance. 
  at <ChatView onVnodeUnmounted=fn<onVnodeUnmounted> ref=Ref< Proxy(Object) > > 
  at <RouterView> 
  at <App> @ http://localhost:5173/node_modules/.vite/deps/chunk-MYEHH3VS.js?v=cf2b15a6:2194
[  111279ms] [WARNING] [Vue warn]: Property "editingMessageIndex" was accessed during render but is not defined on instance. 
  at <ChatView onVnodeUnmounted=fn<onVnodeUnmounted> ref=Ref< Proxy(Object) > > 
  at <RouterView> 
  at <App> @ http://localhost:5173/node_modules/.vite/deps/chunk-MYEHH3VS.js?v=cf2b15a6:2194
[  111279ms] [WARNING] [Vue warn]: Property "editingMessageContent" was accessed during render but is not defined on instance. 
  at <ChatView onVnodeUnmounted=fn<onVnodeUnmounted> ref=Ref< Proxy(Object) > > 
  at <RouterView> 
  at <App> @ http://localhost:5173/node_modules/.vite/deps/chunk-MYEHH3VS.js?v=cf2b15a6:2194
[  111377ms] [WARNING] [Vue warn]: Property "editingMessageIndex" was accessed during render but is not defined on instance. 
  at <ChatView onVnodeUnmounted=fn<onVnodeUnmounted> ref=Ref< Proxy(Object) > > 
  at <RouterView> 
  at <App> @ http://localhost:5173/node_modules/.vite/deps/chunk-MYEHH3VS.js?v=cf2b15a6:2194
[  111378ms] [WARNING] [Vue warn]: Property "editingMessageContent" was accessed during render but is not defined on instance. 
  at <ChatView onVnodeUnmounted=fn<onVnodeUnmounted> ref=Ref< Proxy(Object) > > 
  at <RouterView> 
  at <App> @ http://localhost:5173/node_modules/.vite/deps/chunk-MYEHH3VS.js?v=cf2b15a6:2194
[  111378ms] [WARNING] [Vue warn]: Property "editingMessageIndex" was accessed during render but is not defined on instance. 
  at <ChatView onVnodeUnmounted=fn<onVnodeUnmounted> ref=Ref< Proxy(Object) > > 
  at <RouterView> 
  at <App> @ http://localhost:5173/node_modules/.vite/deps/chunk-MYEHH3VS.js?v=cf2b15a6:2194
[  111378ms] [WARNING] [Vue warn]: Property "editingMessageContent" was accessed during render but is not defined on instance. 
  at <ChatView onVnodeUnmounted=fn<onVnodeUnmounted> ref=Ref< Proxy(Object) > > 
  at <RouterView> 
  at <App> @ http://localhost:5173/node_modules/.vite/deps/chunk-MYEHH3VS.js?v=cf2b15a6:2194
[  111479ms] [WARNING] [Vue warn]: Property "editingMessageIndex" was accessed during render but is not defined on instance. 
  at <ChatView onVnodeUnmounted=fn<onVnodeUnmounted> ref=Ref< Proxy(Object) > > 
  at <RouterView> 
  at <App> @ http://localhost:5173/node_modules/.vite/deps/chunk-MYEHH3VS.js?v=cf2b15a6:2194
[  111479ms] [WARNING] [Vue warn]: Property "editingMessageContent" was accessed during render but is not defined on instance. 
  at <ChatView onVnodeUnmounted=fn<onVnodeUnmounted> ref=Ref< Proxy(Object) > > 
  at <RouterView> 
  at <App> @ http://localhost:5173/node_modules/.vite/deps/chunk-MYEHH3VS.js?v=cf2b15a6:2194
[  111479ms] [WARNING] [Vue warn]: Property "editingMessageIndex" was accessed during render but is not defined on instance. 
  at <ChatView onVnodeUnmounted=fn<onVnodeUnmounted> ref=Ref< Proxy(Object) > > 
  at <RouterView> 
  at <App> @ http://localhost:5173/node_modules/.vite/deps/chunk-MYEHH3VS.js?v=cf2b15a6:2194
[  111479ms] [WARNING] [Vue warn]: Property "editingMessageContent" was accessed during render but is not defined on instance. 
  at <ChatView onVnodeUnmounted=fn<onVnodeUnmounted> ref=Ref< Proxy(Object) > > 
  at <RouterView> 
  at <App> @ http://localhost:5173/node_modules/.vite/deps/chunk-MYEHH3VS.js?v=cf2b15a6:2194
[  111577ms] [WARNING] [Vue warn]: Property "editingMessageIndex" was accessed during render but is not defined on instance. 
  at <ChatView onVnodeUnmounted=fn<onVnodeUnmounted> ref=Ref< Proxy(Object) > > 
  at <RouterView> 
  at <App> @ http://localhost:5173/node_modules/.vite/deps/chunk-MYEHH3VS.js?v=cf2b15a6:2194
[  111578ms] [WARNING] [Vue warn]: Property "editingMessageContent" was accessed during render but is not defined on instance. 
  at <ChatView onVnodeUnmounted=fn<onVnodeUnmounted> ref=Ref< Proxy(Object) > > 
  at <RouterView> 
  at <App> @ http://localhost:5173/node_modules/.vite/deps/chunk-MYEHH3VS.js?v=cf2b15a6:2194
[  111578ms] [WARNING] [Vue warn]: Property "editingMessageIndex" was accessed during render but is not defined on instance. 
  at <ChatView onVnodeUnmounted=fn<onVnodeUnmounted> ref=Ref< Proxy(Object) > > 
  at <RouterView> 
  at <App> @ http://localhost:5173/node_modules/.vite/deps/chunk-MYEHH3VS.js?v=cf2b15a6:2194
[  111578ms] [WARNING] [Vue warn]: Property "editingMessageContent" was accessed during render but is not defined on instance. 
  at <ChatView onVnodeUnmounted=fn<onVnodeUnmounted> ref=Ref< Proxy(Object) > > 
  at <RouterView> 
  at <App> @ http://localhost:5173/node_modules/.vite/deps/chunk-MYEHH3VS.js?v=cf2b15a6:2194
[  111675ms] [WARNING] [Vue warn]: Property "editingMessageIndex" was accessed during render but is not defined on instance. 
  at <ChatView onVnodeUnmounted=fn<onVnodeUnmounted> ref=Ref< Proxy(Object) > > 
  at <RouterView> 
  at <App> @ http://localhost:5173/node_modules/.vite/deps/chunk-MYEHH3VS.js?v=cf2b15a6:2194
[  111675ms] [WARNING] [Vue warn]: Property "editingMessageContent" was accessed during render but is not defined on instance. 
  at <ChatView onVnodeUnmounted=fn<onVnodeUnmounted> ref=Ref< Proxy(Object) > > 
  at <RouterView> 
  at <App> @ http://localhost:5173/node_modules/.vite/deps/chunk-MYEHH3VS.js?v=cf2b15a6:2194
[  111676ms] [WARNING] [Vue warn]: Property "editingMessageIndex" was accessed during render but is not defined on instance. 
  at <ChatView onVnodeUnmounted=fn<onVnodeUnmounted> ref=Ref< Proxy(Object) > > 
  at <RouterView> 
  at <App> @ http://localhost:5173/node_modules/.vite/deps/chunk-MYEHH3VS.js?v=cf2b15a6:2194
[  111676ms] [WARNING] [Vue warn]: Property "editingMessageContent" was accessed during render but is not defined on instance. 
  at <ChatView onVnodeUnmounted=fn<onVnodeUnmounted> ref=Ref< Proxy(Object) > > 
  at <RouterView> 
  at <App> @ http://localhost:5173/node_modules/.vite/deps/chunk-MYEHH3VS.js?v=cf2b15a6:2194
[  111775ms] [WARNING] [Vue warn]: Property "editingMessageIndex" was accessed during render but is not defined on instance. 
  at <ChatView onVnodeUnmounted=fn<onVnodeUnmounted> ref=Ref< Proxy(Object) > > 
  at <RouterView> 
  at <App> @ http://localhost:5173/node_modules/.vite/deps/chunk-MYEHH3VS.js?v=cf2b15a6:2194
[  111775ms] [WARNING] [Vue warn]: Property "editingMessageContent" was accessed during render but is not defined on instance. 
  at <ChatView onVnodeUnmounted=fn<onVnodeUnmounted> ref=Ref< Proxy(Object) > > 
  at <RouterView> 
  at <App> @ http://localhost:5173/node_modules/.vite/deps/chunk-MYEHH3VS.js?v=cf2b15a6:2194
[  111776ms] [WARNING] [Vue warn]: Property "editingMessageIndex" was accessed during render but is not defined on instance. 
  at <ChatView onVnodeUnmounted=fn<onVnodeUnmounted> ref=Ref< Proxy(Object) > > 
  at <RouterView> 
  at <App> @ http://localhost:5173/node_modules/.vite/deps/chunk-MYEHH3VS.js?v=cf2b15a6:2194
[  111776ms] [WARNING] [Vue warn]: Property "editingMessageContent" was accessed during render but is not defined on instance. 
  at <ChatView onVnodeUnmounted=fn<onVnodeUnmounted> ref=Ref< Proxy(Object) > > 
  at <RouterView> 
  at <App> @ http://localhost:5173/node_modules/.vite/deps/chunk-MYEHH3VS.js?v=cf2b15a6:2194
[  111874ms] [WARNING] [Vue warn]: Property "editingMessageIndex" was accessed during render but is not defined on instance. 
  at <ChatView onVnodeUnmounted=fn<onVnodeUnmounted> ref=Ref< Proxy(Object) > > 
  at <RouterView> 
  at <App> @ http://localhost:5173/node_modules/.vite/deps/chunk-MYEHH3VS.js?v=cf2b15a6:2194
[  111875ms] [WARNING] [Vue warn]: Property "editingMessageContent" was accessed during render but is not defined on instance. 
  at <ChatView onVnodeUnmounted=fn<onVnodeUnmounted> ref=Ref< Proxy(Object) > > 
  at <RouterView> 
  at <App> @ http://localhost:5173/node_modules/.vite/deps/chunk-MYEHH3VS.js?v=cf2b15a6:2194
[  111875ms] [WARNING] [Vue warn]: Property "editingMessageIndex" was accessed during render but is not defined on instance. 
  at <ChatView onVnodeUnmounted=fn<onVnodeUnmounted> ref=Ref< Proxy(Object) > > 
  at <RouterView> 
  at <App> @ http://localhost:5173/node_modules/.vite/deps/chunk-MYEHH3VS.js?v=cf2b15a6:2194
[  111875ms] [WARNING] [Vue warn]: Property "editingMessageContent" was accessed during render but is not defined on instance. 
  at <ChatView onVnodeUnmounted=fn<onVnodeUnmounted> ref=Ref< Proxy(Object) > > 
  at <RouterView> 
  at <App> @ http://localhost:5173/node_modules/.vite/deps/chunk-MYEHH3VS.js?v=cf2b15a6:2194
[  111971ms] [WARNING] [Vue warn]: Property "editingMessageIndex" was accessed during render but is not defined on instance. 
  at <ChatView onVnodeUnmounted=fn<onVnodeUnmounted> ref=Ref< Proxy(Object) > > 
  at <RouterView> 
  at <App> @ http://localhost:5173/node_modules/.vite/deps/chunk-MYEHH3VS.js?v=cf2b15a6:2194
[  111972ms] [WARNING] [Vue warn]: Property "editingMessageContent" was accessed during render but is not defined on instance. 
  at <ChatView onVnodeUnmounted=fn<onVnodeUnmounted> ref=Ref< Proxy(Object) > > 
  at <RouterView> 
  at <App> @ http://localhost:5173/node_modules/.vite/deps/chunk-MYEHH3VS.js?v=cf2b15a6:2194
[  111972ms] [WARNING] [Vue warn]: Property "editingMessageIndex" was accessed during render but is not defined on instance. 
  at <ChatView onVnodeUnmounted=fn<onVnodeUnmounted> ref=Ref< Proxy(Object) > > 
  at <RouterView> 
  at <App> @ http://localhost:5173/node_modules/.vite/deps/chunk-MYEHH3VS.js?v=cf2b15a6:2194
[  111972ms] [WARNING] [Vue warn]: Property "editingMessageContent" was accessed during render but is not defined on instance. 
  at <ChatView onVnodeUnmounted=fn<onVnodeUnmounted> ref=Ref< Proxy(Object) > > 
  at <RouterView> 
  at <App> @ http://localhost:5173/node_modules/.vite/deps/chunk-MYEHH3VS.js?v=cf2b15a6:2194
[  112072ms] [WARNING] [Vue warn]: Property "editingMessageIndex" was accessed during render but is not defined on instance. 
  at <ChatView onVnodeUnmounted=fn<onVnodeUnmounted> ref=Ref< Proxy(Object) > > 
  at <RouterView> 
  at <App> @ http://localhost:5173/node_modules/.vite/deps/chunk-MYEHH3VS.js?v=cf2b15a6:2194
[  112073ms] [WARNING] [Vue warn]: Property "editingMessageContent" was accessed during render but is not defined on instance. 
  at <ChatView onVnodeUnmounted=fn<onVnodeUnmounted> ref=Ref< Proxy(Object) > > 
  at <RouterView> 
  at <App> @ http://localhost:5173/node_modules/.vite/deps/chunk-MYEHH3VS.js?v=cf2b15a6:2194
[  112073ms] [WARNING] [Vue warn]: Property "editingMessageIndex" was accessed during render but is not defined on instance. 
  at <ChatView onVnodeUnmounted=fn<onVnodeUnmounted> ref=Ref< Proxy(Object) > > 
  at <RouterView> 
  at <App> @ http://localhost:5173/node_modules/.vite/deps/chunk-MYEHH3VS.js?v=cf2b15a6:2194
[  112074ms] [WARNING] [Vue warn]: Property "editingMessageContent" was accessed during render but is not defined on instance. 
  at <ChatView onVnodeUnmounted=fn<onVnodeUnmounted> ref=Ref< Proxy(Object) > > 
  at <RouterView> 
  at <App> @ http://localhost:5173/node_modules/.vite/deps/chunk-MYEHH3VS.js?v=cf2b15a6:2194
[  112170ms] [WARNING] [Vue warn]: Property "editingMessageIndex" was accessed during render but is not defined on instance. 
  at <ChatView onVnodeUnmounted=fn<onVnodeUnmounted> ref=Ref< Proxy(Object) > > 
  at <RouterView> 
  at <App> @ http://localhost:5173/node_modules/.vite/deps/chunk-MYEHH3VS.js?v=cf2b15a6:2194
[  112170ms] [WARNING] [Vue warn]: Property "editingMessageContent" was accessed during render but is not defined on instance. 
  at <ChatView onVnodeUnmounted=fn<onVnodeUnmounted> ref=Ref< Proxy(Object) > > 
  at <RouterView> 
  at <App> @ http://localhost:5173/node_modules/.vite/deps/chunk-MYEHH3VS.js?v=cf2b15a6:2194
[  112170ms] [WARNING] [Vue warn]: Property "editingMessageIndex" was accessed during render but is not defined on instance. 
  at <ChatView onVnodeUnmounted=fn<onVnodeUnmounted> ref=Ref< Proxy(Object) > > 
  at <RouterView> 
  at <App> @ http://localhost:5173/node_modules/.vite/deps/chunk-MYEHH3VS.js?v=cf2b15a6:2194
[  112170ms] [WARNING] [Vue warn]: Property "editingMessageContent" was accessed during render but is not defined on instance. 
  at <ChatView onVnodeUnmounted=fn<onVnodeUnmounted> ref=Ref< Proxy(Object) > > 
  at <RouterView> 
  at <App> @ http://localhost:5173/node_modules/.vite/deps/chunk-MYEHH3VS.js?v=cf2b15a6:2194
[  112270ms] [WARNING] [Vue warn]: Property "editingMessageIndex" was accessed during render but is not defined on instance. 
  at <ChatView onVnodeUnmounted=fn<onVnodeUnmounted> ref=Ref< Proxy(Object) > > 
  at <RouterView> 
  at <App> @ http://localhost:5173/node_modules/.vite/deps/chunk-MYEHH3VS.js?v=cf2b15a6:2194
[  112271ms] [WARNING] [Vue warn]: Property "editingMessageContent" was accessed during render but is not defined on instance. 
  at <ChatView onVnodeUnmounted=fn<onVnodeUnmounted> ref=Ref< Proxy(Object) > > 
  at <RouterView> 
  at <App> @ http://localhost:5173/node_modules/.vite/deps/chunk-MYEHH3VS.js?v=cf2b15a6:2194
[  112271ms] [WARNING] [Vue warn]: Property "editingMessageIndex" was accessed during render but is not defined on instance. 
  at <ChatView onVnodeUnmounted=fn<onVnodeUnmounted> ref=Ref< Proxy(Object) > > 
  at <RouterView> 
  at <App> @ http://localhost:5173/node_modules/.vite/deps/chunk-MYEHH3VS.js?v=cf2b15a6:2194
[  112271ms] [WARNING] [Vue warn]: Property "editingMessageContent" was accessed during render but is not defined on instance. 
  at <ChatView onVnodeUnmounted=fn<onVnodeUnmounted> ref=Ref< Proxy(Object) > > 
  at <RouterView> 
  at <App> @ http://localhost:5173/node_modules/.vite/deps/chunk-MYEHH3VS.js?v=cf2b15a6:2194
[  112373ms] [WARNING] [Vue warn]: Property "editingMessageIndex" was accessed during render but is not defined on instance. 
  at <ChatView onVnodeUnmounted=fn<onVnodeUnmounted> ref=Ref< Proxy(Object) > > 
  at <RouterView> 
  at <App> @ http://localhost:5173/node_modules/.vite/deps/chunk-MYEHH3VS.js?v=cf2b15a6:2194
[  112374ms] [WARNING] [Vue warn]: Property "editingMessageContent" was accessed during render but is not defined on instance. 
  at <ChatView onVnodeUnmounted=fn<onVnodeUnmounted> ref=Ref< Proxy(Object) > > 
  at <RouterView> 
  at <App> @ http://localhost:5173/node_modules/.vite/deps/chunk-MYEHH3VS.js?v=cf2b15a6:2194
[  112375ms] [WARNING] [Vue warn]: Property "editingMessageIndex" was accessed during render but is not defined on instance. 
  at <ChatView onVnodeUnmounted=fn<onVnodeUnmounted> ref=Ref< Proxy(Object) > > 
  at <RouterView> 
  at <App> @ http://localhost:5173/node_modules/.vite/deps/chunk-MYEHH3VS.js?v=cf2b15a6:2194
[  112375ms] [WARNING] [Vue warn]: Property "editingMessageContent" was accessed during render but is not defined on instance. 
  at <ChatView onVnodeUnmounted=fn<onVnodeUnmounted> ref=Ref< Proxy(Object) > > 
  at <RouterView> 
  at <App> @ http://localhost:5173/node_modules/.vite/deps/chunk-MYEHH3VS.js?v=cf2b15a6:2194
[  112470ms] [WARNING] [Vue warn]: Property "editingMessageIndex" was accessed during render but is not defined on instance. 
  at <ChatView onVnodeUnmounted=fn<onVnodeUnmounted> ref=Ref< Proxy(Object) > > 
  at <RouterView> 
  at <App> @ http://localhost:5173/node_modules/.vite/deps/chunk-MYEHH3VS.js?v=cf2b15a6:2194
[  112471ms] [WARNING] [Vue warn]: Property "editingMessageContent" was accessed during render but is not defined on instance. 
  at <ChatView onVnodeUnmounted=fn<onVnodeUnmounted> ref=Ref< Proxy(Object) > > 
  at <RouterView> 
  at <App> @ http://localhost:5173/node_modules/.vite/deps/chunk-MYEHH3VS.js?v=cf2b15a6:2194
[  112471ms] [WARNING] [Vue warn]: Property "editingMessageIndex" was accessed during render but is not defined on instance. 
  at <ChatView onVnodeUnmounted=fn<onVnodeUnmounted> ref=Ref< Proxy(Object) > > 
  at <RouterView> 
  at <App> @ http://localhost:5173/node_modules/.vite/deps/chunk-MYEHH3VS.js?v=cf2b15a6:2194
[  112471ms] [WARNING] [Vue warn]: Property "editingMessageContent" was accessed during render but is not defined on instance. 
  at <ChatView onVnodeUnmounted=fn<onVnodeUnmounted> ref=Ref< Proxy(Object) > > 
  at <RouterView> 
  at <App> @ http://localhost:5173/node_modules/.vite/deps/chunk-MYEHH3VS.js?v=cf2b15a6:2194
[  112565ms] [WARNING] [Vue warn]: Property "editingMessageIndex" was accessed during render but is not defined on instance. 
  at <ChatView onVnodeUnmounted=fn<onVnodeUnmounted> ref=Ref< Proxy(Object) > > 
  at <RouterView> 
  at <App> @ http://localhost:5173/node_modules/.vite/deps/chunk-MYEHH3VS.js?v=cf2b15a6:2194
[  112566ms] [WARNING] [Vue warn]: Property "editingMessageContent" was accessed during render but is not defined on instance. 
  at <ChatView onVnodeUnmounted=fn<onVnodeUnmounted> ref=Ref< Proxy(Object) > > 
  at <RouterView> 
  at <App> @ http://localhost:5173/node_modules/.vite/deps/chunk-MYEHH3VS.js?v=cf2b15a6:2194
[  112566ms] [WARNING] [Vue warn]: Property "editingMessageIndex" was accessed during render but is not defined on instance. 
  at <ChatView onVnodeUnmounted=fn<onVnodeUnmounted> ref=Ref< Proxy(Object) > > 
  at <RouterView> 
  at <App> @ http://localhost:5173/node_modules/.vite/deps/chunk-MYEHH3VS.js?v=cf2b15a6:2194
[  112566ms] [WARNING] [Vue warn]: Property "editingMessageContent" was accessed during render but is not defined on instance. 
  at <ChatView onVnodeUnmounted=fn<onVnodeUnmounted> ref=Ref< Proxy(Object) > > 
  at <RouterView> 
  at <App> @ http://localhost:5173/node_modules/.vite/deps/chunk-MYEHH3VS.js?v=cf2b15a6:2194
[  112662ms] [WARNING] [Vue warn]: Property "editingMessageIndex" was accessed during render but is not defined on instance. 
  at <ChatView onVnodeUnmounted=fn<onVnodeUnmounted> ref=Ref< Proxy(Object) > > 
  at <RouterView> 
  at <App> @ http://localhost:5173/node_modules/.vite/deps/chunk-MYEHH3VS.js?v=cf2b15a6:2194
[  112662ms] [WARNING] [Vue warn]: Property "editingMessageContent" was accessed during render but is not defined on instance. 
  at <ChatView onVnodeUnmounted=fn<onVnodeUnmounted> ref=Ref< Proxy(Object) > > 
  at <RouterView> 
  at <App> @ http://localhost:5173/node_modules/.vite/deps/chunk-MYEHH3VS.js?v=cf2b15a6:2194
[  112663ms] [WARNING] [Vue warn]: Property "editingMessageIndex" was accessed during render but is not defined on instance. 
  at <ChatView onVnodeUnmounted=fn<onVnodeUnmounted> ref=Ref< Proxy(Object) > > 
  at <RouterView> 
  at <App> @ http://localhost:5173/node_modules/.vite/deps/chunk-MYEHH3VS.js?v=cf2b15a6:2194
[  112663ms] [WARNING] [Vue warn]: Property "editingMessageContent" was accessed during render but is not defined on instance. 
  at <ChatView onVnodeUnmounted=fn<onVnodeUnmounted> ref=Ref< Proxy(Object) > > 
  at <RouterView> 
  at <App> @ http://localhost:5173/node_modules/.vite/deps/chunk-MYEHH3VS.js?v=cf2b15a6:2194
[  112859ms] [WARNING] [Vue warn]: Property "editingMessageIndex" was accessed during render but is not defined on instance. 
  at <ChatView onVnodeUnmounted=fn<onVnodeUnmounted> ref=Ref< Proxy(Object) > > 
  at <RouterView> 
  at <App> @ http://localhost:5173/node_modules/.vite/deps/chunk-MYEHH3VS.js?v=cf2b15a6:2194
[  112860ms] [WARNING] [Vue warn]: Property "editingMessageContent" was accessed during render but is not defined on instance. 
  at <ChatView onVnodeUnmounted=fn<onVnodeUnmounted> ref=Ref< Proxy(Object) > > 
  at <RouterView> 
  at <App> @ http://localhost:5173/node_modules/.vite/deps/chunk-MYEHH3VS.js?v=cf2b15a6:2194
[  112860ms] [WARNING] [Vue warn]: Property "editingMessageIndex" was accessed during render but is not defined on instance. 
  at <ChatView onVnodeUnmounted=fn<onVnodeUnmounted> ref=Ref< Proxy(Object) > > 
  at <RouterView> 
  at <App> @ http://localhost:5173/node_modules/.vite/deps/chunk-MYEHH3VS.js?v=cf2b15a6:2194
[  112860ms] [WARNING] [Vue warn]: Property "editingMessageContent" was accessed during render but is not defined on instance. 
  at <ChatView onVnodeUnmounted=fn<onVnodeUnmounted> ref=Ref< Proxy(Object) > > 
  at <RouterView> 
  at <App> @ http://localhost:5173/node_modules/.vite/deps/chunk-MYEHH3VS.js?v=cf2b15a6:2194
[  112960ms] [WARNING] [Vue warn]: Property "editingMessageIndex" was accessed during render but is not defined on instance. 
  at <ChatView onVnodeUnmounted=fn<onVnodeUnmounted> ref=Ref< Proxy(Object) > > 
  at <RouterView> 
  at <App> @ http://localhost:5173/node_modules/.vite/deps/chunk-MYEHH3VS.js?v=cf2b15a6:2194
[  112960ms] [WARNING] [Vue warn]: Property "editingMessageContent" was accessed during render but is not defined on instance. 
  at <ChatView onVnodeUnmounted=fn<onVnodeUnmounted> ref=Ref< Proxy(Object) > > 
  at <RouterView> 
  at <App> @ http://localhost:5173/node_modules/.vite/deps/chunk-MYEHH3VS.js?v=cf2b15a6:2194
[  112960ms] [WARNING] [Vue warn]: Property "editingMessageIndex" was accessed during render but is not defined on instance. 
  at <ChatView onVnodeUnmounted=fn<onVnodeUnmounted> ref=Ref< Proxy(Object) > > 
  at <RouterView> 
  at <App> @ http://localhost:5173/node_modules/.vite/deps/chunk-MYEHH3VS.js?v=cf2b15a6:2194
[  112961ms] [WARNING] [Vue warn]: Property "editingMessageContent" was accessed during render but is not defined on instance. 
  at <ChatView onVnodeUnmounted=fn<onVnodeUnmounted> ref=Ref< Proxy(Object) > > 
  at <RouterView> 
  at <App> @ http://localhost:5173/node_modules/.vite/deps/chunk-MYEHH3VS.js?v=cf2b15a6:2194
[  113061ms] [WARNING] [Vue warn]: Property "editingMessageIndex" was accessed during render but is not defined on instance. 
  at <ChatView onVnodeUnmounted=fn<onVnodeUnmounted> ref=Ref< Proxy(Object) > > 
  at <RouterView> 
  at <App> @ http://localhost:5173/node_modules/.vite/deps/chunk-MYEHH3VS.js?v=cf2b15a6:2194
[  113061ms] [WARNING] [Vue warn]: Property "editingMessageContent" was accessed during render but is not defined on instance. 
  at <ChatView onVnodeUnmounted=fn<onVnodeUnmounted> ref=Ref< Proxy(Object) > > 
  at <RouterView> 
  at <App> @ http://localhost:5173/node_modules/.vite/deps/chunk-MYEHH3VS.js?v=cf2b15a6:2194
[  113061ms] [WARNING] [Vue warn]: Property "editingMessageIndex" was accessed during render but is not defined on instance. 
  at <ChatView onVnodeUnmounted=fn<onVnodeUnmounted> ref=Ref< Proxy(Object) > > 
  at <RouterView> 
  at <App> @ http://localhost:5173/node_modules/.vite/deps/chunk-MYEHH3VS.js?v=cf2b15a6:2194
[  113062ms] [WARNING] [Vue warn]: Property "editingMessageContent" was accessed during render but is not defined on instance. 
  at <ChatView onVnodeUnmounted=fn<onVnodeUnmounted> ref=Ref< Proxy(Object) > > 
  at <RouterView> 
  at <App> @ http://localhost:5173/node_modules/.vite/deps/chunk-MYEHH3VS.js?v=cf2b15a6:2194
[  113160ms] [WARNING] [Vue warn]: Property "editingMessageIndex" was accessed during render but is not defined on instance. 
  at <ChatView onVnodeUnmounted=fn<onVnodeUnmounted> ref=Ref< Proxy(Object) > > 
  at <RouterView> 
  at <App> @ http://localhost:5173/node_modules/.vite/deps/chunk-MYEHH3VS.js?v=cf2b15a6:2194
[  113161ms] [WARNING] [Vue warn]: Property "editingMessageContent" was accessed during render but is not defined on instance. 
  at <ChatView onVnodeUnmounted=fn<onVnodeUnmounted> ref=Ref< Proxy(Object) > > 
  at <RouterView> 
  at <App> @ http://localhost:5173/node_modules/.vite/deps/chunk-MYEHH3VS.js?v=cf2b15a6:2194
[  113161ms] [WARNING] [Vue warn]: Property "editingMessageIndex" was accessed during render but is not defined on instance. 
  at <ChatView onVnodeUnmounted=fn<onVnodeUnmounted> ref=Ref< Proxy(Object) > > 
  at <RouterView> 
  at <App> @ http://localhost:5173/node_modules/.vite/deps/chunk-MYEHH3VS.js?v=cf2b15a6:2194
[  113161ms] [WARNING] [Vue warn]: Property "editingMessageContent" was accessed during render but is not defined on instance. 
  at <ChatView onVnodeUnmounted=fn<onVnodeUnmounted> ref=Ref< Proxy(Object) > > 
  at <RouterView> 
  at <App> @ http://localhost:5173/node_modules/.vite/deps/chunk-MYEHH3VS.js?v=cf2b15a6:2194
[  113259ms] [WARNING] [Vue warn]: Property "editingMessageIndex" was accessed during render but is not defined on instance. 
  at <ChatView onVnodeUnmounted=fn<onVnodeUnmounted> ref=Ref< Proxy(Object) > > 
  at <RouterView> 
  at <App> @ http://localhost:5173/node_modules/.vite/deps/chunk-MYEHH3VS.js?v=cf2b15a6:2194
[  113260ms] [WARNING] [Vue warn]: Property "editingMessageContent" was accessed during render but is not defined on instance. 
  at <ChatView onVnodeUnmounted=fn<onVnodeUnmounted> ref=Ref< Proxy(Object) > > 
  at <RouterView> 
  at <App> @ http://localhost:5173/node_modules/.vite/deps/chunk-MYEHH3VS.js?v=cf2b15a6:2194
[  113260ms] [WARNING] [Vue warn]: Property "editingMessageIndex" was accessed during render but is not defined on instance. 
  at <ChatView onVnodeUnmounted=fn<onVnodeUnmounted> ref=Ref< Proxy(Object) > > 
  at <RouterView> 
  at <App> @ http://localhost:5173/node_modules/.vite/deps/chunk-MYEHH3VS.js?v=cf2b15a6:2194
[  113260ms] [WARNING] [Vue warn]: Property "editingMessageContent" was accessed during render but is not defined on instance. 
  at <ChatView onVnodeUnmounted=fn<onVnodeUnmounted> ref=Ref< Proxy(Object) > > 
  at <RouterView> 
  at <App> @ http://localhost:5173/node_modules/.vite/deps/chunk-MYEHH3VS.js?v=cf2b15a6:2194
[  113378ms] [WARNING] [Vue warn]: Property "editingMessageIndex" was accessed during render but is not defined on instance. 
  at <ChatView onVnodeUnmounted=fn<onVnodeUnmounted> ref=Ref< Proxy(Object) > > 
  at <RouterView> 
  at <App> @ http://localhost:5173/node_modules/.vite/deps/chunk-MYEHH3VS.js?v=cf2b15a6:2194
[  113378ms] [WARNING] [Vue warn]: Property "editingMessageContent" was accessed during render but is not defined on instance. 
  at <ChatView onVnodeUnmounted=fn<onVnodeUnmounted> ref=Ref< Proxy(Object) > > 
  at <RouterView> 
  at <App> @ http://localhost:5173/node_modules/.vite/deps/chunk-MYEHH3VS.js?v=cf2b15a6:2194
[  113378ms] [WARNING] [Vue warn]: Property "editingMessageIndex" was accessed during render but is not defined on instance. 
  at <ChatView onVnodeUnmounted=fn<onVnodeUnmounted> ref=Ref< Proxy(Object) > > 
  at <RouterView> 
  at <App> @ http://localhost:5173/node_modules/.vite/deps/chunk-MYEHH3VS.js?v=cf2b15a6:2194
[  113379ms] [WARNING] [Vue warn]: Property "editingMessageContent" was accessed during render but is not defined on instance. 
  at <ChatView onVnodeUnmounted=fn<onVnodeUnmounted> ref=Ref< Proxy(Object) > > 
  at <RouterView> 
  at <App> @ http://localhost:5173/node_modules/.vite/deps/chunk-MYEHH3VS.js?v=cf2b15a6:2194
[  113477ms] [WARNING] [Vue warn]: Property "editingMessageIndex" was accessed during render but is not defined on instance. 
  at <ChatView onVnodeUnmounted=fn<onVnodeUnmounted> ref=Ref< Proxy(Object) > > 
  at <RouterView> 
  at <App> @ http://localhost:5173/node_modules/.vite/deps/chunk-MYEHH3VS.js?v=cf2b15a6:2194
[  113478ms] [WARNING] [Vue warn]: Property "editingMessageContent" was accessed during render but is not defined on instance. 
  at <ChatView onVnodeUnmounted=fn<onVnodeUnmounted> ref=Ref< Proxy(Object) > > 
  at <RouterView> 
  at <App> @ http://localhost:5173/node_modules/.vite/deps/chunk-MYEHH3VS.js?v=cf2b15a6:2194
[  113478ms] [WARNING] [Vue warn]: Property "editingMessageIndex" was accessed during render but is not defined on instance. 
  at <ChatView onVnodeUnmounted=fn<onVnodeUnmounted> ref=Ref< Proxy(Object) > > 
  at <RouterView> 
  at <App> @ http://localhost:5173/node_modules/.vite/deps/chunk-MYEHH3VS.js?v=cf2b15a6:2194
[  113479ms] [WARNING] [Vue warn]: Property "editingMessageContent" was accessed during render but is not defined on instance. 
  at <ChatView onVnodeUnmounted=fn<onVnodeUnmounted> ref=Ref< Proxy(Object) > > 
  at <RouterView> 
  at <App> @ http://localhost:5173/node_modules/.vite/deps/chunk-MYEHH3VS.js?v=cf2b15a6:2194
[  113577ms] [WARNING] [Vue warn]: Property "editingMessageIndex" was accessed during render but is not defined on instance. 
  at <ChatView onVnodeUnmounted=fn<onVnodeUnmounted> ref=Ref< Proxy(Object) > > 
  at <RouterView> 
  at <App> @ http://localhost:5173/node_modules/.vite/deps/chunk-MYEHH3VS.js?v=cf2b15a6:2194
[  113578ms] [WARNING] [Vue warn]: Property "editingMessageContent" was accessed during render but is not defined on instance. 
  at <ChatView onVnodeUnmounted=fn<onVnodeUnmounted> ref=Ref< Proxy(Object) > > 
  at <RouterView> 
  at <App> @ http://localhost:5173/node_modules/.vite/deps/chunk-MYEHH3VS.js?v=cf2b15a6:2194
[  113578ms] [WARNING] [Vue warn]: Property "editingMessageIndex" was accessed during render but is not defined on instance. 
  at <ChatView onVnodeUnmounted=fn<onVnodeUnmounted> ref=Ref< Proxy(Object) > > 
  at <RouterView> 
  at <App> @ http://localhost:5173/node_modules/.vite/deps/chunk-MYEHH3VS.js?v=cf2b15a6:2194
[  113578ms] [WARNING] [Vue warn]: Property "editingMessageContent" was accessed during render but is not defined on instance. 
  at <ChatView onVnodeUnmounted=fn<onVnodeUnmounted> ref=Ref< Proxy(Object) > > 
  at <RouterView> 
  at <App> @ http://localhost:5173/node_modules/.vite/deps/chunk-MYEHH3VS.js?v=cf2b15a6:2194
[  113681ms] [WARNING] [Vue warn]: Property "editingMessageIndex" was accessed during render but is not defined on instance. 
  at <ChatView onVnodeUnmounted=fn<onVnodeUnmounted> ref=Ref< Proxy(Object) > > 
  at <RouterView> 
  at <App> @ http://localhost:5173/node_modules/.vite/deps/chunk-MYEHH3VS.js?v=cf2b15a6:2194
[  113681ms] [WARNING] [Vue warn]: Property "editingMessageContent" was accessed during render but is not defined on instance. 
  at <ChatView onVnodeUnmounted=fn<onVnodeUnmounted> ref=Ref< Proxy(Object) > > 
  at <RouterView> 
  at <App> @ http://localhost:5173/node_modules/.vite/deps/chunk-MYEHH3VS.js?v=cf2b15a6:2194
[  113681ms] [WARNING] [Vue warn]: Property "editingMessageIndex" was accessed during render but is not defined on instance. 
  at <ChatView onVnodeUnmounted=fn<onVnodeUnmounted> ref=Ref< Proxy(Object) > > 
  at <RouterView> 
  at <App> @ http://localhost:5173/node_modules/.vite/deps/chunk-MYEHH3VS.js?v=cf2b15a6:2194
[  113681ms] [WARNING] [Vue warn]: Property "editingMessageContent" was accessed during render but is not defined on instance. 
  at <ChatView onVnodeUnmounted=fn<onVnodeUnmounted> ref=Ref< Proxy(Object) > > 
  at <RouterView> 
  at <App> @ http://localhost:5173/node_modules/.vite/deps/chunk-MYEHH3VS.js?v=cf2b15a6:2194
[  113784ms] [WARNING] [Vue warn]: Property "editingMessageIndex" was accessed during render but is not defined on instance. 
  at <ChatView onVnodeUnmounted=fn<onVnodeUnmounted> ref=Ref< Proxy(Object) > > 
  at <RouterView> 
  at <App> @ http://localhost:5173/node_modules/.vite/deps/chunk-MYEHH3VS.js?v=cf2b15a6:2194
[  113785ms] [WARNING] [Vue warn]: Property "editingMessageContent" was accessed during render but is not defined on instance. 
  at <ChatView onVnodeUnmounted=fn<onVnodeUnmounted> ref=Ref< Proxy(Object) > > 
  at <RouterView> 
  at <App> @ http://localhost:5173/node_modules/.vite/deps/chunk-MYEHH3VS.js?v=cf2b15a6:2194
[  113785ms] [WARNING] [Vue warn]: Property "editingMessageIndex" was accessed during render but is not defined on instance. 
  at <ChatView onVnodeUnmounted=fn<onVnodeUnmounted> ref=Ref< Proxy(Object) > > 
  at <RouterView> 
  at <App> @ http://localhost:5173/node_modules/.vite/deps/chunk-MYEHH3VS.js?v=cf2b15a6:2194
[  113785ms] [WARNING] [Vue warn]: Property "editingMessageContent" was accessed during render but is not defined on instance. 
  at <ChatView onVnodeUnmounted=fn<onVnodeUnmounted> ref=Ref< Proxy(Object) > > 
  at <RouterView> 
  at <App> @ http://localhost:5173/node_modules/.vite/deps/chunk-MYEHH3VS.js?v=cf2b15a6:2194
[  113890ms] [WARNING] [Vue warn]: Property "editingMessageIndex" was accessed during render but is not defined on instance. 
  at <ChatView onVnodeUnmounted=fn<onVnodeUnmounted> ref=Ref< Proxy(Object) > > 
  at <RouterView> 
  at <App> @ http://localhost:5173/node_modules/.vite/deps/chunk-MYEHH3VS.js?v=cf2b15a6:2194
[  113891ms] [WARNING] [Vue warn]: Property "editingMessageContent" was accessed during render but is not defined on instance. 
  at <ChatView onVnodeUnmounted=fn<onVnodeUnmounted> ref=Ref< Proxy(Object) > > 
  at <RouterView> 
  at <App> @ http://localhost:5173/node_modules/.vite/deps/chunk-MYEHH3VS.js?v=cf2b15a6:2194
[  113891ms] [WARNING] [Vue warn]: Property "editingMessageIndex" was accessed during render but is not defined on instance. 
  at <ChatView onVnodeUnmounted=fn<onVnodeUnmounted> ref=Ref< Proxy(Object) > > 
  at <RouterView> 
  at <App> @ http://localhost:5173/node_modules/.vite/deps/chunk-MYEHH3VS.js?v=cf2b15a6:2194
[  113891ms] [WARNING] [Vue warn]: Property "editingMessageContent" was accessed during render but is not defined on instance. 
  at <ChatView onVnodeUnmounted=fn<onVnodeUnmounted> ref=Ref< Proxy(Object) > > 
  at <RouterView> 
  at <App> @ http://localhost:5173/node_modules/.vite/deps/chunk-MYEHH3VS.js?v=cf2b15a6:2194
[  114007ms] [WARNING] [Vue warn]: Property "editingMessageIndex" was accessed during render but is not defined on instance. 
  at <ChatView onVnodeUnmounted=fn<onVnodeUnmounted> ref=Ref< Proxy(Object) > > 
  at <RouterView> 
  at <App> @ http://localhost:5173/node_modules/.vite/deps/chunk-MYEHH3VS.js?v=cf2b15a6:2194
[  114007ms] [WARNING] [Vue warn]: Property "editingMessageContent" was accessed during render but is not defined on instance. 
  at <ChatView onVnodeUnmounted=fn<onVnodeUnmounted> ref=Ref< Proxy(Object) > > 
  at <RouterView> 
  at <App> @ http://localhost:5173/node_modules/.vite/deps/chunk-MYEHH3VS.js?v=cf2b15a6:2194
[  114008ms] [WARNING] [Vue warn]: Property "editingMessageIndex" was accessed during render but is not defined on instance. 
  at <ChatView onVnodeUnmounted=fn<onVnodeUnmounted> ref=Ref< Proxy(Object) > > 
  at <RouterView> 
  at <App> @ http://localhost:5173/node_modules/.vite/deps/chunk-MYEHH3VS.js?v=cf2b15a6:2194
[  114009ms] [WARNING] [Vue warn]: Property "editingMessageContent" was accessed during render but is not defined on instance. 
  at <ChatView onVnodeUnmounted=fn<onVnodeUnmounted> ref=Ref< Proxy(Object) > > 
  at <RouterView> 
  at <App> @ http://localhost:5173/node_modules/.vite/deps/chunk-MYEHH3VS.js?v=cf2b15a6:2194
[  114107ms] [WARNING] [Vue warn]: Property "editingMessageIndex" was accessed during render but is not defined on instance. 
  at <ChatView onVnodeUnmounted=fn<onVnodeUnmounted> ref=Ref< Proxy(Object) > > 
  at <RouterView> 
  at <App> @ http://localhost:5173/node_modules/.vite/deps/chunk-MYEHH3VS.js?v=cf2b15a6:2194
[  114107ms] [WARNING] [Vue warn]: Property "editingMessageContent" was accessed during render but is not defined on instance. 
  at <ChatView onVnodeUnmounted=fn<onVnodeUnmounted> ref=Ref< Proxy(Object) > > 
  at <RouterView> 
  at <App> @ http://localhost:5173/node_modules/.vite/deps/chunk-MYEHH3VS.js?v=cf2b15a6:2194
[  114109ms] [WARNING] [Vue warn]: Property "editingMessageIndex" was accessed during render but is not defined on instance. 
  at <ChatView onVnodeUnmounted=fn<onVnodeUnmounted> ref=Ref< Proxy(Object) > > 
  at <RouterView> 
  at <App> @ http://localhost:5173/node_modules/.vite/deps/chunk-MYEHH3VS.js?v=cf2b15a6:2194
[  114109ms] [WARNING] [Vue warn]: Property "editingMessageContent" was accessed during render but is not defined on instance. 
  at <ChatView onVnodeUnmounted=fn<onVnodeUnmounted> ref=Ref< Proxy(Object) > > 
  at <RouterView> 
  at <App> @ http://localhost:5173/node_modules/.vite/deps/chunk-MYEHH3VS.js?v=cf2b15a6:2194
[  114210ms] [WARNING] [Vue warn]: Property "editingMessageIndex" was accessed during render but is not defined on instance. 
  at <ChatView onVnodeUnmounted=fn<onVnodeUnmounted> ref=Ref< Proxy(Object) > > 
  at <RouterView> 
  at <App> @ http://localhost:5173/node_modules/.vite/deps/chunk-MYEHH3VS.js?v=cf2b15a6:2194
[  114210ms] [WARNING] [Vue warn]: Property "editingMessageContent" was accessed during render but is not defined on instance. 
  at <ChatView onVnodeUnmounted=fn<onVnodeUnmounted> ref=Ref< Proxy(Object) > > 
  at <RouterView> 
  at <App> @ http://localhost:5173/node_modules/.vite/deps/chunk-MYEHH3VS.js?v=cf2b15a6:2194
[  114211ms] [WARNING] [Vue warn]: Property "editingMessageIndex" was accessed during render but is not defined on instance. 
  at <ChatView onVnodeUnmounted=fn<onVnodeUnmounted> ref=Ref< Proxy(Object) > > 
  at <RouterView> 
  at <App> @ http://localhost:5173/node_modules/.vite/deps/chunk-MYEHH3VS.js?v=cf2b15a6:2194
[  114211ms] [WARNING] [Vue warn]: Property "editingMessageContent" was accessed during render but is not defined on instance. 
  at <ChatView onVnodeUnmounted=fn<onVnodeUnmounted> ref=Ref< Proxy(Object) > > 
  at <RouterView> 
  at <App> @ http://localhost:5173/node_modules/.vite/deps/chunk-MYEHH3VS.js?v=cf2b15a6:2194
[  114312ms] [WARNING] [Vue warn]: Property "editingMessageIndex" was accessed during render but is not defined on instance. 
  at <ChatView onVnodeUnmounted=fn<onVnodeUnmounted> ref=Ref< Proxy(Object) > > 
  at <RouterView> 
  at <App> @ http://localhost:5173/node_modules/.vite/deps/chunk-MYEHH3VS.js?v=cf2b15a6:2194
[  114312ms] [WARNING] [Vue warn]: Property "editingMessageContent" was accessed during render but is not defined on instance. 
  at <ChatView onVnodeUnmounted=fn<onVnodeUnmounted> ref=Ref< Proxy(Object) > > 
  at <RouterView> 
  at <App> @ http://localhost:5173/node_modules/.vite/deps/chunk-MYEHH3VS.js?v=cf2b15a6:2194
[  114313ms] [WARNING] [Vue warn]: Property "editingMessageIndex" was accessed during render but is not defined on instance. 
  at <ChatView onVnodeUnmounted=fn<onVnodeUnmounted> ref=Ref< Proxy(Object) > > 
  at <RouterView> 
  at <App> @ http://localhost:5173/node_modules/.vite/deps/chunk-MYEHH3VS.js?v=cf2b15a6:2194
[  114313ms] [WARNING] [Vue warn]: Property "editingMessageContent" was accessed during render but is not defined on instance. 
  at <ChatView onVnodeUnmounted=fn<onVnodeUnmounted> ref=Ref< Proxy(Object) > > 
  at <RouterView> 
  at <App> @ http://localhost:5173/node_modules/.vite/deps/chunk-MYEHH3VS.js?v=cf2b15a6:2194
[  114412ms] [WARNING] [Vue warn]: Property "editingMessageIndex" was accessed during render but is not defined on instance. 
  at <ChatView onVnodeUnmounted=fn<onVnodeUnmounted> ref=Ref< Proxy(Object) > > 
  at <RouterView> 
  at <App> @ http://localhost:5173/node_modules/.vite/deps/chunk-MYEHH3VS.js?v=cf2b15a6:2194
[  114413ms] [WARNING] [Vue warn]: Property "editingMessageContent" was accessed during render but is not defined on instance. 
  at <ChatView onVnodeUnmounted=fn<onVnodeUnmounted> ref=Ref< Proxy(Object) > > 
  at <RouterView> 
  at <App> @ http://localhost:5173/node_modules/.vite/deps/chunk-MYEHH3VS.js?v=cf2b15a6:2194
[  114414ms] [WARNING] [Vue warn]: Property "editingMessageIndex" was accessed during render but is not defined on instance. 
  at <ChatView onVnodeUnmounted=fn<onVnodeUnmounted> ref=Ref< Proxy(Object) > > 
  at <RouterView> 
  at <App> @ http://localhost:5173/node_modules/.vite/deps/chunk-MYEHH3VS.js?v=cf2b15a6:2194
[  114414ms] [WARNING] [Vue warn]: Property "editingMessageContent" was accessed during render but is not defined on instance. 
  at <ChatView onVnodeUnmounted=fn<onVnodeUnmounted> ref=Ref< Proxy(Object) > > 
  at <RouterView> 
  at <App> @ http://localhost:5173/node_modules/.vite/deps/chunk-MYEHH3VS.js?v=cf2b15a6:2194
[  114515ms] [WARNING] [Vue warn]: Property "editingMessageIndex" was accessed during render but is not defined on instance. 
  at <ChatView onVnodeUnmounted=fn<onVnodeUnmounted> ref=Ref< Proxy(Object) > > 
  at <RouterView> 
  at <App> @ http://localhost:5173/node_modules/.vite/deps/chunk-MYEHH3VS.js?v=cf2b15a6:2194
[  114516ms] [WARNING] [Vue warn]: Property "editingMessageContent" was accessed during render but is not defined on instance. 
  at <ChatView onVnodeUnmounted=fn<onVnodeUnmounted> ref=Ref< Proxy(Object) > > 
  at <RouterView> 
  at <App> @ http://localhost:5173/node_modules/.vite/deps/chunk-MYEHH3VS.js?v=cf2b15a6:2194
[  114516ms] [WARNING] [Vue warn]: Property "editingMessageIndex" was accessed during render but is not defined on instance. 
  at <ChatView onVnodeUnmounted=fn<onVnodeUnmounted> ref=Ref< Proxy(Object) > > 
  at <RouterView> 
  at <App> @ http://localhost:5173/node_modules/.vite/deps/chunk-MYEHH3VS.js?v=cf2b15a6:2194
[  114517ms] [WARNING] [Vue warn]: Property "editingMessageContent" was accessed during render but is not defined on instance. 
  at <ChatView onVnodeUnmounted=fn<onVnodeUnmounted> ref=Ref< Proxy(Object) > > 
  at <RouterView> 
  at <App> @ http://localhost:5173/node_modules/.vite/deps/chunk-MYEHH3VS.js?v=cf2b15a6:2194
[  114614ms] [WARNING] [Vue warn]: Property "editingMessageIndex" was accessed during render but is not defined on instance. 
  at <ChatView onVnodeUnmounted=fn<onVnodeUnmounted> ref=Ref< Proxy(Object) > > 
  at <RouterView> 
  at <App> @ http://localhost:5173/node_modules/.vite/deps/chunk-MYEHH3VS.js?v=cf2b15a6:2194
[  114614ms] [WARNING] [Vue warn]: Property "editingMessageContent" was accessed during render but is not defined on instance. 
  at <ChatView onVnodeUnmounted=fn<onVnodeUnmounted> ref=Ref< Proxy(Object) > > 
  at <RouterView> 
  at <App> @ http://localhost:5173/node_modules/.vite/deps/chunk-MYEHH3VS.js?v=cf2b15a6:2194
[  114614ms] [WARNING] [Vue warn]: Property "editingMessageIndex" was accessed during render but is not defined on instance. 
  at <ChatView onVnodeUnmounted=fn<onVnodeUnmounted> ref=Ref< Proxy(Object) > > 
  at <RouterView> 
  at <App> @ http://localhost:5173/node_modules/.vite/deps/chunk-MYEHH3VS.js?v=cf2b15a6:2194
[  114615ms] [WARNING] [Vue warn]: Property "editingMessageContent" was accessed during render but is not defined on instance. 
  at <ChatView onVnodeUnmounted=fn<onVnodeUnmounted> ref=Ref< Proxy(Object) > > 
  at <RouterView> 
  at <App> @ http://localhost:5173/node_modules/.vite/deps/chunk-MYEHH3VS.js?v=cf2b15a6:2194
[  114713ms] [WARNING] [Vue warn]: Property "editingMessageIndex" was accessed during render but is not defined on instance. 
  at <ChatView onVnodeUnmounted=fn<onVnodeUnmounted> ref=Ref< Proxy(Object) > > 
  at <RouterView> 
  at <App> @ http://localhost:5173/node_modules/.vite/deps/chunk-MYEHH3VS.js?v=cf2b15a6:2194
[  114714ms] [WARNING] [Vue warn]: Property "editingMessageContent" was accessed during render but is not defined on instance. 
  at <ChatView onVnodeUnmounted=fn<onVnodeUnmounted> ref=Ref< Proxy(Object) > > 
  at <RouterView> 
  at <App> @ http://localhost:5173/node_modules/.vite/deps/chunk-MYEHH3VS.js?v=cf2b15a6:2194
[  114714ms] [WARNING] [Vue warn]: Property "editingMessageIndex" was accessed during render but is not defined on instance. 
  at <ChatView onVnodeUnmounted=fn<onVnodeUnmounted> ref=Ref< Proxy(Object) > > 
  at <RouterView> 
  at <App> @ http://localhost:5173/node_modules/.vite/deps/chunk-MYEHH3VS.js?v=cf2b15a6:2194
[  114714ms] [WARNING] [Vue warn]: Property "editingMessageContent" was accessed during render but is not defined on instance. 
  at <ChatView onVnodeUnmounted=fn<onVnodeUnmounted> ref=Ref< Proxy(Object) > > 
  at <RouterView> 
  at <App> @ http://localhost:5173/node_modules/.vite/deps/chunk-MYEHH3VS.js?v=cf2b15a6:2194
[  114815ms] [WARNING] [Vue warn]: Property "editingMessageIndex" was accessed during render but is not defined on instance. 
  at <ChatView onVnodeUnmounted=fn<onVnodeUnmounted> ref=Ref< Proxy(Object) > > 
  at <RouterView> 
  at <App> @ http://localhost:5173/node_modules/.vite/deps/chunk-MYEHH3VS.js?v=cf2b15a6:2194
[  114816ms] [WARNING] [Vue warn]: Property "editingMessageContent" was accessed during render but is not defined on instance. 
  at <ChatView onVnodeUnmounted=fn<onVnodeUnmounted> ref=Ref< Proxy(Object) > > 
  at <RouterView> 
  at <App> @ http://localhost:5173/node_modules/.vite/deps/chunk-MYEHH3VS.js?v=cf2b15a6:2194
[  114816ms] [WARNING] [Vue warn]: Property "editingMessageIndex" was accessed during render but is not defined on instance. 
  at <ChatView onVnodeUnmounted=fn<onVnodeUnmounted> ref=Ref< Proxy(Object) > > 
  at <RouterView> 
  at <App> @ http://localhost:5173/node_modules/.vite/deps/chunk-MYEHH3VS.js?v=cf2b15a6:2194
[  114816ms] [WARNING] [Vue warn]: Property "editingMessageContent" was accessed during render but is not defined on instance. 
  at <ChatView onVnodeUnmounted=fn<onVnodeUnmounted> ref=Ref< Proxy(Object) > > 
  at <RouterView> 
  at <App> @ http://localhost:5173/node_modules/.vite/deps/chunk-MYEHH3VS.js?v=cf2b15a6:2194
[  114915ms] [WARNING] [Vue warn]: Property "editingMessageIndex" was accessed during render but is not defined on instance. 
  at <ChatView onVnodeUnmounted=fn<onVnodeUnmounted> ref=Ref< Proxy(Object) > > 
  at <RouterView> 
  at <App> @ http://localhost:5173/node_modules/.vite/deps/chunk-MYEHH3VS.js?v=cf2b15a6:2194
[  114915ms] [WARNING] [Vue warn]: Property "editingMessageContent" was accessed during render but is not defined on instance. 
  at <ChatView onVnodeUnmounted=fn<onVnodeUnmounted> ref=Ref< Proxy(Object) > > 
  at <RouterView> 
  at <App> @ http://localhost:5173/node_modules/.vite/deps/chunk-MYEHH3VS.js?v=cf2b15a6:2194
[  114915ms] [WARNING] [Vue warn]: Property "editingMessageIndex" was accessed during render but is not defined on instance. 
  at <ChatView onVnodeUnmounted=fn<onVnodeUnmounted> ref=Ref< Proxy(Object) > > 
  at <RouterView> 
  at <App> @ http://localhost:5173/node_modules/.vite/deps/chunk-MYEHH3VS.js?v=cf2b15a6:2194
[  114916ms] [WARNING] [Vue warn]: Property "editingMessageContent" was accessed during render but is not defined on instance. 
  at <ChatView onVnodeUnmounted=fn<onVnodeUnmounted> ref=Ref< Proxy(Object) > > 
  at <RouterView> 
  at <App> @ http://localhost:5173/node_modules/.vite/deps/chunk-MYEHH3VS.js?v=cf2b15a6:2194
[  115017ms] [WARNING] [Vue warn]: Property "editingMessageIndex" was accessed during render but is not defined on instance. 
  at <ChatView onVnodeUnmounted=fn<onVnodeUnmounted> ref=Ref< Proxy(Object) > > 
  at <RouterView> 
  at <App> @ http://localhost:5173/node_modules/.vite/deps/chunk-MYEHH3VS.js?v=cf2b15a6:2194
[  115017ms] [WARNING] [Vue warn]: Property "editingMessageContent" was accessed during render but is not defined on instance. 
  at <ChatView onVnodeUnmounted=fn<onVnodeUnmounted> ref=Ref< Proxy(Object) > > 
  at <RouterView> 
  at <App> @ http://localhost:5173/node_modules/.vite/deps/chunk-MYEHH3VS.js?v=cf2b15a6:2194
[  115018ms] [WARNING] [Vue warn]: Property "editingMessageIndex" was accessed during render but is not defined on instance. 
  at <ChatView onVnodeUnmounted=fn<onVnodeUnmounted> ref=Ref< Proxy(Object) > > 
  at <RouterView> 
  at <App> @ http://localhost:5173/node_modules/.vite/deps/chunk-MYEHH3VS.js?v=cf2b15a6:2194
[  115018ms] [WARNING] [Vue warn]: Property "editingMessageContent" was accessed during render but is not defined on instance. 
  at <ChatView onVnodeUnmounted=fn<onVnodeUnmounted> ref=Ref< Proxy(Object) > > 
  at <RouterView> 
  at <App> @ http://localhost:5173/node_modules/.vite/deps/chunk-MYEHH3VS.js?v=cf2b15a6:2194
[  115121ms] [WARNING] [Vue warn]: Property "editingMessageIndex" was accessed during render but is not defined on instance. 
  at <ChatView onVnodeUnmounted=fn<onVnodeUnmounted> ref=Ref< Proxy(Object) > > 
  at <RouterView> 
  at <App> @ http://localhost:5173/node_modules/.vite/deps/chunk-MYEHH3VS.js?v=cf2b15a6:2194
[  115122ms] [WARNING] [Vue warn]: Property "editingMessageContent" was accessed during render but is not defined on instance. 
  at <ChatView onVnodeUnmounted=fn<onVnodeUnmounted> ref=Ref< Proxy(Object) > > 
  at <RouterView> 
  at <App> @ http://localhost:5173/node_modules/.vite/deps/chunk-MYEHH3VS.js?v=cf2b15a6:2194
[  115123ms] [WARNING] [Vue warn]: Property "editingMessageIndex" was accessed during render but is not defined on instance. 
  at <ChatView onVnodeUnmounted=fn<onVnodeUnmounted> ref=Ref< Proxy(Object) > > 
  at <RouterView> 
  at <App> @ http://localhost:5173/node_modules/.vite/deps/chunk-MYEHH3VS.js?v=cf2b15a6:2194
[  115123ms] [WARNING] [Vue warn]: Property "editingMessageContent" was accessed during render but is not defined on instance. 
  at <ChatView onVnodeUnmounted=fn<onVnodeUnmounted> ref=Ref< Proxy(Object) > > 
  at <RouterView> 
  at <App> @ http://localhost:5173/node_modules/.vite/deps/chunk-MYEHH3VS.js?v=cf2b15a6:2194
[  115219ms] [WARNING] [Vue warn]: Property "editingMessageIndex" was accessed during render but is not defined on instance. 
  at <ChatView onVnodeUnmounted=fn<onVnodeUnmounted> ref=Ref< Proxy(Object) > > 
  at <RouterView> 
  at <App> @ http://localhost:5173/node_modules/.vite/deps/chunk-MYEHH3VS.js?v=cf2b15a6:2194
[  115220ms] [WARNING] [Vue warn]: Property "editingMessageContent" was accessed during render but is not defined on instance. 
  at <ChatView onVnodeUnmounted=fn<onVnodeUnmounted> ref=Ref< Proxy(Object) > > 
  at <RouterView> 
  at <App> @ http://localhost:5173/node_modules/.vite/deps/chunk-MYEHH3VS.js?v=cf2b15a6:2194
[  115221ms] [WARNING] [Vue warn]: Property "editingMessageIndex" was accessed during render but is not defined on instance. 
  at <ChatView onVnodeUnmounted=fn<onVnodeUnmounted> ref=Ref< Proxy(Object) > > 
  at <RouterView> 
  at <App> @ http://localhost:5173/node_modules/.vite/deps/chunk-MYEHH3VS.js?v=cf2b15a6:2194
[  115221ms] [WARNING] [Vue warn]: Property "editingMessageContent" was accessed during render but is not defined on instance. 
  at <ChatView onVnodeUnmounted=fn<onVnodeUnmounted> ref=Ref< Proxy(Object) > > 
  at <RouterView> 
  at <App> @ http://localhost:5173/node_modules/.vite/deps/chunk-MYEHH3VS.js?v=cf2b15a6:2194
[  115316ms] [WARNING] [Vue warn]: Property "editingMessageIndex" was accessed during render but is not defined on instance. 
  at <ChatView onVnodeUnmounted=fn<onVnodeUnmounted> ref=Ref< Proxy(Object) > > 
  at <RouterView> 
  at <App> @ http://localhost:5173/node_modules/.vite/deps/chunk-MYEHH3VS.js?v=cf2b15a6:2194
[  115317ms] [WARNING] [Vue warn]: Property "editingMessageContent" was accessed during render but is not defined on instance. 
  at <ChatView onVnodeUnmounted=fn<onVnodeUnmounted> ref=Ref< Proxy(Object) > > 
  at <RouterView> 
  at <App> @ http://localhost:5173/node_modules/.vite/deps/chunk-MYEHH3VS.js?v=cf2b15a6:2194
[  115317ms] [WARNING] [Vue warn]: Property "editingMessageIndex" was accessed during render but is not defined on instance. 
  at <ChatView onVnodeUnmounted=fn<onVnodeUnmounted> ref=Ref< Proxy(Object) > > 
  at <RouterView> 
  at <App> @ http://localhost:5173/node_modules/.vite/deps/chunk-MYEHH3VS.js?v=cf2b15a6:2194
[  115317ms] [WARNING] [Vue warn]: Property "editingMessageContent" was accessed during render but is not defined on instance. 
  at <ChatView onVnodeUnmounted=fn<onVnodeUnmounted> ref=Ref< Proxy(Object) > > 
  at <RouterView> 
  at <App> @ http://localhost:5173/node_modules/.vite/deps/chunk-MYEHH3VS.js?v=cf2b15a6:2194
[  115422ms] [WARNING] [Vue warn]: Property "editingMessageIndex" was accessed during render but is not defined on instance. 
  at <ChatView onVnodeUnmounted=fn<onVnodeUnmounted> ref=Ref< Proxy(Object) > > 
  at <RouterView> 
  at <App> @ http://localhost:5173/node_modules/.vite/deps/chunk-MYEHH3VS.js?v=cf2b15a6:2194
[  115423ms] [WARNING] [Vue warn]: Property "editingMessageContent" was accessed during render but is not defined on instance. 
  at <ChatView onVnodeUnmounted=fn<onVnodeUnmounted> ref=Ref< Proxy(Object) > > 
  at <RouterView> 
  at <App> @ http://localhost:5173/node_modules/.vite/deps/chunk-MYEHH3VS.js?v=cf2b15a6:2194
[  115423ms] [WARNING] [Vue warn]: Property "editingMessageIndex" was accessed during render but is not defined on instance. 
  at <ChatView onVnodeUnmounted=fn<onVnodeUnmounted> ref=Ref< Proxy(Object) > > 
  at <RouterView> 
  at <App> @ http://localhost:5173/node_modules/.vite/deps/chunk-MYEHH3VS.js?v=cf2b15a6:2194
[  115423ms] [WARNING] [Vue warn]: Property "editingMessageContent" was accessed during render but is not defined on instance. 
  at <ChatView onVnodeUnmounted=fn<onVnodeUnmounted> ref=Ref< Proxy(Object) > > 
  at <RouterView> 
  at <App> @ http://localhost:5173/node_modules/.vite/deps/chunk-MYEHH3VS.js?v=cf2b15a6:2194
[  115523ms] [WARNING] [Vue warn]: Property "editingMessageIndex" was accessed during render but is not defined on instance. 
  at <ChatView onVnodeUnmounted=fn<onVnodeUnmounted> ref=Ref< Proxy(Object) > > 
  at <RouterView> 
  at <App> @ http://localhost:5173/node_modules/.vite/deps/chunk-MYEHH3VS.js?v=cf2b15a6:2194
[  115524ms] [WARNING] [Vue warn]: Property "editingMessageContent" was accessed during render but is not defined on instance. 
  at <ChatView onVnodeUnmounted=fn<onVnodeUnmounted> ref=Ref< Proxy(Object) > > 
  at <RouterView> 
  at <App> @ http://localhost:5173/node_modules/.vite/deps/chunk-MYEHH3VS.js?v=cf2b15a6:2194
[  115524ms] [WARNING] [Vue warn]: Property "editingMessageIndex" was accessed during render but is not defined on instance. 
  at <ChatView onVnodeUnmounted=fn<onVnodeUnmounted> ref=Ref< Proxy(Object) > > 
  at <RouterView> 
  at <App> @ http://localhost:5173/node_modules/.vite/deps/chunk-MYEHH3VS.js?v=cf2b15a6:2194
[  115524ms] [WARNING] [Vue warn]: Property "editingMessageContent" was accessed during render but is not defined on instance. 
  at <ChatView onVnodeUnmounted=fn<onVnodeUnmounted> ref=Ref< Proxy(Object) > > 
  at <RouterView> 
  at <App> @ http://localhost:5173/node_modules/.vite/deps/chunk-MYEHH3VS.js?v=cf2b15a6:2194
[  115624ms] [WARNING] [Vue warn]: Property "editingMessageIndex" was accessed during render but is not defined on instance. 
  at <ChatView onVnodeUnmounted=fn<onVnodeUnmounted> ref=Ref< Proxy(Object) > > 
  at <RouterView> 
  at <App> @ http://localhost:5173/node_modules/.vite/deps/chunk-MYEHH3VS.js?v=cf2b15a6:2194
[  115625ms] [WARNING] [Vue warn]: Property "editingMessageContent" was accessed during render but is not defined on instance. 
  at <ChatView onVnodeUnmounted=fn<onVnodeUnmounted> ref=Ref< Proxy(Object) > > 
  at <RouterView> 
  at <App> @ http://localhost:5173/node_modules/.vite/deps/chunk-MYEHH3VS.js?v=cf2b15a6:2194
[  115625ms] [WARNING] [Vue warn]: Property "editingMessageIndex" was accessed during render but is not defined on instance. 
  at <ChatView onVnodeUnmounted=fn<onVnodeUnmounted> ref=Ref< Proxy(Object) > > 
  at <RouterView> 
  at <App> @ http://localhost:5173/node_modules/.vite/deps/chunk-MYEHH3VS.js?v=cf2b15a6:2194
[  115625ms] [WARNING] [Vue warn]: Property "editingMessageContent" was accessed during render but is not defined on instance. 
  at <ChatView onVnodeUnmounted=fn<onVnodeUnmounted> ref=Ref< Proxy(Object) > > 
  at <RouterView> 
  at <App> @ http://localhost:5173/node_modules/.vite/deps/chunk-MYEHH3VS.js?v=cf2b15a6:2194
[  115728ms] [WARNING] [Vue warn]: Property "editingMessageIndex" was accessed during render but is not defined on instance. 
  at <ChatView onVnodeUnmounted=fn<onVnodeUnmounted> ref=Ref< Proxy(Object) > > 
  at <RouterView> 
  at <App> @ http://localhost:5173/node_modules/.vite/deps/chunk-MYEHH3VS.js?v=cf2b15a6:2194
[  115729ms] [WARNING] [Vue warn]: Property "editingMessageContent" was accessed during render but is not defined on instance. 
  at <ChatView onVnodeUnmounted=fn<onVnodeUnmounted> ref=Ref< Proxy(Object) > > 
  at <RouterView> 
  at <App> @ http://localhost:5173/node_modules/.vite/deps/chunk-MYEHH3VS.js?v=cf2b15a6:2194
[  115729ms] [WARNING] [Vue warn]: Property "editingMessageIndex" was accessed during render but is not defined on instance. 
  at <ChatView onVnodeUnmounted=fn<onVnodeUnmounted> ref=Ref< Proxy(Object) > > 
  at <RouterView> 
  at <App> @ http://localhost:5173/node_modules/.vite/deps/chunk-MYEHH3VS.js?v=cf2b15a6:2194
[  115729ms] [WARNING] [Vue warn]: Property "editingMessageContent" was accessed during render but is not defined on instance. 
  at <ChatView onVnodeUnmounted=fn<onVnodeUnmounted> ref=Ref< Proxy(Object) > > 
  at <RouterView> 
  at <App> @ http://localhost:5173/node_modules/.vite/deps/chunk-MYEHH3VS.js?v=cf2b15a6:2194
[  115828ms] [WARNING] [Vue warn]: Property "editingMessageIndex" was accessed during render but is not defined on instance. 
  at <ChatView onVnodeUnmounted=fn<onVnodeUnmounted> ref=Ref< Proxy(Object) > > 
  at <RouterView> 
  at <App> @ http://localhost:5173/node_modules/.vite/deps/chunk-MYEHH3VS.js?v=cf2b15a6:2194
[  115829ms] [WARNING] [Vue warn]: Property "editingMessageContent" was accessed during render but is not defined on instance. 
  at <ChatView onVnodeUnmounted=fn<onVnodeUnmounted> ref=Ref< Proxy(Object) > > 
  at <RouterView> 
  at <App> @ http://localhost:5173/node_modules/.vite/deps/chunk-MYEHH3VS.js?v=cf2b15a6:2194
[  115829ms] [WARNING] [Vue warn]: Property "editingMessageIndex" was accessed during render but is not defined on instance. 
  at <ChatView onVnodeUnmounted=fn<onVnodeUnmounted> ref=Ref< Proxy(Object) > > 
  at <RouterView> 
  at <App> @ http://localhost:5173/node_modules/.vite/deps/chunk-MYEHH3VS.js?v=cf2b15a6:2194
[  115829ms] [WARNING] [Vue warn]: Property "editingMessageContent" was accessed during render but is not defined on instance. 
  at <ChatView onVnodeUnmounted=fn<onVnodeUnmounted> ref=Ref< Proxy(Object) > > 
  at <RouterView> 
  at <App> @ http://localhost:5173/node_modules/.vite/deps/chunk-MYEHH3VS.js?v=cf2b15a6:2194
[  115931ms] [WARNING] [Vue warn]: Property "editingMessageIndex" was accessed during render but is not defined on instance. 
  at <ChatView onVnodeUnmounted=fn<onVnodeUnmounted> ref=Ref< Proxy(Object) > > 
  at <RouterView> 
  at <App> @ http://localhost:5173/node_modules/.vite/deps/chunk-MYEHH3VS.js?v=cf2b15a6:2194
[  115931ms] [WARNING] [Vue warn]: Property "editingMessageContent" was accessed during render but is not defined on instance. 
  at <ChatView onVnodeUnmounted=fn<onVnodeUnmounted> ref=Ref< Proxy(Object) > > 
  at <RouterView> 
  at <App> @ http://localhost:5173/node_modules/.vite/deps/chunk-MYEHH3VS.js?v=cf2b15a6:2194
[  115931ms] [WARNING] [Vue warn]: Property "editingMessageIndex" was accessed during render but is not defined on instance. 
  at <ChatView onVnodeUnmounted=fn<onVnodeUnmounted> ref=Ref< Proxy(Object) > > 
  at <RouterView> 
  at <App> @ http://localhost:5173/node_modules/.vite/deps/chunk-MYEHH3VS.js?v=cf2b15a6:2194
[  115932ms] [WARNING] [Vue warn]: Property "editingMessageContent" was accessed during render but is not defined on instance. 
  at <ChatView onVnodeUnmounted=fn<onVnodeUnmounted> ref=Ref< Proxy(Object) > > 
  at <RouterView> 
  at <App> @ http://localhost:5173/node_modules/.vite/deps/chunk-MYEHH3VS.js?v=cf2b15a6:2194
[  116035ms] [WARNING] [Vue warn]: Property "editingMessageIndex" was accessed during render but is not defined on instance. 
  at <ChatView onVnodeUnmounted=fn<onVnodeUnmounted> ref=Ref< Proxy(Object) > > 
  at <RouterView> 
  at <App> @ http://localhost:5173/node_modules/.vite/deps/chunk-MYEHH3VS.js?v=cf2b15a6:2194
[  116035ms] [WARNING] [Vue warn]: Property "editingMessageContent" was accessed during render but is not defined on instance. 
  at <ChatView onVnodeUnmounted=fn<onVnodeUnmounted> ref=Ref< Proxy(Object) > > 
  at <RouterView> 
  at <App> @ http://localhost:5173/node_modules/.vite/deps/chunk-MYEHH3VS.js?v=cf2b15a6:2194
[  116036ms] [WARNING] [Vue warn]: Property "editingMessageIndex" was accessed during render but is not defined on instance. 
  at <ChatView onVnodeUnmounted=fn<onVnodeUnmounted> ref=Ref< Proxy(Object) > > 
  at <RouterView> 
  at <App> @ http://localhost:5173/node_modules/.vite/deps/chunk-MYEHH3VS.js?v=cf2b15a6:2194
[  116036ms] [WARNING] [Vue warn]: Property "editingMessageContent" was accessed during render but is not defined on instance. 
  at <ChatView onVnodeUnmounted=fn<onVnodeUnmounted> ref=Ref< Proxy(Object) > > 
  at <RouterView> 
  at <App> @ http://localhost:5173/node_modules/.vite/deps/chunk-MYEHH3VS.js?v=cf2b15a6:2194
[  116137ms] [WARNING] [Vue warn]: Property "editingMessageIndex" was accessed during render but is not defined on instance. 
  at <ChatView onVnodeUnmounted=fn<onVnodeUnmounted> ref=Ref< Proxy(Object) > > 
  at <RouterView> 
  at <App> @ http://localhost:5173/node_modules/.vite/deps/chunk-MYEHH3VS.js?v=cf2b15a6:2194
[  116138ms] [WARNING] [Vue warn]: Property "editingMessageContent" was accessed during render but is not defined on instance. 
  at <ChatView onVnodeUnmounted=fn<onVnodeUnmounted> ref=Ref< Proxy(Object) > > 
  at <RouterView> 
  at <App> @ http://localhost:5173/node_modules/.vite/deps/chunk-MYEHH3VS.js?v=cf2b15a6:2194
[  116138ms] [WARNING] [Vue warn]: Property "editingMessageIndex" was accessed during render but is not defined on instance. 
  at <ChatView onVnodeUnmounted=fn<onVnodeUnmounted> ref=Ref< Proxy(Object) > > 
  at <RouterView> 
  at <App> @ http://localhost:5173/node_modules/.vite/deps/chunk-MYEHH3VS.js?v=cf2b15a6:2194
[  116139ms] [WARNING] [Vue warn]: Property "editingMessageContent" was accessed during render but is not defined on instance. 
  at <ChatView onVnodeUnmounted=fn<onVnodeUnmounted> ref=Ref< Proxy(Object) > > 
  at <RouterView> 
  at <App> @ http://localhost:5173/node_modules/.vite/deps/chunk-MYEHH3VS.js?v=cf2b15a6:2194
[  116239ms] [WARNING] [Vue warn]: Property "editingMessageIndex" was accessed during render but is not defined on instance. 
  at <ChatView onVnodeUnmounted=fn<onVnodeUnmounted> ref=Ref< Proxy(Object) > > 
  at <RouterView> 
  at <App> @ http://localhost:5173/node_modules/.vite/deps/chunk-MYEHH3VS.js?v=cf2b15a6:2194
[  116240ms] [WARNING] [Vue warn]: Property "editingMessageContent" was accessed during render but is not defined on instance. 
  at <ChatView onVnodeUnmounted=fn<onVnodeUnmounted> ref=Ref< Proxy(Object) > > 
  at <RouterView> 
  at <App> @ http://localhost:5173/node_modules/.vite/deps/chunk-MYEHH3VS.js?v=cf2b15a6:2194
[  116242ms] [WARNING] [Vue warn]: Property "editingMessageIndex" was accessed during render but is not defined on instance. 
  at <ChatView onVnodeUnmounted=fn<onVnodeUnmounted> ref=Ref< Proxy(Object) > > 
  at <RouterView> 
  at <App> @ http://localhost:5173/node_modules/.vite/deps/chunk-MYEHH3VS.js?v=cf2b15a6:2194
[  116244ms] [WARNING] [Vue warn]: Property "editingMessageContent" was accessed during render but is not defined on instance. 
  at <ChatView onVnodeUnmounted=fn<onVnodeUnmounted> ref=Ref< Proxy(Object) > > 
  at <RouterView> 
  at <App> @ http://localhost:5173/node_modules/.vite/deps/chunk-MYEHH3VS.js?v=cf2b15a6:2194
[  116344ms] [WARNING] [Vue warn]: Property "editingMessageIndex" was accessed during render but is not defined on instance. 
  at <ChatView onVnodeUnmounted=fn<onVnodeUnmounted> ref=Ref< Proxy(Object) > > 
  at <RouterView> 
  at <App> @ http://localhost:5173/node_modules/.vite/deps/chunk-MYEHH3VS.js?v=cf2b15a6:2194
[  116344ms] [WARNING] [Vue warn]: Property "editingMessageContent" was accessed during render but is not defined on instance. 
  at <ChatView onVnodeUnmounted=fn<onVnodeUnmounted> ref=Ref< Proxy(Object) > > 
  at <RouterView> 
  at <App> @ http://localhost:5173/node_modules/.vite/deps/chunk-MYEHH3VS.js?v=cf2b15a6:2194
[  116345ms] [WARNING] [Vue warn]: Property "editingMessageIndex" was accessed during render but is not defined on instance. 
  at <ChatView onVnodeUnmounted=fn<onVnodeUnmounted> ref=Ref< Proxy(Object) > > 
  at <RouterView> 
  at <App> @ http://localhost:5173/node_modules/.vite/deps/chunk-MYEHH3VS.js?v=cf2b15a6:2194
[  116345ms] [WARNING] [Vue warn]: Property "editingMessageContent" was accessed during render but is not defined on instance. 
  at <ChatView onVnodeUnmounted=fn<onVnodeUnmounted> ref=Ref< Proxy(Object) > > 
  at <RouterView> 
  at <App> @ http://localhost:5173/node_modules/.vite/deps/chunk-MYEHH3VS.js?v=cf2b15a6:2194
[  116454ms] [WARNING] [Vue warn]: Property "editingMessageIndex" was accessed during render but is not defined on instance. 
  at <ChatView onVnodeUnmounted=fn<onVnodeUnmounted> ref=Ref< Proxy(Object) > > 
  at <RouterView> 
  at <App> @ http://localhost:5173/node_modules/.vite/deps/chunk-MYEHH3VS.js?v=cf2b15a6:2194
[  116454ms] [WARNING] [Vue warn]: Property "editingMessageContent" was accessed during render but is not defined on instance. 
  at <ChatView onVnodeUnmounted=fn<onVnodeUnmounted> ref=Ref< Proxy(Object) > > 
  at <RouterView> 
  at <App> @ http://localhost:5173/node_modules/.vite/deps/chunk-MYEHH3VS.js?v=cf2b15a6:2194
[  116455ms] [WARNING] [Vue warn]: Property "editingMessageIndex" was accessed during render but is not defined on instance. 
  at <ChatView onVnodeUnmounted=fn<onVnodeUnmounted> ref=Ref< Proxy(Object) > > 
  at <RouterView> 
  at <App> @ http://localhost:5173/node_modules/.vite/deps/chunk-MYEHH3VS.js?v=cf2b15a6:2194
[  116455ms] [WARNING] [Vue warn]: Property "editingMessageContent" was accessed during render but is not defined on instance. 
  at <ChatView onVnodeUnmounted=fn<onVnodeUnmounted> ref=Ref< Proxy(Object) > > 
  at <RouterView> 
  at <App> @ http://localhost:5173/node_modules/.vite/deps/chunk-MYEHH3VS.js?v=cf2b15a6:2194
[  116563ms] [WARNING] [Vue warn]: Property "editingMessageIndex" was accessed during render but is not defined on instance. 
  at <ChatView onVnodeUnmounted=fn<onVnodeUnmounted> ref=Ref< Proxy(Object) > > 
  at <RouterView> 
  at <App> @ http://localhost:5173/node_modules/.vite/deps/chunk-MYEHH3VS.js?v=cf2b15a6:2194
[  116564ms] [WARNING] [Vue warn]: Property "editingMessageContent" was accessed during render but is not defined on instance. 
  at <ChatView onVnodeUnmounted=fn<onVnodeUnmounted> ref=Ref< Proxy(Object) > > 
  at <RouterView> 
  at <App> @ http://localhost:5173/node_modules/.vite/deps/chunk-MYEHH3VS.js?v=cf2b15a6:2194
[  116565ms] [WARNING] [Vue warn]: Property "editingMessageIndex" was accessed during render but is not defined on instance. 
  at <ChatView onVnodeUnmounted=fn<onVnodeUnmounted> ref=Ref< Proxy(Object) > > 
  at <RouterView> 
  at <App> @ http://localhost:5173/node_modules/.vite/deps/chunk-MYEHH3VS.js?v=cf2b15a6:2194
[  116565ms] [WARNING] [Vue warn]: Property "editingMessageContent" was accessed during render but is not defined on instance. 
  at <ChatView onVnodeUnmounted=fn<onVnodeUnmounted> ref=Ref< Proxy(Object) > > 
  at <RouterView> 
  at <App> @ http://localhost:5173/node_modules/.vite/deps/chunk-MYEHH3VS.js?v=cf2b15a6:2194
[  116673ms] [WARNING] [Vue warn]: Property "editingMessageIndex" was accessed during render but is not defined on instance. 
  at <ChatView onVnodeUnmounted=fn<onVnodeUnmounted> ref=Ref< Proxy(Object) > > 
  at <RouterView> 
  at <App> @ http://localhost:5173/node_modules/.vite/deps/chunk-MYEHH3VS.js?v=cf2b15a6:2194
[  116674ms] [WARNING] [Vue warn]: Property "editingMessageContent" was accessed during render but is not defined on instance. 
  at <ChatView onVnodeUnmounted=fn<onVnodeUnmounted> ref=Ref< Proxy(Object) > > 
  at <RouterView> 
  at <App> @ http://localhost:5173/node_modules/.vite/deps/chunk-MYEHH3VS.js?v=cf2b15a6:2194
[  116674ms] [WARNING] [Vue warn]: Property "editingMessageIndex" was accessed during render but is not defined on instance. 
  at <ChatView onVnodeUnmounted=fn<onVnodeUnmounted> ref=Ref< Proxy(Object) > > 
  at <RouterView> 
  at <App> @ http://localhost:5173/node_modules/.vite/deps/chunk-MYEHH3VS.js?v=cf2b15a6:2194
[  116675ms] [WARNING] [Vue warn]: Property "editingMessageContent" was accessed during render but is not defined on instance. 
  at <ChatView onVnodeUnmounted=fn<onVnodeUnmounted> ref=Ref< Proxy(Object) > > 
  at <RouterView> 
  at <App> @ http://localhost:5173/node_modules/.vite/deps/chunk-MYEHH3VS.js?v=cf2b15a6:2194
[  116797ms] [WARNING] [Vue warn]: Property "editingMessageIndex" was accessed during render but is not defined on instance. 
  at <ChatView onVnodeUnmounted=fn<onVnodeUnmounted> ref=Ref< Proxy(Object) > > 
  at <RouterView> 
  at <App> @ http://localhost:5173/node_modules/.vite/deps/chunk-MYEHH3VS.js?v=cf2b15a6:2194
[  116798ms] [WARNING] [Vue warn]: Property "editingMessageContent" was accessed during render but is not defined on instance. 
  at <ChatView onVnodeUnmounted=fn<onVnodeUnmounted> ref=Ref< Proxy(Object) > > 
  at <RouterView> 
  at <App> @ http://localhost:5173/node_modules/.vite/deps/chunk-MYEHH3VS.js?v=cf2b15a6:2194
[  116799ms] [WARNING] [Vue warn]: Property "editingMessageIndex" was accessed during render but is not defined on instance. 
  at <ChatView onVnodeUnmounted=fn<onVnodeUnmounted> ref=Ref< Proxy(Object) > > 
  at <RouterView> 
  at <App> @ http://localhost:5173/node_modules/.vite/deps/chunk-MYEHH3VS.js?v=cf2b15a6:2194
[  116800ms] [WARNING] [Vue warn]: Property "editingMessageContent" was accessed during render but is not defined on instance. 
  at <ChatView onVnodeUnmounted=fn<onVnodeUnmounted> ref=Ref< Proxy(Object) > > 
  at <RouterView> 
  at <App> @ http://localhost:5173/node_modules/.vite/deps/chunk-MYEHH3VS.js?v=cf2b15a6:2194
[  116916ms] [WARNING] [Vue warn]: Property "editingMessageIndex" was accessed during render but is not defined on instance. 
  at <ChatView onVnodeUnmounted=fn<onVnodeUnmounted> ref=Ref< Proxy(Object) > > 
  at <RouterView> 
  at <App> @ http://localhost:5173/node_modules/.vite/deps/chunk-MYEHH3VS.js?v=cf2b15a6:2194
[  116917ms] [WARNING] [Vue warn]: Property "editingMessageContent" was accessed during render but is not defined on instance. 
  at <ChatView onVnodeUnmounted=fn<onVnodeUnmounted> ref=Ref< Proxy(Object) > > 
  at <RouterView> 
  at <App> @ http://localhost:5173/node_modules/.vite/deps/chunk-MYEHH3VS.js?v=cf2b15a6:2194
[  116917ms] [WARNING] [Vue warn]: Property "editingMessageIndex" was accessed during render but is not defined on instance. 
  at <ChatView onVnodeUnmounted=fn<onVnodeUnmounted> ref=Ref< Proxy(Object) > > 
  at <RouterView> 
  at <App> @ http://localhost:5173/node_modules/.vite/deps/chunk-MYEHH3VS.js?v=cf2b15a6:2194
[  116917ms] [WARNING] [Vue warn]: Property "editingMessageContent" was accessed during render but is not defined on instance. 
  at <ChatView onVnodeUnmounted=fn<onVnodeUnmounted> ref=Ref< Proxy(Object) > > 
  at <RouterView> 
  at <App> @ http://localhost:5173/node_modules/.vite/deps/chunk-MYEHH3VS.js?v=cf2b15a6:2194
[  117018ms] [WARNING] [Vue warn]: Property "editingMessageIndex" was accessed during render but is not defined on instance. 
  at <ChatView onVnodeUnmounted=fn<onVnodeUnmounted> ref=Ref< Proxy(Object) > > 
  at <RouterView> 
  at <App> @ http://localhost:5173/node_modules/.vite/deps/chunk-MYEHH3VS.js?v=cf2b15a6:2194
[  117018ms] [WARNING] [Vue warn]: Property "editingMessageContent" was accessed during render but is not defined on instance. 
  at <ChatView onVnodeUnmounted=fn<onVnodeUnmounted> ref=Ref< Proxy(Object) > > 
  at <RouterView> 
  at <App> @ http://localhost:5173/node_modules/.vite/deps/chunk-MYEHH3VS.js?v=cf2b15a6:2194
[  117018ms] [WARNING] [Vue warn]: Property "editingMessageIndex" was accessed during render but is not defined on instance. 
  at <ChatView onVnodeUnmounted=fn<onVnodeUnmounted> ref=Ref< Proxy(Object) > > 
  at <RouterView> 
  at <App> @ http://localhost:5173/node_modules/.vite/deps/chunk-MYEHH3VS.js?v=cf2b15a6:2194
[  117019ms] [WARNING] [Vue warn]: Property "editingMessageContent" was accessed during render but is not defined on instance. 
  at <ChatView onVnodeUnmounted=fn<onVnodeUnmounted> ref=Ref< Proxy(Object) > > 
  at <RouterView> 
  at <App> @ http://localhost:5173/node_modules/.vite/deps/chunk-MYEHH3VS.js?v=cf2b15a6:2194
[  117119ms] [WARNING] [Vue warn]: Property "editingMessageIndex" was accessed during render but is not defined on instance. 
  at <ChatView onVnodeUnmounted=fn<onVnodeUnmounted> ref=Ref< Proxy(Object) > > 
  at <RouterView> 
  at <App> @ http://localhost:5173/node_modules/.vite/deps/chunk-MYEHH3VS.js?v=cf2b15a6:2194
[  117119ms] [WARNING] [Vue warn]: Property "editingMessageContent" was accessed during render but is not defined on instance. 
  at <ChatView onVnodeUnmounted=fn<onVnodeUnmounted> ref=Ref< Proxy(Object) > > 
  at <RouterView> 
  at <App> @ http://localhost:5173/node_modules/.vite/deps/chunk-MYEHH3VS.js?v=cf2b15a6:2194
[  117120ms] [WARNING] [Vue warn]: Property "editingMessageIndex" was accessed during render but is not defined on instance. 
  at <ChatView onVnodeUnmounted=fn<onVnodeUnmounted> ref=Ref< Proxy(Object) > > 
  at <RouterView> 
  at <App> @ http://localhost:5173/node_modules/.vite/deps/chunk-MYEHH3VS.js?v=cf2b15a6:2194
[  117120ms] [WARNING] [Vue warn]: Property "editingMessageContent" was accessed during render but is not defined on instance. 
  at <ChatView onVnodeUnmounted=fn<onVnodeUnmounted> ref=Ref< Proxy(Object) > > 
  at <RouterView> 
  at <App> @ http://localhost:5173/node_modules/.vite/deps/chunk-MYEHH3VS.js?v=cf2b15a6:2194
[  117223ms] [WARNING] [Vue warn]: Property "editingMessageIndex" was accessed during render but is not defined on instance. 
  at <ChatView onVnodeUnmounted=fn<onVnodeUnmounted> ref=Ref< Proxy(Object) > > 
  at <RouterView> 
  at <App> @ http://localhost:5173/node_modules/.vite/deps/chunk-MYEHH3VS.js?v=cf2b15a6:2194
[  117224ms] [WARNING] [Vue warn]: Property "editingMessageContent" was accessed during render but is not defined on instance. 
  at <ChatView onVnodeUnmounted=fn<onVnodeUnmounted> ref=Ref< Proxy(Object) > > 
  at <RouterView> 
  at <App> @ http://localhost:5173/node_modules/.vite/deps/chunk-MYEHH3VS.js?v=cf2b15a6:2194
[  117224ms] [WARNING] [Vue warn]: Property "editingMessageIndex" was accessed during render but is not defined on instance. 
  at <ChatView onVnodeUnmounted=fn<onVnodeUnmounted> ref=Ref< Proxy(Object) > > 
  at <RouterView> 
  at <App> @ http://localhost:5173/node_modules/.vite/deps/chunk-MYEHH3VS.js?v=cf2b15a6:2194
[  117224ms] [WARNING] [Vue warn]: Property "editingMessageContent" was accessed during render but is not defined on instance. 
  at <ChatView onVnodeUnmounted=fn<onVnodeUnmounted> ref=Ref< Proxy(Object) > > 
  at <RouterView> 
  at <App> @ http://localhost:5173/node_modules/.vite/deps/chunk-MYEHH3VS.js?v=cf2b15a6:2194
[  117324ms] [WARNING] [Vue warn]: Property "editingMessageIndex" was accessed during render but is not defined on instance. 
  at <ChatView onVnodeUnmounted=fn<onVnodeUnmounted> ref=Ref< Proxy(Object) > > 
  at <RouterView> 
  at <App> @ http://localhost:5173/node_modules/.vite/deps/chunk-MYEHH3VS.js?v=cf2b15a6:2194
[  117325ms] [WARNING] [Vue warn]: Property "editingMessageContent" was accessed during render but is not defined on instance. 
  at <ChatView onVnodeUnmounted=fn<onVnodeUnmounted> ref=Ref< Proxy(Object) > > 
  at <RouterView> 
  at <App> @ http://localhost:5173/node_modules/.vite/deps/chunk-MYEHH3VS.js?v=cf2b15a6:2194
[  117325ms] [WARNING] [Vue warn]: Property "editingMessageIndex" was accessed during render but is not defined on instance. 
  at <ChatView onVnodeUnmounted=fn<onVnodeUnmounted> ref=Ref< Proxy(Object) > > 
  at <RouterView> 
  at <App> @ http://localhost:5173/node_modules/.vite/deps/chunk-MYEHH3VS.js?v=cf2b15a6:2194
[  117325ms] [WARNING] [Vue warn]: Property "editingMessageContent" was accessed during render but is not defined on instance. 
  at <ChatView onVnodeUnmounted=fn<onVnodeUnmounted> ref=Ref< Proxy(Object) > > 
  at <RouterView> 
  at <App> @ http://localhost:5173/node_modules/.vite/deps/chunk-MYEHH3VS.js?v=cf2b15a6:2194
[  117427ms] [WARNING] [Vue warn]: Property "editingMessageIndex" was accessed during render but is not defined on instance. 
  at <ChatView onVnodeUnmounted=fn<onVnodeUnmounted> ref=Ref< Proxy(Object) > > 
  at <RouterView> 
  at <App> @ http://localhost:5173/node_modules/.vite/deps/chunk-MYEHH3VS.js?v=cf2b15a6:2194
[  117427ms] [WARNING] [Vue warn]: Property "editingMessageContent" was accessed during render but is not defined on instance. 
  at <ChatView onVnodeUnmounted=fn<onVnodeUnmounted> ref=Ref< Proxy(Object) > > 
  at <RouterView> 
  at <App> @ http://localhost:5173/node_modules/.vite/deps/chunk-MYEHH3VS.js?v=cf2b15a6:2194
[  117428ms] [WARNING] [Vue warn]: Property "editingMessageIndex" was accessed during render but is not defined on instance. 
  at <ChatView onVnodeUnmounted=fn<onVnodeUnmounted> ref=Ref< Proxy(Object) > > 
  at <RouterView> 
  at <App> @ http://localhost:5173/node_modules/.vite/deps/chunk-MYEHH3VS.js?v=cf2b15a6:2194
[  117428ms] [WARNING] [Vue warn]: Property "editingMessageContent" was accessed during render but is not defined on instance. 
  at <ChatView onVnodeUnmounted=fn<onVnodeUnmounted> ref=Ref< Proxy(Object) > > 
  at <RouterView> 
  at <App> @ http://localhost:5173/node_modules/.vite/deps/chunk-MYEHH3VS.js?v=cf2b15a6:2194
[  117533ms] [WARNING] [Vue warn]: Property "editingMessageIndex" was accessed during render but is not defined on instance. 
  at <ChatView onVnodeUnmounted=fn<onVnodeUnmounted> ref=Ref< Proxy(Object) > > 
  at <RouterView> 
  at <App> @ http://localhost:5173/node_modules/.vite/deps/chunk-MYEHH3VS.js?v=cf2b15a6:2194
[  117534ms] [WARNING] [Vue warn]: Property "editingMessageContent" was accessed during render but is not defined on instance. 
  at <ChatView onVnodeUnmounted=fn<onVnodeUnmounted> ref=Ref< Proxy(Object) > > 
  at <RouterView> 
  at <App> @ http://localhost:5173/node_modules/.vite/deps/chunk-MYEHH3VS.js?v=cf2b15a6:2194
[  117534ms] [WARNING] [Vue warn]: Property "editingMessageIndex" was accessed during render but is not defined on instance. 
  at <ChatView onVnodeUnmounted=fn<onVnodeUnmounted> ref=Ref< Proxy(Object) > > 
  at <RouterView> 
  at <App> @ http://localhost:5173/node_modules/.vite/deps/chunk-MYEHH3VS.js?v=cf2b15a6:2194
[  117534ms] [WARNING] [Vue warn]: Property "editingMessageContent" was accessed during render but is not defined on instance. 
  at <ChatView onVnodeUnmounted=fn<onVnodeUnmounted> ref=Ref< Proxy(Object) > > 
  at <RouterView> 
  at <App> @ http://localhost:5173/node_modules/.vite/deps/chunk-MYEHH3VS.js?v=cf2b15a6:2194
[  117633ms] [WARNING] [Vue warn]: Property "editingMessageIndex" was accessed during render but is not defined on instance. 
  at <ChatView onVnodeUnmounted=fn<onVnodeUnmounted> ref=Ref< Proxy(Object) > > 
  at <RouterView> 
  at <App> @ http://localhost:5173/node_modules/.vite/deps/chunk-MYEHH3VS.js?v=cf2b15a6:2194
[  117634ms] [WARNING] [Vue warn]: Property "editingMessageContent" was accessed during render but is not defined on instance. 
  at <ChatView onVnodeUnmounted=fn<onVnodeUnmounted> ref=Ref< Proxy(Object) > > 
  at <RouterView> 
  at <App> @ http://localhost:5173/node_modules/.vite/deps/chunk-MYEHH3VS.js?v=cf2b15a6:2194
[  117635ms] [WARNING] [Vue warn]: Property "editingMessageIndex" was accessed during render but is not defined on instance. 
  at <ChatView onVnodeUnmounted=fn<onVnodeUnmounted> ref=Ref< Proxy(Object) > > 
  at <RouterView> 
  at <App> @ http://localhost:5173/node_modules/.vite/deps/chunk-MYEHH3VS.js?v=cf2b15a6:2194
[  117636ms] [WARNING] [Vue warn]: Property "editingMessageContent" was accessed during render but is not defined on instance. 
  at <ChatView onVnodeUnmounted=fn<onVnodeUnmounted> ref=Ref< Proxy(Object) > > 
  at <RouterView> 
  at <App> @ http://localhost:5173/node_modules/.vite/deps/chunk-MYEHH3VS.js?v=cf2b15a6:2194
[  117734ms] [WARNING] [Vue warn]: Property "editingMessageIndex" was accessed during render but is not defined on instance. 
  at <ChatView onVnodeUnmounted=fn<onVnodeUnmounted> ref=Ref< Proxy(Object) > > 
  at <RouterView> 
  at <App> @ http://localhost:5173/node_modules/.vite/deps/chunk-MYEHH3VS.js?v=cf2b15a6:2194
[  117734ms] [WARNING] [Vue warn]: Property "editingMessageContent" was accessed during render but is not defined on instance. 
  at <ChatView onVnodeUnmounted=fn<onVnodeUnmounted> ref=Ref< Proxy(Object) > > 
  at <RouterView> 
  at <App> @ http://localhost:5173/node_modules/.vite/deps/chunk-MYEHH3VS.js?v=cf2b15a6:2194
[  117734ms] [WARNING] [Vue warn]: Property "editingMessageIndex" was accessed during render but is not defined on instance. 
  at <ChatView onVnodeUnmounted=fn<onVnodeUnmounted> ref=Ref< Proxy(Object) > > 
  at <RouterView> 
  at <App> @ http://localhost:5173/node_modules/.vite/deps/chunk-MYEHH3VS.js?v=cf2b15a6:2194
[  117734ms] [WARNING] [Vue warn]: Property "editingMessageContent" was accessed during render but is not defined on instance. 
  at <ChatView onVnodeUnmounted=fn<onVnodeUnmounted> ref=Ref< Proxy(Object) > > 
  at <RouterView> 
  at <App> @ http://localhost:5173/node_modules/.vite/deps/chunk-MYEHH3VS.js?v=cf2b15a6:2194
[  117838ms] [WARNING] [Vue warn]: Property "editingMessageIndex" was accessed during render but is not defined on instance. 
  at <ChatView onVnodeUnmounted=fn<onVnodeUnmounted> ref=Ref< Proxy(Object) > > 
  at <RouterView> 
  at <App> @ http://localhost:5173/node_modules/.vite/deps/chunk-MYEHH3VS.js?v=cf2b15a6:2194
[  117839ms] [WARNING] [Vue warn]: Property "editingMessageContent" was accessed during render but is not defined on instance. 
  at <ChatView onVnodeUnmounted=fn<onVnodeUnmounted> ref=Ref< Proxy(Object) > > 
  at <RouterView> 
  at <App> @ http://localhost:5173/node_modules/.vite/deps/chunk-MYEHH3VS.js?v=cf2b15a6:2194
[  117839ms] [WARNING] [Vue warn]: Property "editingMessageIndex" was accessed during render but is not defined on instance. 
  at <ChatView onVnodeUnmounted=fn<onVnodeUnmounted> ref=Ref< Proxy(Object) > > 
  at <RouterView> 
  at <App> @ http://localhost:5173/node_modules/.vite/deps/chunk-MYEHH3VS.js?v=cf2b15a6:2194
[  117839ms] [WARNING] [Vue warn]: Property "editingMessageContent" was accessed during render but is not defined on instance. 
  at <ChatView onVnodeUnmounted=fn<onVnodeUnmounted> ref=Ref< Proxy(Object) > > 
  at <RouterView> 
  at <App> @ http://localhost:5173/node_modules/.vite/deps/chunk-MYEHH3VS.js?v=cf2b15a6:2194
[  117933ms] [WARNING] [Vue warn]: Property "editingMessageIndex" was accessed during render but is not defined on instance. 
  at <ChatView onVnodeUnmounted=fn<onVnodeUnmounted> ref=Ref< Proxy(Object) > > 
  at <RouterView> 
  at <App> @ http://localhost:5173/node_modules/.vite/deps/chunk-MYEHH3VS.js?v=cf2b15a6:2194
[  117933ms] [WARNING] [Vue warn]: Property "editingMessageContent" was accessed during render but is not defined on instance. 
  at <ChatView onVnodeUnmounted=fn<onVnodeUnmounted> ref=Ref< Proxy(Object) > > 
  at <RouterView> 
  at <App> @ http://localhost:5173/node_modules/.vite/deps/chunk-MYEHH3VS.js?v=cf2b15a6:2194
[  117933ms] [WARNING] [Vue warn]: Property "editingMessageIndex" was accessed during render but is not defined on instance. 
  at <ChatView onVnodeUnmounted=fn<onVnodeUnmounted> ref=Ref< Proxy(Object) > > 
  at <RouterView> 
  at <App> @ http://localhost:5173/node_modules/.vite/deps/chunk-MYEHH3VS.js?v=cf2b15a6:2194
[  117934ms] [WARNING] [Vue warn]: Property "editingMessageContent" was accessed during render but is not defined on instance. 
  at <ChatView onVnodeUnmounted=fn<onVnodeUnmounted> ref=Ref< Proxy(Object) > > 
  at <RouterView> 
  at <App> @ http://localhost:5173/node_modules/.vite/deps/chunk-MYEHH3VS.js?v=cf2b15a6:2194
[  118029ms] [WARNING] [Vue warn]: Property "editingMessageIndex" was accessed during render but is not defined on instance. 
  at <ChatView onVnodeUnmounted=fn<onVnodeUnmounted> ref=Ref< Proxy(Object) > > 
  at <RouterView> 
  at <App> @ http://localhost:5173/node_modules/.vite/deps/chunk-MYEHH3VS.js?v=cf2b15a6:2194
[  118029ms] [WARNING] [Vue warn]: Property "editingMessageContent" was accessed during render but is not defined on instance. 
  at <ChatView onVnodeUnmounted=fn<onVnodeUnmounted> ref=Ref< Proxy(Object) > > 
  at <RouterView> 
  at <App> @ http://localhost:5173/node_modules/.vite/deps/chunk-MYEHH3VS.js?v=cf2b15a6:2194
[  118029ms] [WARNING] [Vue warn]: Property "editingMessageIndex" was accessed during render but is not defined on instance. 
  at <ChatView onVnodeUnmounted=fn<onVnodeUnmounted> ref=Ref< Proxy(Object) > > 
  at <RouterView> 
  at <App> @ http://localhost:5173/node_modules/.vite/deps/chunk-MYEHH3VS.js?v=cf2b15a6:2194
[  118030ms] [WARNING] [Vue warn]: Property "editingMessageContent" was accessed during render but is not defined on instance. 
  at <ChatView onVnodeUnmounted=fn<onVnodeUnmounted> ref=Ref< Proxy(Object) > > 
  at <RouterView> 
  at <App> @ http://localhost:5173/node_modules/.vite/deps/chunk-MYEHH3VS.js?v=cf2b15a6:2194
[  118130ms] [WARNING] [Vue warn]: Property "editingMessageIndex" was accessed during render but is not defined on instance. 
  at <ChatView onVnodeUnmounted=fn<onVnodeUnmounted> ref=Ref< Proxy(Object) > > 
  at <RouterView> 
  at <App> @ http://localhost:5173/node_modules/.vite/deps/chunk-MYEHH3VS.js?v=cf2b15a6:2194
[  118131ms] [WARNING] [Vue warn]: Property "editingMessageContent" was accessed during render but is not defined on instance. 
  at <ChatView onVnodeUnmounted=fn<onVnodeUnmounted> ref=Ref< Proxy(Object) > > 
  at <RouterView> 
  at <App> @ http://localhost:5173/node_modules/.vite/deps/chunk-MYEHH3VS.js?v=cf2b15a6:2194
[  118131ms] [WARNING] [Vue warn]: Property "editingMessageIndex" was accessed during render but is not defined on instance. 
  at <ChatView onVnodeUnmounted=fn<onVnodeUnmounted> ref=Ref< Proxy(Object) > > 
  at <RouterView> 
  at <App> @ http://localhost:5173/node_modules/.vite/deps/chunk-MYEHH3VS.js?v=cf2b15a6:2194
[  118131ms] [WARNING] [Vue warn]: Property "editingMessageContent" was accessed during render but is not defined on instance. 
  at <ChatView onVnodeUnmounted=fn<onVnodeUnmounted> ref=Ref< Proxy(Object) > > 
  at <RouterView> 
  at <App> @ http://localhost:5173/node_modules/.vite/deps/chunk-MYEHH3VS.js?v=cf2b15a6:2194
[  118230ms] [WARNING] [Vue warn]: Property "editingMessageIndex" was accessed during render but is not defined on instance. 
  at <ChatView onVnodeUnmounted=fn<onVnodeUnmounted> ref=Ref< Proxy(Object) > > 
  at <RouterView> 
  at <App> @ http://localhost:5173/node_modules/.vite/deps/chunk-MYEHH3VS.js?v=cf2b15a6:2194
[  118231ms] [WARNING] [Vue warn]: Property "editingMessageContent" was accessed during render but is not defined on instance. 
  at <ChatView onVnodeUnmounted=fn<onVnodeUnmounted> ref=Ref< Proxy(Object) > > 
  at <RouterView> 
  at <App> @ http://localhost:5173/node_modules/.vite/deps/chunk-MYEHH3VS.js?v=cf2b15a6:2194
[  118231ms] [WARNING] [Vue warn]: Property "editingMessageIndex" was accessed during render but is not defined on instance. 
  at <ChatView onVnodeUnmounted=fn<onVnodeUnmounted> ref=Ref< Proxy(Object) > > 
  at <RouterView> 
  at <App> @ http://localhost:5173/node_modules/.vite/deps/chunk-MYEHH3VS.js?v=cf2b15a6:2194
[  118231ms] [WARNING] [Vue warn]: Property "editingMessageContent" was accessed during render but is not defined on instance. 
  at <ChatView onVnodeUnmounted=fn<onVnodeUnmounted> ref=Ref< Proxy(Object) > > 
  at <RouterView> 
  at <App> @ http://localhost:5173/node_modules/.vite/deps/chunk-MYEHH3VS.js?v=cf2b15a6:2194
[  118330ms] [WARNING] [Vue warn]: Property "editingMessageIndex" was accessed during render but is not defined on instance. 
  at <ChatView onVnodeUnmounted=fn<onVnodeUnmounted> ref=Ref< Proxy(Object) > > 
  at <RouterView> 
  at <App> @ http://localhost:5173/node_modules/.vite/deps/chunk-MYEHH3VS.js?v=cf2b15a6:2194
[  118331ms] [WARNING] [Vue warn]: Property "editingMessageContent" was accessed during render but is not defined on instance. 
  at <ChatView onVnodeUnmounted=fn<onVnodeUnmounted> ref=Ref< Proxy(Object) > > 
  at <RouterView> 
  at <App> @ http://localhost:5173/node_modules/.vite/deps/chunk-MYEHH3VS.js?v=cf2b15a6:2194
[  118331ms] [WARNING] [Vue warn]: Property "editingMessageIndex" was accessed during render but is not defined on instance. 
  at <ChatView onVnodeUnmounted=fn<onVnodeUnmounted> ref=Ref< Proxy(Object) > > 
  at <RouterView> 
  at <App> @ http://localhost:5173/node_modules/.vite/deps/chunk-MYEHH3VS.js?v=cf2b15a6:2194
[  118332ms] [WARNING] [Vue warn]: Property "editingMessageContent" was accessed during render but is not defined on instance. 
  at <ChatView onVnodeUnmounted=fn<onVnodeUnmounted> ref=Ref< Proxy(Object) > > 
  at <RouterView> 
  at <App> @ http://localhost:5173/node_modules/.vite/deps/chunk-MYEHH3VS.js?v=cf2b15a6:2194
[  118433ms] [WARNING] [Vue warn]: Property "editingMessageIndex" was accessed during render but is not defined on instance. 
  at <ChatView onVnodeUnmounted=fn<onVnodeUnmounted> ref=Ref< Proxy(Object) > > 
  at <RouterView> 
  at <App> @ http://localhost:5173/node_modules/.vite/deps/chunk-MYEHH3VS.js?v=cf2b15a6:2194
[  118434ms] [WARNING] [Vue warn]: Property "editingMessageContent" was accessed during render but is not defined on instance. 
  at <ChatView onVnodeUnmounted=fn<onVnodeUnmounted> ref=Ref< Proxy(Object) > > 
  at <RouterView> 
  at <App> @ http://localhost:5173/node_modules/.vite/deps/chunk-MYEHH3VS.js?v=cf2b15a6:2194
[  118434ms] [WARNING] [Vue warn]: Property "editingMessageIndex" was accessed during render but is not defined on instance. 
  at <ChatView onVnodeUnmounted=fn<onVnodeUnmounted> ref=Ref< Proxy(Object) > > 
  at <RouterView> 
  at <App> @ http://localhost:5173/node_modules/.vite/deps/chunk-MYEHH3VS.js?v=cf2b15a6:2194
[  118435ms] [WARNING] [Vue warn]: Property "editingMessageContent" was accessed during render but is not defined on instance. 
  at <ChatView onVnodeUnmounted=fn<onVnodeUnmounted> ref=Ref< Proxy(Object) > > 
  at <RouterView> 
  at <App> @ http://localhost:5173/node_modules/.vite/deps/chunk-MYEHH3VS.js?v=cf2b15a6:2194
[  118534ms] [WARNING] [Vue warn]: Property "editingMessageIndex" was accessed during render but is not defined on instance. 
  at <ChatView onVnodeUnmounted=fn<onVnodeUnmounted> ref=Ref< Proxy(Object) > > 
  at <RouterView> 
  at <App> @ http://localhost:5173/node_modules/.vite/deps/chunk-MYEHH3VS.js?v=cf2b15a6:2194
[  118534ms] [WARNING] [Vue warn]: Property "editingMessageContent" was accessed during render but is not defined on instance. 
  at <ChatView onVnodeUnmounted=fn<onVnodeUnmounted> ref=Ref< Proxy(Object) > > 
  at <RouterView> 
  at <App> @ http://localhost:5173/node_modules/.vite/deps/chunk-MYEHH3VS.js?v=cf2b15a6:2194
[  118535ms] [WARNING] [Vue warn]: Property "editingMessageIndex" was accessed during render but is not defined on instance. 
  at <ChatView onVnodeUnmounted=fn<onVnodeUnmounted> ref=Ref< Proxy(Object) > > 
  at <RouterView> 
  at <App> @ http://localhost:5173/node_modules/.vite/deps/chunk-MYEHH3VS.js?v=cf2b15a6:2194
[  118535ms] [WARNING] [Vue warn]: Property "editingMessageContent" was accessed during render but is not defined on instance. 
  at <ChatView onVnodeUnmounted=fn<onVnodeUnmounted> ref=Ref< Proxy(Object) > > 
  at <RouterView> 
  at <App> @ http://localhost:5173/node_modules/.vite/deps/chunk-MYEHH3VS.js?v=cf2b15a6:2194
[  118634ms] [WARNING] [Vue warn]: Property "editingMessageIndex" was accessed during render but is not defined on instance. 
  at <ChatView onVnodeUnmounted=fn<onVnodeUnmounted> ref=Ref< Proxy(Object) > > 
  at <RouterView> 
  at <App> @ http://localhost:5173/node_modules/.vite/deps/chunk-MYEHH3VS.js?v=cf2b15a6:2194
[  118635ms] [WARNING] [Vue warn]: Property "editingMessageContent" was accessed during render but is not defined on instance. 
  at <ChatView onVnodeUnmounted=fn<onVnodeUnmounted> ref=Ref< Proxy(Object) > > 
  at <RouterView> 
  at <App> @ http://localhost:5173/node_modules/.vite/deps/chunk-MYEHH3VS.js?v=cf2b15a6:2194
[  118635ms] [WARNING] [Vue warn]: Property "editingMessageIndex" was accessed during render but is not defined on instance. 
  at <ChatView onVnodeUnmounted=fn<onVnodeUnmounted> ref=Ref< Proxy(Object) > > 
  at <RouterView> 
  at <App> @ http://localhost:5173/node_modules/.vite/deps/chunk-MYEHH3VS.js?v=cf2b15a6:2194
[  118635ms] [WARNING] [Vue warn]: Property "editingMessageContent" was accessed during render but is not defined on instance. 
  at <ChatView onVnodeUnmounted=fn<onVnodeUnmounted> ref=Ref< Proxy(Object) > > 
  at <RouterView> 
  at <App> @ http://localhost:5173/node_modules/.vite/deps/chunk-MYEHH3VS.js?v=cf2b15a6:2194
[  118740ms] [WARNING] [Vue warn]: Property "editingMessageIndex" was accessed during render but is not defined on instance. 
  at <ChatView onVnodeUnmounted=fn<onVnodeUnmounted> ref=Ref< Proxy(Object) > > 
  at <RouterView> 
  at <App> @ http://localhost:5173/node_modules/.vite/deps/chunk-MYEHH3VS.js?v=cf2b15a6:2194
[  118740ms] [WARNING] [Vue warn]: Property "editingMessageContent" was accessed during render but is not defined on instance. 
  at <ChatView onVnodeUnmounted=fn<onVnodeUnmounted> ref=Ref< Proxy(Object) > > 
  at <RouterView> 
  at <App> @ http://localhost:5173/node_modules/.vite/deps/chunk-MYEHH3VS.js?v=cf2b15a6:2194
[  118740ms] [WARNING] [Vue warn]: Property "editingMessageIndex" was accessed during render but is not defined on instance. 
  at <ChatView onVnodeUnmounted=fn<onVnodeUnmounted> ref=Ref< Proxy(Object) > > 
  at <RouterView> 
  at <App> @ http://localhost:5173/node_modules/.vite/deps/chunk-MYEHH3VS.js?v=cf2b15a6:2194
[  118741ms] [WARNING] [Vue warn]: Property "editingMessageContent" was accessed during render but is not defined on instance. 
  at <ChatView onVnodeUnmounted=fn<onVnodeUnmounted> ref=Ref< Proxy(Object) > > 
  at <RouterView> 
  at <App> @ http://localhost:5173/node_modules/.vite/deps/chunk-MYEHH3VS.js?v=cf2b15a6:2194
[  118849ms] [WARNING] [Vue warn]: Property "editingMessageIndex" was accessed during render but is not defined on instance. 
  at <ChatView onVnodeUnmounted=fn<onVnodeUnmounted> ref=Ref< Proxy(Object) > > 
  at <RouterView> 
  at <App> @ http://localhost:5173/node_modules/.vite/deps/chunk-MYEHH3VS.js?v=cf2b15a6:2194
[  118850ms] [WARNING] [Vue warn]: Property "editingMessageContent" was accessed during render but is not defined on instance. 
  at <ChatView onVnodeUnmounted=fn<onVnodeUnmounted> ref=Ref< Proxy(Object) > > 
  at <RouterView> 
  at <App> @ http://localhost:5173/node_modules/.vite/deps/chunk-MYEHH3VS.js?v=cf2b15a6:2194
[  118852ms] [WARNING] [Vue warn]: Property "editingMessageIndex" was accessed during render but is not defined on instance. 
  at <ChatView onVnodeUnmounted=fn<onVnodeUnmounted> ref=Ref< Proxy(Object) > > 
  at <RouterView> 
  at <App> @ http://localhost:5173/node_modules/.vite/deps/chunk-MYEHH3VS.js?v=cf2b15a6:2194
[  118852ms] [WARNING] [Vue warn]: Property "editingMessageContent" was accessed during render but is not defined on instance. 
  at <ChatView onVnodeUnmounted=fn<onVnodeUnmounted> ref=Ref< Proxy(Object) > > 
  at <RouterView> 
  at <App> @ http://localhost:5173/node_modules/.vite/deps/chunk-MYEHH3VS.js?v=cf2b15a6:2194
[  118954ms] [WARNING] [Vue warn]: Property "editingMessageIndex" was accessed during render but is not defined on instance. 
  at <ChatView onVnodeUnmounted=fn<onVnodeUnmounted> ref=Ref< Proxy(Object) > > 
  at <RouterView> 
  at <App> @ http://localhost:5173/node_modules/.vite/deps/chunk-MYEHH3VS.js?v=cf2b15a6:2194
[  118955ms] [WARNING] [Vue warn]: Property "editingMessageContent" was accessed during render but is not defined on instance. 
  at <ChatView onVnodeUnmounted=fn<onVnodeUnmounted> ref=Ref< Proxy(Object) > > 
  at <RouterView> 
  at <App> @ http://localhost:5173/node_modules/.vite/deps/chunk-MYEHH3VS.js?v=cf2b15a6:2194
[  118955ms] [WARNING] [Vue warn]: Property "editingMessageIndex" was accessed during render but is not defined on instance. 
  at <ChatView onVnodeUnmounted=fn<onVnodeUnmounted> ref=Ref< Proxy(Object) > > 
  at <RouterView> 
  at <App> @ http://localhost:5173/node_modules/.vite/deps/chunk-MYEHH3VS.js?v=cf2b15a6:2194
[  118955ms] [WARNING] [Vue warn]: Property "editingMessageContent" was accessed during render but is not defined on instance. 
  at <ChatView onVnodeUnmounted=fn<onVnodeUnmounted> ref=Ref< Proxy(Object) > > 
  at <RouterView> 
  at <App> @ http://localhost:5173/node_modules/.vite/deps/chunk-MYEHH3VS.js?v=cf2b15a6:2194
[  119063ms] [WARNING] [Vue warn]: Property "editingMessageIndex" was accessed during render but is not defined on instance. 
  at <ChatView onVnodeUnmounted=fn<onVnodeUnmounted> ref=Ref< Proxy(Object) > > 
  at <RouterView> 
  at <App> @ http://localhost:5173/node_modules/.vite/deps/chunk-MYEHH3VS.js?v=cf2b15a6:2194
[  119063ms] [WARNING] [Vue warn]: Property "editingMessageContent" was accessed during render but is not defined on instance. 
  at <ChatView onVnodeUnmounted=fn<onVnodeUnmounted> ref=Ref< Proxy(Object) > > 
  at <RouterView> 
  at <App> @ http://localhost:5173/node_modules/.vite/deps/chunk-MYEHH3VS.js?v=cf2b15a6:2194
[  119064ms] [WARNING] [Vue warn]: Property "editingMessageIndex" was accessed during render but is not defined on instance. 
  at <ChatView onVnodeUnmounted=fn<onVnodeUnmounted> ref=Ref< Proxy(Object) > > 
  at <RouterView> 
  at <App> @ http://localhost:5173/node_modules/.vite/deps/chunk-MYEHH3VS.js?v=cf2b15a6:2194
[  119064ms] [WARNING] [Vue warn]: Property "editingMessageContent" was accessed during render but is not defined on instance. 
  at <ChatView onVnodeUnmounted=fn<onVnodeUnmounted> ref=Ref< Proxy(Object) > > 
  at <RouterView> 
  at <App> @ http://localhost:5173/node_modules/.vite/deps/chunk-MYEHH3VS.js?v=cf2b15a6:2194
[  119167ms] [WARNING] [Vue warn]: Property "editingMessageIndex" was accessed during render but is not defined on instance. 
  at <ChatView onVnodeUnmounted=fn<onVnodeUnmounted> ref=Ref< Proxy(Object) > > 
  at <RouterView> 
  at <App> @ http://localhost:5173/node_modules/.vite/deps/chunk-MYEHH3VS.js?v=cf2b15a6:2194
[  119167ms] [WARNING] [Vue warn]: Property "editingMessageContent" was accessed during render but is not defined on instance. 
  at <ChatView onVnodeUnmounted=fn<onVnodeUnmounted> ref=Ref< Proxy(Object) > > 
  at <RouterView> 
  at <App> @ http://localhost:5173/node_modules/.vite/deps/chunk-MYEHH3VS.js?v=cf2b15a6:2194
[  119168ms] [WARNING] [Vue warn]: Property "editingMessageIndex" was accessed during render but is not defined on instance. 
  at <ChatView onVnodeUnmounted=fn<onVnodeUnmounted> ref=Ref< Proxy(Object) > > 
  at <RouterView> 
  at <App> @ http://localhost:5173/node_modules/.vite/deps/chunk-MYEHH3VS.js?v=cf2b15a6:2194
[  119168ms] [WARNING] [Vue warn]: Property "editingMessageContent" was accessed during render but is not defined on instance. 
  at <ChatView onVnodeUnmounted=fn<onVnodeUnmounted> ref=Ref< Proxy(Object) > > 
  at <RouterView> 
  at <App> @ http://localhost:5173/node_modules/.vite/deps/chunk-MYEHH3VS.js?v=cf2b15a6:2194
[  119273ms] [WARNING] [Vue warn]: Property "editingMessageIndex" was accessed during render but is not defined on instance. 
  at <ChatView onVnodeUnmounted=fn<onVnodeUnmounted> ref=Ref< Proxy(Object) > > 
  at <RouterView> 
  at <App> @ http://localhost:5173/node_modules/.vite/deps/chunk-MYEHH3VS.js?v=cf2b15a6:2194
[  119274ms] [WARNING] [Vue warn]: Property "editingMessageContent" was accessed during render but is not defined on instance. 
  at <ChatView onVnodeUnmounted=fn<onVnodeUnmounted> ref=Ref< Proxy(Object) > > 
  at <RouterView> 
  at <App> @ http://localhost:5173/node_modules/.vite/deps/chunk-MYEHH3VS.js?v=cf2b15a6:2194
[  119274ms] [WARNING] [Vue warn]: Property "editingMessageIndex" was accessed during render but is not defined on instance. 
  at <ChatView onVnodeUnmounted=fn<onVnodeUnmounted> ref=Ref< Proxy(Object) > > 
  at <RouterView> 
  at <App> @ http://localhost:5173/node_modules/.vite/deps/chunk-MYEHH3VS.js?v=cf2b15a6:2194
[  119274ms] [WARNING] [Vue warn]: Property "editingMessageContent" was accessed during render but is not defined on instance. 
  at <ChatView onVnodeUnmounted=fn<onVnodeUnmounted> ref=Ref< Proxy(Object) > > 
  at <RouterView> 
  at <App> @ http://localhost:5173/node_modules/.vite/deps/chunk-MYEHH3VS.js?v=cf2b15a6:2194
[  119377ms] [WARNING] [Vue warn]: Property "editingMessageIndex" was accessed during render but is not defined on instance. 
  at <ChatView onVnodeUnmounted=fn<onVnodeUnmounted> ref=Ref< Proxy(Object) > > 
  at <RouterView> 
  at <App> @ http://localhost:5173/node_modules/.vite/deps/chunk-MYEHH3VS.js?v=cf2b15a6:2194
[  119378ms] [WARNING] [Vue warn]: Property "editingMessageContent" was accessed during render but is not defined on instance. 
  at <ChatView onVnodeUnmounted=fn<onVnodeUnmounted> ref=Ref< Proxy(Object) > > 
  at <RouterView> 
  at <App> @ http://localhost:5173/node_modules/.vite/deps/chunk-MYEHH3VS.js?v=cf2b15a6:2194
[  119378ms] [WARNING] [Vue warn]: Property "editingMessageIndex" was accessed during render but is not defined on instance. 
  at <ChatView onVnodeUnmounted=fn<onVnodeUnmounted> ref=Ref< Proxy(Object) > > 
  at <RouterView> 
  at <App> @ http://localhost:5173/node_modules/.vite/deps/chunk-MYEHH3VS.js?v=cf2b15a6:2194
[  119379ms] [WARNING] [Vue warn]: Property "editingMessageContent" was accessed during render but is not defined on instance. 
  at <ChatView onVnodeUnmounted=fn<onVnodeUnmounted> ref=Ref< Proxy(Object) > > 
  at <RouterView> 
  at <App> @ http://localhost:5173/node_modules/.vite/deps/chunk-MYEHH3VS.js?v=cf2b15a6:2194
[  119483ms] [WARNING] [Vue warn]: Property "editingMessageIndex" was accessed during render but is not defined on instance. 
  at <ChatView onVnodeUnmounted=fn<onVnodeUnmounted> ref=Ref< Proxy(Object) > > 
  at <RouterView> 
  at <App> @ http://localhost:5173/node_modules/.vite/deps/chunk-MYEHH3VS.js?v=cf2b15a6:2194
[  119483ms] [WARNING] [Vue warn]: Property "editingMessageContent" was accessed during render but is not defined on instance. 
  at <ChatView onVnodeUnmounted=fn<onVnodeUnmounted> ref=Ref< Proxy(Object) > > 
  at <RouterView> 
  at <App> @ http://localhost:5173/node_modules/.vite/deps/chunk-MYEHH3VS.js?v=cf2b15a6:2194
[  119483ms] [WARNING] [Vue warn]: Property "editingMessageIndex" was accessed during render but is not defined on instance. 
  at <ChatView onVnodeUnmounted=fn<onVnodeUnmounted> ref=Ref< Proxy(Object) > > 
  at <RouterView> 
  at <App> @ http://localhost:5173/node_modules/.vite/deps/chunk-MYEHH3VS.js?v=cf2b15a6:2194
[  119484ms] [WARNING] [Vue warn]: Property "editingMessageContent" was accessed during render but is not defined on instance. 
  at <ChatView onVnodeUnmounted=fn<onVnodeUnmounted> ref=Ref< Proxy(Object) > > 
  at <RouterView> 
  at <App> @ http://localhost:5173/node_modules/.vite/deps/chunk-MYEHH3VS.js?v=cf2b15a6:2194
[  119591ms] [WARNING] [Vue warn]: Property "editingMessageIndex" was accessed during render but is not defined on instance. 
  at <ChatView onVnodeUnmounted=fn<onVnodeUnmounted> ref=Ref< Proxy(Object) > > 
  at <RouterView> 
  at <App> @ http://localhost:5173/node_modules/.vite/deps/chunk-MYEHH3VS.js?v=cf2b15a6:2194
[  119591ms] [WARNING] [Vue warn]: Property "editingMessageContent" was accessed during render but is not defined on instance. 
  at <ChatView onVnodeUnmounted=fn<onVnodeUnmounted> ref=Ref< Proxy(Object) > > 
  at <RouterView> 
  at <App> @ http://localhost:5173/node_modules/.vite/deps/chunk-MYEHH3VS.js?v=cf2b15a6:2194
[  119591ms] [WARNING] [Vue warn]: Property "editingMessageIndex" was accessed during render but is not defined on instance. 
  at <ChatView onVnodeUnmounted=fn<onVnodeUnmounted> ref=Ref< Proxy(Object) > > 
  at <RouterView> 
  at <App> @ http://localhost:5173/node_modules/.vite/deps/chunk-MYEHH3VS.js?v=cf2b15a6:2194
[  119592ms] [WARNING] [Vue warn]: Property "editingMessageContent" was accessed during render but is not defined on instance. 
  at <ChatView onVnodeUnmounted=fn<onVnodeUnmounted> ref=Ref< Proxy(Object) > > 
  at <RouterView> 
  at <App> @ http://localhost:5173/node_modules/.vite/deps/chunk-MYEHH3VS.js?v=cf2b15a6:2194
[  119695ms] [WARNING] [Vue warn]: Property "editingMessageIndex" was accessed during render but is not defined on instance. 
  at <ChatView onVnodeUnmounted=fn<onVnodeUnmounted> ref=Ref< Proxy(Object) > > 
  at <RouterView> 
  at <App> @ http://localhost:5173/node_modules/.vite/deps/chunk-MYEHH3VS.js?v=cf2b15a6:2194
[  119695ms] [WARNING] [Vue warn]: Property "editingMessageContent" was accessed during render but is not defined on instance. 
  at <ChatView onVnodeUnmounted=fn<onVnodeUnmounted> ref=Ref< Proxy(Object) > > 
  at <RouterView> 
  at <App> @ http://localhost:5173/node_modules/.vite/deps/chunk-MYEHH3VS.js?v=cf2b15a6:2194
[  119696ms] [WARNING] [Vue warn]: Property "editingMessageIndex" was accessed during render but is not defined on instance. 
  at <ChatView onVnodeUnmounted=fn<onVnodeUnmounted> ref=Ref< Proxy(Object) > > 
  at <RouterView> 
  at <App> @ http://localhost:5173/node_modules/.vite/deps/chunk-MYEHH3VS.js?v=cf2b15a6:2194
[  119696ms] [WARNING] [Vue warn]: Property "editingMessageContent" was accessed during render but is not defined on instance. 
  at <ChatView onVnodeUnmounted=fn<onVnodeUnmounted> ref=Ref< Proxy(Object) > > 
  at <RouterView> 
  at <App> @ http://localhost:5173/node_modules/.vite/deps/chunk-MYEHH3VS.js?v=cf2b15a6:2194
[  119796ms] [WARNING] [Vue warn]: Property "editingMessageIndex" was accessed during render but is not defined on instance. 
  at <ChatView onVnodeUnmounted=fn<onVnodeUnmounted> ref=Ref< Proxy(Object) > > 
  at <RouterView> 
  at <App> @ http://localhost:5173/node_modules/.vite/deps/chunk-MYEHH3VS.js?v=cf2b15a6:2194
[  119796ms] [WARNING] [Vue warn]: Property "editingMessageContent" was accessed during render but is not defined on instance. 
  at <ChatView onVnodeUnmounted=fn<onVnodeUnmounted> ref=Ref< Proxy(Object) > > 
  at <RouterView> 
  at <App> @ http://localhost:5173/node_modules/.vite/deps/chunk-MYEHH3VS.js?v=cf2b15a6:2194
[  119797ms] [WARNING] [Vue warn]: Property "editingMessageIndex" was accessed during render but is not defined on instance. 
  at <ChatView onVnodeUnmounted=fn<onVnodeUnmounted> ref=Ref< Proxy(Object) > > 
  at <RouterView> 
  at <App> @ http://localhost:5173/node_modules/.vite/deps/chunk-MYEHH3VS.js?v=cf2b15a6:2194
[  119797ms] [WARNING] [Vue warn]: Property "editingMessageContent" was accessed during render but is not defined on instance. 
  at <ChatView onVnodeUnmounted=fn<onVnodeUnmounted> ref=Ref< Proxy(Object) > > 
  at <RouterView> 
  at <App> @ http://localhost:5173/node_modules/.vite/deps/chunk-MYEHH3VS.js?v=cf2b15a6:2194
[  119900ms] [WARNING] [Vue warn]: Property "editingMessageIndex" was accessed during render but is not defined on instance. 
  at <ChatView onVnodeUnmounted=fn<onVnodeUnmounted> ref=Ref< Proxy(Object) > > 
  at <RouterView> 
  at <App> @ http://localhost:5173/node_modules/.vite/deps/chunk-MYEHH3VS.js?v=cf2b15a6:2194
[  119900ms] [WARNING] [Vue warn]: Property "editingMessageContent" was accessed during render but is not defined on instance. 
  at <ChatView onVnodeUnmounted=fn<onVnodeUnmounted> ref=Ref< Proxy(Object) > > 
  at <RouterView> 
  at <App> @ http://localhost:5173/node_modules/.vite/deps/chunk-MYEHH3VS.js?v=cf2b15a6:2194
[  119901ms] [WARNING] [Vue warn]: Property "editingMessageIndex" was accessed during render but is not defined on instance. 
  at <ChatView onVnodeUnmounted=fn<onVnodeUnmounted> ref=Ref< Proxy(Object) > > 
  at <RouterView> 
  at <App> @ http://localhost:5173/node_modules/.vite/deps/chunk-MYEHH3VS.js?v=cf2b15a6:2194
[  119901ms] [WARNING] [Vue warn]: Property "editingMessageContent" was accessed during render but is not defined on instance. 
  at <ChatView onVnodeUnmounted=fn<onVnodeUnmounted> ref=Ref< Proxy(Object) > > 
  at <RouterView> 
  at <App> @ http://localhost:5173/node_modules/.vite/deps/chunk-MYEHH3VS.js?v=cf2b15a6:2194
[  120003ms] [WARNING] [Vue warn]: Property "editingMessageIndex" was accessed during render but is not defined on instance. 
  at <ChatView onVnodeUnmounted=fn<onVnodeUnmounted> ref=Ref< Proxy(Object) > > 
  at <RouterView> 
  at <App> @ http://localhost:5173/node_modules/.vite/deps/chunk-MYEHH3VS.js?v=cf2b15a6:2194
[  120003ms] [WARNING] [Vue warn]: Property "editingMessageContent" was accessed during render but is not defined on instance. 
  at <ChatView onVnodeUnmounted=fn<onVnodeUnmounted> ref=Ref< Proxy(Object) > > 
  at <RouterView> 
  at <App> @ http://localhost:5173/node_modules/.vite/deps/chunk-MYEHH3VS.js?v=cf2b15a6:2194
[  120004ms] [WARNING] [Vue warn]: Property "editingMessageIndex" was accessed during render but is not defined on instance. 
  at <ChatView onVnodeUnmounted=fn<onVnodeUnmounted> ref=Ref< Proxy(Object) > > 
  at <RouterView> 
  at <App> @ http://localhost:5173/node_modules/.vite/deps/chunk-MYEHH3VS.js?v=cf2b15a6:2194
[  120004ms] [WARNING] [Vue warn]: Property "editingMessageContent" was accessed during render but is not defined on instance. 
  at <ChatView onVnodeUnmounted=fn<onVnodeUnmounted> ref=Ref< Proxy(Object) > > 
  at <RouterView> 
  at <App> @ http://localhost:5173/node_modules/.vite/deps/chunk-MYEHH3VS.js?v=cf2b15a6:2194
[  120104ms] [WARNING] [Vue warn]: Property "editingMessageIndex" was accessed during render but is not defined on instance. 
  at <ChatView onVnodeUnmounted=fn<onVnodeUnmounted> ref=Ref< Proxy(Object) > > 
  at <RouterView> 
  at <App> @ http://localhost:5173/node_modules/.vite/deps/chunk-MYEHH3VS.js?v=cf2b15a6:2194
[  120104ms] [WARNING] [Vue warn]: Property "editingMessageContent" was accessed during render but is not defined on instance. 
  at <ChatView onVnodeUnmounted=fn<onVnodeUnmounted> ref=Ref< Proxy(Object) > > 
  at <RouterView> 
  at <App> @ http://localhost:5173/node_modules/.vite/deps/chunk-MYEHH3VS.js?v=cf2b15a6:2194
[  120105ms] [WARNING] [Vue warn]: Property "editingMessageIndex" was accessed during render but is not defined on instance. 
  at <ChatView onVnodeUnmounted=fn<onVnodeUnmounted> ref=Ref< Proxy(Object) > > 
  at <RouterView> 
  at <App> @ http://localhost:5173/node_modules/.vite/deps/chunk-MYEHH3VS.js?v=cf2b15a6:2194
[  120105ms] [WARNING] [Vue warn]: Property "editingMessageContent" was accessed during render but is not defined on instance. 
  at <ChatView onVnodeUnmounted=fn<onVnodeUnmounted> ref=Ref< Proxy(Object) > > 
  at <RouterView> 
  at <App> @ http://localhost:5173/node_modules/.vite/deps/chunk-MYEHH3VS.js?v=cf2b15a6:2194
[  120207ms] [WARNING] [Vue warn]: Property "editingMessageIndex" was accessed during render but is not defined on instance. 
  at <ChatView onVnodeUnmounted=fn<onVnodeUnmounted> ref=Ref< Proxy(Object) > > 
  at <RouterView> 
  at <App> @ http://localhost:5173/node_modules/.vite/deps/chunk-MYEHH3VS.js?v=cf2b15a6:2194
[  120207ms] [WARNING] [Vue warn]: Property "editingMessageContent" was accessed during render but is not defined on instance. 
  at <ChatView onVnodeUnmounted=fn<onVnodeUnmounted> ref=Ref< Proxy(Object) > > 
  at <RouterView> 
  at <App> @ http://localhost:5173/node_modules/.vite/deps/chunk-MYEHH3VS.js?v=cf2b15a6:2194
[  120208ms] [WARNING] [Vue warn]: Property "editingMessageIndex" was accessed during render but is not defined on instance. 
  at <ChatView onVnodeUnmounted=fn<onVnodeUnmounted> ref=Ref< Proxy(Object) > > 
  at <RouterView> 
  at <App> @ http://localhost:5173/node_modules/.vite/deps/chunk-MYEHH3VS.js?v=cf2b15a6:2194
[  120208ms] [WARNING] [Vue warn]: Property "editingMessageContent" was accessed during render but is not defined on instance. 
  at <ChatView onVnodeUnmounted=fn<onVnodeUnmounted> ref=Ref< Proxy(Object) > > 
  at <RouterView> 
  at <App> @ http://localhost:5173/node_modules/.vite/deps/chunk-MYEHH3VS.js?v=cf2b15a6:2194
[  120309ms] [WARNING] [Vue warn]: Property "editingMessageIndex" was accessed during render but is not defined on instance. 
  at <ChatView onVnodeUnmounted=fn<onVnodeUnmounted> ref=Ref< Proxy(Object) > > 
  at <RouterView> 
  at <App> @ http://localhost:5173/node_modules/.vite/deps/chunk-MYEHH3VS.js?v=cf2b15a6:2194
[  120309ms] [WARNING] [Vue warn]: Property "editingMessageContent" was accessed during render but is not defined on instance. 
  at <ChatView onVnodeUnmounted=fn<onVnodeUnmounted> ref=Ref< Proxy(Object) > > 
  at <RouterView> 
  at <App> @ http://localhost:5173/node_modules/.vite/deps/chunk-MYEHH3VS.js?v=cf2b15a6:2194
[  120309ms] [WARNING] [Vue warn]: Property "editingMessageIndex" was accessed during render but is not defined on instance. 
  at <ChatView onVnodeUnmounted=fn<onVnodeUnmounted> ref=Ref< Proxy(Object) > > 
  at <RouterView> 
  at <App> @ http://localhost:5173/node_modules/.vite/deps/chunk-MYEHH3VS.js?v=cf2b15a6:2194
[  120309ms] [WARNING] [Vue warn]: Property "editingMessageContent" was accessed during render but is not defined on instance. 
  at <ChatView onVnodeUnmounted=fn<onVnodeUnmounted> ref=Ref< Proxy(Object) > > 
  at <RouterView> 
  at <App> @ http://localhost:5173/node_modules/.vite/deps/chunk-MYEHH3VS.js?v=cf2b15a6:2194
[  120409ms] [WARNING] [Vue warn]: Property "editingMessageIndex" was accessed during render but is not defined on instance. 
  at <ChatView onVnodeUnmounted=fn<onVnodeUnmounted> ref=Ref< Proxy(Object) > > 
  at <RouterView> 
  at <App> @ http://localhost:5173/node_modules/.vite/deps/chunk-MYEHH3VS.js?v=cf2b15a6:2194
[  120410ms] [WARNING] [Vue warn]: Property "editingMessageContent" was accessed during render but is not defined on instance. 
  at <ChatView onVnodeUnmounted=fn<onVnodeUnmounted> ref=Ref< Proxy(Object) > > 
  at <RouterView> 
  at <App> @ http://localhost:5173/node_modules/.vite/deps/chunk-MYEHH3VS.js?v=cf2b15a6:2194
[  120410ms] [WARNING] [Vue warn]: Property "editingMessageIndex" was accessed during render but is not defined on instance. 
  at <ChatView onVnodeUnmounted=fn<onVnodeUnmounted> ref=Ref< Proxy(Object) > > 
  at <RouterView> 
  at <App> @ http://localhost:5173/node_modules/.vite/deps/chunk-MYEHH3VS.js?v=cf2b15a6:2194
[  120410ms] [WARNING] [Vue warn]: Property "editingMessageContent" was accessed during render but is not defined on instance. 
  at <ChatView onVnodeUnmounted=fn<onVnodeUnmounted> ref=Ref< Proxy(Object) > > 
  at <RouterView> 
  at <App> @ http://localhost:5173/node_modules/.vite/deps/chunk-MYEHH3VS.js?v=cf2b15a6:2194
[  120512ms] [WARNING] [Vue warn]: Property "editingMessageIndex" was accessed during render but is not defined on instance. 
  at <ChatView onVnodeUnmounted=fn<onVnodeUnmounted> ref=Ref< Proxy(Object) > > 
  at <RouterView> 
  at <App> @ http://localhost:5173/node_modules/.vite/deps/chunk-MYEHH3VS.js?v=cf2b15a6:2194
[  120513ms] [WARNING] [Vue warn]: Property "editingMessageContent" was accessed during render but is not defined on instance. 
  at <ChatView onVnodeUnmounted=fn<onVnodeUnmounted> ref=Ref< Proxy(Object) > > 
  at <RouterView> 
  at <App> @ http://localhost:5173/node_modules/.vite/deps/chunk-MYEHH3VS.js?v=cf2b15a6:2194
[  120514ms] [WARNING] [Vue warn]: Property "editingMessageIndex" was accessed during render but is not defined on instance. 
  at <ChatView onVnodeUnmounted=fn<onVnodeUnmounted> ref=Ref< Proxy(Object) > > 
  at <RouterView> 
  at <App> @ http://localhost:5173/node_modules/.vite/deps/chunk-MYEHH3VS.js?v=cf2b15a6:2194
[  120514ms] [WARNING] [Vue warn]: Property "editingMessageContent" was accessed during render but is not defined on instance. 
  at <ChatView onVnodeUnmounted=fn<onVnodeUnmounted> ref=Ref< Proxy(Object) > > 
  at <RouterView> 
  at <App> @ http://localhost:5173/node_modules/.vite/deps/chunk-MYEHH3VS.js?v=cf2b15a6:2194
[  120611ms] [WARNING] [Vue warn]: Property "editingMessageIndex" was accessed during render but is not defined on instance. 
  at <ChatView onVnodeUnmounted=fn<onVnodeUnmounted> ref=Ref< Proxy(Object) > > 
  at <RouterView> 
  at <App> @ http://localhost:5173/node_modules/.vite/deps/chunk-MYEHH3VS.js?v=cf2b15a6:2194
[  120611ms] [WARNING] [Vue warn]: Property "editingMessageContent" was accessed during render but is not defined on instance. 
  at <ChatView onVnodeUnmounted=fn<onVnodeUnmounted> ref=Ref< Proxy(Object) > > 
  at <RouterView> 
  at <App> @ http://localhost:5173/node_modules/.vite/deps/chunk-MYEHH3VS.js?v=cf2b15a6:2194
[  120612ms] [WARNING] [Vue warn]: Property "editingMessageIndex" was accessed during render but is not defined on instance. 
  at <ChatView onVnodeUnmounted=fn<onVnodeUnmounted> ref=Ref< Proxy(Object) > > 
  at <RouterView> 
  at <App> @ http://localhost:5173/node_modules/.vite/deps/chunk-MYEHH3VS.js?v=cf2b15a6:2194
[  120612ms] [WARNING] [Vue warn]: Property "editingMessageContent" was accessed during render but is not defined on instance. 
  at <ChatView onVnodeUnmounted=fn<onVnodeUnmounted> ref=Ref< Proxy(Object) > > 
  at <RouterView> 
  at <App> @ http://localhost:5173/node_modules/.vite/deps/chunk-MYEHH3VS.js?v=cf2b15a6:2194
[  120711ms] [WARNING] [Vue warn]: Property "editingMessageIndex" was accessed during render but is not defined on instance. 
  at <ChatView onVnodeUnmounted=fn<onVnodeUnmounted> ref=Ref< Proxy(Object) > > 
  at <RouterView> 
  at <App> @ http://localhost:5173/node_modules/.vite/deps/chunk-MYEHH3VS.js?v=cf2b15a6:2194
[  120711ms] [WARNING] [Vue warn]: Property "editingMessageContent" was accessed during render but is not defined on instance. 
  at <ChatView onVnodeUnmounted=fn<onVnodeUnmounted> ref=Ref< Proxy(Object) > > 
  at <RouterView> 
  at <App> @ http://localhost:5173/node_modules/.vite/deps/chunk-MYEHH3VS.js?v=cf2b15a6:2194
[  120712ms] [WARNING] [Vue warn]: Property "editingMessageIndex" was accessed during render but is not defined on instance. 
  at <ChatView onVnodeUnmounted=fn<onVnodeUnmounted> ref=Ref< Proxy(Object) > > 
  at <RouterView> 
  at <App> @ http://localhost:5173/node_modules/.vite/deps/chunk-MYEHH3VS.js?v=cf2b15a6:2194
[  120712ms] [WARNING] [Vue warn]: Property "editingMessageContent" was accessed during render but is not defined on instance. 
  at <ChatView onVnodeUnmounted=fn<onVnodeUnmounted> ref=Ref< Proxy(Object) > > 
  at <RouterView> 
  at <App> @ http://localhost:5173/node_modules/.vite/deps/chunk-MYEHH3VS.js?v=cf2b15a6:2194
[  120809ms] [WARNING] [Vue warn]: Property "editingMessageIndex" was accessed during render but is not defined on instance. 
  at <ChatView onVnodeUnmounted=fn<onVnodeUnmounted> ref=Ref< Proxy(Object) > > 
  at <RouterView> 
  at <App> @ http://localhost:5173/node_modules/.vite/deps/chunk-MYEHH3VS.js?v=cf2b15a6:2194
[  120810ms] [WARNING] [Vue warn]: Property "editingMessageContent" was accessed during render but is not defined on instance. 
  at <ChatView onVnodeUnmounted=fn<onVnodeUnmounted> ref=Ref< Proxy(Object) > > 
  at <RouterView> 
  at <App> @ http://localhost:5173/node_modules/.vite/deps/chunk-MYEHH3VS.js?v=cf2b15a6:2194
[  120810ms] [WARNING] [Vue warn]: Property "editingMessageIndex" was accessed during render but is not defined on instance. 
  at <ChatView onVnodeUnmounted=fn<onVnodeUnmounted> ref=Ref< Proxy(Object) > > 
  at <RouterView> 
  at <App> @ http://localhost:5173/node_modules/.vite/deps/chunk-MYEHH3VS.js?v=cf2b15a6:2194
[  120811ms] [WARNING] [Vue warn]: Property "editingMessageContent" was accessed during render but is not defined on instance. 
  at <ChatView onVnodeUnmounted=fn<onVnodeUnmounted> ref=Ref< Proxy(Object) > > 
  at <RouterView> 
  at <App> @ http://localhost:5173/node_modules/.vite/deps/chunk-MYEHH3VS.js?v=cf2b15a6:2194
[  120910ms] [WARNING] [Vue warn]: Property "editingMessageIndex" was accessed during render but is not defined on instance. 
  at <ChatView onVnodeUnmounted=fn<onVnodeUnmounted> ref=Ref< Proxy(Object) > > 
  at <RouterView> 
  at <App> @ http://localhost:5173/node_modules/.vite/deps/chunk-MYEHH3VS.js?v=cf2b15a6:2194
[  120910ms] [WARNING] [Vue warn]: Property "editingMessageContent" was accessed during render but is not defined on instance. 
  at <ChatView onVnodeUnmounted=fn<onVnodeUnmounted> ref=Ref< Proxy(Object) > > 
  at <RouterView> 
  at <App> @ http://localhost:5173/node_modules/.vite/deps/chunk-MYEHH3VS.js?v=cf2b15a6:2194
[  120911ms] [WARNING] [Vue warn]: Property "editingMessageIndex" was accessed during render but is not defined on instance. 
  at <ChatView onVnodeUnmounted=fn<onVnodeUnmounted> ref=Ref< Proxy(Object) > > 
  at <RouterView> 
  at <App> @ http://localhost:5173/node_modules/.vite/deps/chunk-MYEHH3VS.js?v=cf2b15a6:2194
[  120911ms] [WARNING] [Vue warn]: Property "editingMessageContent" was accessed during render but is not defined on instance. 
  at <ChatView onVnodeUnmounted=fn<onVnodeUnmounted> ref=Ref< Proxy(Object) > > 
  at <RouterView> 
  at <App> @ http://localhost:5173/node_modules/.vite/deps/chunk-MYEHH3VS.js?v=cf2b15a6:2194
[  121011ms] [WARNING] [Vue warn]: Property "editingMessageIndex" was accessed during render but is not defined on instance. 
  at <ChatView onVnodeUnmounted=fn<onVnodeUnmounted> ref=Ref< Proxy(Object) > > 
  at <RouterView> 
  at <App> @ http://localhost:5173/node_modules/.vite/deps/chunk-MYEHH3VS.js?v=cf2b15a6:2194
[  121011ms] [WARNING] [Vue warn]: Property "editingMessageContent" was accessed during render but is not defined on instance. 
  at <ChatView onVnodeUnmounted=fn<onVnodeUnmounted> ref=Ref< Proxy(Object) > > 
  at <RouterView> 
  at <App> @ http://localhost:5173/node_modules/.vite/deps/chunk-MYEHH3VS.js?v=cf2b15a6:2194
[  121012ms] [WARNING] [Vue warn]: Property "editingMessageIndex" was accessed during render but is not defined on instance. 
  at <ChatView onVnodeUnmounted=fn<onVnodeUnmounted> ref=Ref< Proxy(Object) > > 
  at <RouterView> 
  at <App> @ http://localhost:5173/node_modules/.vite/deps/chunk-MYEHH3VS.js?v=cf2b15a6:2194
[  121012ms] [WARNING] [Vue warn]: Property "editingMessageContent" was accessed during render but is not defined on instance. 
  at <ChatView onVnodeUnmounted=fn<onVnodeUnmounted> ref=Ref< Proxy(Object) > > 
  at <RouterView> 
  at <App> @ http://localhost:5173/node_modules/.vite/deps/chunk-MYEHH3VS.js?v=cf2b15a6:2194
[  121114ms] [WARNING] [Vue warn]: Property "editingMessageIndex" was accessed during render but is not defined on instance. 
  at <ChatView onVnodeUnmounted=fn<onVnodeUnmounted> ref=Ref< Proxy(Object) > > 
  at <RouterView> 
  at <App> @ http://localhost:5173/node_modules/.vite/deps/chunk-MYEHH3VS.js?v=cf2b15a6:2194
[  121114ms] [WARNING] [Vue warn]: Property "editingMessageContent" was accessed during render but is not defined on instance. 
  at <ChatView onVnodeUnmounted=fn<onVnodeUnmounted> ref=Ref< Proxy(Object) > > 
  at <RouterView> 
  at <App> @ http://localhost:5173/node_modules/.vite/deps/chunk-MYEHH3VS.js?v=cf2b15a6:2194
[  121115ms] [WARNING] [Vue warn]: Property "editingMessageIndex" was accessed during render but is not defined on instance. 
  at <ChatView onVnodeUnmounted=fn<onVnodeUnmounted> ref=Ref< Proxy(Object) > > 
  at <RouterView> 
  at <App> @ http://localhost:5173/node_modules/.vite/deps/chunk-MYEHH3VS.js?v=cf2b15a6:2194
[  121115ms] [WARNING] [Vue warn]: Property "editingMessageContent" was accessed during render but is not defined on instance. 
  at <ChatView onVnodeUnmounted=fn<onVnodeUnmounted> ref=Ref< Proxy(Object) > > 
  at <RouterView> 
  at <App> @ http://localhost:5173/node_modules/.vite/deps/chunk-MYEHH3VS.js?v=cf2b15a6:2194
[  121214ms] [WARNING] [Vue warn]: Property "editingMessageIndex" was accessed during render but is not defined on instance. 
  at <ChatView onVnodeUnmounted=fn<onVnodeUnmounted> ref=Ref< Proxy(Object) > > 
  at <RouterView> 
  at <App> @ http://localhost:5173/node_modules/.vite/deps/chunk-MYEHH3VS.js?v=cf2b15a6:2194
[  121215ms] [WARNING] [Vue warn]: Property "editingMessageContent" was accessed during render but is not defined on instance. 
  at <ChatView onVnodeUnmounted=fn<onVnodeUnmounted> ref=Ref< Proxy(Object) > > 
  at <RouterView> 
  at <App> @ http://localhost:5173/node_modules/.vite/deps/chunk-MYEHH3VS.js?v=cf2b15a6:2194
[  121215ms] [WARNING] [Vue warn]: Property "editingMessageIndex" was accessed during render but is not defined on instance. 
  at <ChatView onVnodeUnmounted=fn<onVnodeUnmounted> ref=Ref< Proxy(Object) > > 
  at <RouterView> 
  at <App> @ http://localhost:5173/node_modules/.vite/deps/chunk-MYEHH3VS.js?v=cf2b15a6:2194
[  121215ms] [WARNING] [Vue warn]: Property "editingMessageContent" was accessed during render but is not defined on instance. 
  at <ChatView onVnodeUnmounted=fn<onVnodeUnmounted> ref=Ref< Proxy(Object) > > 
  at <RouterView> 
  at <App> @ http://localhost:5173/node_modules/.vite/deps/chunk-MYEHH3VS.js?v=cf2b15a6:2194
[  121316ms] [WARNING] [Vue warn]: Property "editingMessageIndex" was accessed during render but is not defined on instance. 
  at <ChatView onVnodeUnmounted=fn<onVnodeUnmounted> ref=Ref< Proxy(Object) > > 
  at <RouterView> 
  at <App> @ http://localhost:5173/node_modules/.vite/deps/chunk-MYEHH3VS.js?v=cf2b15a6:2194
[  121317ms] [WARNING] [Vue warn]: Property "editingMessageContent" was accessed during render but is not defined on instance. 
  at <ChatView onVnodeUnmounted=fn<onVnodeUnmounted> ref=Ref< Proxy(Object) > > 
  at <RouterView> 
  at <App> @ http://localhost:5173/node_modules/.vite/deps/chunk-MYEHH3VS.js?v=cf2b15a6:2194
[  121318ms] [WARNING] [Vue warn]: Property "editingMessageIndex" was accessed during render but is not defined on instance. 
  at <ChatView onVnodeUnmounted=fn<onVnodeUnmounted> ref=Ref< Proxy(Object) > > 
  at <RouterView> 
  at <App> @ http://localhost:5173/node_modules/.vite/deps/chunk-MYEHH3VS.js?v=cf2b15a6:2194
[  121318ms] [WARNING] [Vue warn]: Property "editingMessageContent" was accessed during render but is not defined on instance. 
  at <ChatView onVnodeUnmounted=fn<onVnodeUnmounted> ref=Ref< Proxy(Object) > > 
  at <RouterView> 
  at <App> @ http://localhost:5173/node_modules/.vite/deps/chunk-MYEHH3VS.js?v=cf2b15a6:2194
[  121416ms] [WARNING] [Vue warn]: Property "editingMessageIndex" was accessed during render but is not defined on instance. 
  at <ChatView onVnodeUnmounted=fn<onVnodeUnmounted> ref=Ref< Proxy(Object) > > 
  at <RouterView> 
  at <App> @ http://localhost:5173/node_modules/.vite/deps/chunk-MYEHH3VS.js?v=cf2b15a6:2194
[  121417ms] [WARNING] [Vue warn]: Property "editingMessageContent" was accessed during render but is not defined on instance. 
  at <ChatView onVnodeUnmounted=fn<onVnodeUnmounted> ref=Ref< Proxy(Object) > > 
  at <RouterView> 
  at <App> @ http://localhost:5173/node_modules/.vite/deps/chunk-MYEHH3VS.js?v=cf2b15a6:2194
[  121417ms] [WARNING] [Vue warn]: Property "editingMessageIndex" was accessed during render but is not defined on instance. 
  at <ChatView onVnodeUnmounted=fn<onVnodeUnmounted> ref=Ref< Proxy(Object) > > 
  at <RouterView> 
  at <App> @ http://localhost:5173/node_modules/.vite/deps/chunk-MYEHH3VS.js?v=cf2b15a6:2194
[  121417ms] [WARNING] [Vue warn]: Property "editingMessageContent" was accessed during render but is not defined on instance. 
  at <ChatView onVnodeUnmounted=fn<onVnodeUnmounted> ref=Ref< Proxy(Object) > > 
  at <RouterView> 
  at <App> @ http://localhost:5173/node_modules/.vite/deps/chunk-MYEHH3VS.js?v=cf2b15a6:2194
[  121516ms] [WARNING] [Vue warn]: Property "editingMessageIndex" was accessed during render but is not defined on instance. 
  at <ChatView onVnodeUnmounted=fn<onVnodeUnmounted> ref=Ref< Proxy(Object) > > 
  at <RouterView> 
  at <App> @ http://localhost:5173/node_modules/.vite/deps/chunk-MYEHH3VS.js?v=cf2b15a6:2194
[  121517ms] [WARNING] [Vue warn]: Property "editingMessageContent" was accessed during render but is not defined on instance. 
  at <ChatView onVnodeUnmounted=fn<onVnodeUnmounted> ref=Ref< Proxy(Object) > > 
  at <RouterView> 
  at <App> @ http://localhost:5173/node_modules/.vite/deps/chunk-MYEHH3VS.js?v=cf2b15a6:2194
[  121517ms] [WARNING] [Vue warn]: Property "editingMessageIndex" was accessed during render but is not defined on instance. 
  at <ChatView onVnodeUnmounted=fn<onVnodeUnmounted> ref=Ref< Proxy(Object) > > 
  at <RouterView> 
  at <App> @ http://localhost:5173/node_modules/.vite/deps/chunk-MYEHH3VS.js?v=cf2b15a6:2194
[  121517ms] [WARNING] [Vue warn]: Property "editingMessageContent" was accessed during render but is not defined on instance. 
  at <ChatView onVnodeUnmounted=fn<onVnodeUnmounted> ref=Ref< Proxy(Object) > > 
  at <RouterView> 
  at <App> @ http://localhost:5173/node_modules/.vite/deps/chunk-MYEHH3VS.js?v=cf2b15a6:2194
[  121617ms] [WARNING] [Vue warn]: Property "editingMessageIndex" was accessed during render but is not defined on instance. 
  at <ChatView onVnodeUnmounted=fn<onVnodeUnmounted> ref=Ref< Proxy(Object) > > 
  at <RouterView> 
  at <App> @ http://localhost:5173/node_modules/.vite/deps/chunk-MYEHH3VS.js?v=cf2b15a6:2194
[  121618ms] [WARNING] [Vue warn]: Property "editingMessageContent" was accessed during render but is not defined on instance. 
  at <ChatView onVnodeUnmounted=fn<onVnodeUnmounted> ref=Ref< Proxy(Object) > > 
  at <RouterView> 
  at <App> @ http://localhost:5173/node_modules/.vite/deps/chunk-MYEHH3VS.js?v=cf2b15a6:2194
[  121618ms] [WARNING] [Vue warn]: Property "editingMessageIndex" was accessed during render but is not defined on instance. 
  at <ChatView onVnodeUnmounted=fn<onVnodeUnmounted> ref=Ref< Proxy(Object) > > 
  at <RouterView> 
  at <App> @ http://localhost:5173/node_modules/.vite/deps/chunk-MYEHH3VS.js?v=cf2b15a6:2194
[  121619ms] [WARNING] [Vue warn]: Property "editingMessageContent" was accessed during render but is not defined on instance. 
  at <ChatView onVnodeUnmounted=fn<onVnodeUnmounted> ref=Ref< Proxy(Object) > > 
  at <RouterView> 
  at <App> @ http://localhost:5173/node_modules/.vite/deps/chunk-MYEHH3VS.js?v=cf2b15a6:2194
[  121815ms] [WARNING] [Vue warn]: Property "editingMessageIndex" was accessed during render but is not defined on instance. 
  at <ChatView onVnodeUnmounted=fn<onVnodeUnmounted> ref=Ref< Proxy(Object) > > 
  at <RouterView> 
  at <App> @ http://localhost:5173/node_modules/.vite/deps/chunk-MYEHH3VS.js?v=cf2b15a6:2194
[  121816ms] [WARNING] [Vue warn]: Property "editingMessageContent" was accessed during render but is not defined on instance. 
  at <ChatView onVnodeUnmounted=fn<onVnodeUnmounted> ref=Ref< Proxy(Object) > > 
  at <RouterView> 
  at <App> @ http://localhost:5173/node_modules/.vite/deps/chunk-MYEHH3VS.js?v=cf2b15a6:2194
[  121816ms] [WARNING] [Vue warn]: Property "editingMessageIndex" was accessed during render but is not defined on instance. 
  at <ChatView onVnodeUnmounted=fn<onVnodeUnmounted> ref=Ref< Proxy(Object) > > 
  at <RouterView> 
  at <App> @ http://localhost:5173/node_modules/.vite/deps/chunk-MYEHH3VS.js?v=cf2b15a6:2194
[  121816ms] [WARNING] [Vue warn]: Property "editingMessageContent" was accessed during render but is not defined on instance. 
  at <ChatView onVnodeUnmounted=fn<onVnodeUnmounted> ref=Ref< Proxy(Object) > > 
  at <RouterView> 
  at <App> @ http://localhost:5173/node_modules/.vite/deps/chunk-MYEHH3VS.js?v=cf2b15a6:2194
[  121918ms] [WARNING] [Vue warn]: Property "editingMessageIndex" was accessed during render but is not defined on instance. 
  at <ChatView onVnodeUnmounted=fn<onVnodeUnmounted> ref=Ref< Proxy(Object) > > 
  at <RouterView> 
  at <App> @ http://localhost:5173/node_modules/.vite/deps/chunk-MYEHH3VS.js?v=cf2b15a6:2194
[  121918ms] [WARNING] [Vue warn]: Property "editingMessageContent" was accessed during render but is not defined on instance. 
  at <ChatView onVnodeUnmounted=fn<onVnodeUnmounted> ref=Ref< Proxy(Object) > > 
  at <RouterView> 
  at <App> @ http://localhost:5173/node_modules/.vite/deps/chunk-MYEHH3VS.js?v=cf2b15a6:2194
[  121919ms] [WARNING] [Vue warn]: Property "editingMessageIndex" was accessed during render but is not defined on instance. 
  at <ChatView onVnodeUnmounted=fn<onVnodeUnmounted> ref=Ref< Proxy(Object) > > 
  at <RouterView> 
  at <App> @ http://localhost:5173/node_modules/.vite/deps/chunk-MYEHH3VS.js?v=cf2b15a6:2194
[  121919ms] [WARNING] [Vue warn]: Property "editingMessageContent" was accessed during render but is not defined on instance. 
  at <ChatView onVnodeUnmounted=fn<onVnodeUnmounted> ref=Ref< Proxy(Object) > > 
  at <RouterView> 
  at <App> @ http://localhost:5173/node_modules/.vite/deps/chunk-MYEHH3VS.js?v=cf2b15a6:2194
[  122020ms] [WARNING] [Vue warn]: Property "editingMessageIndex" was accessed during render but is not defined on instance. 
  at <ChatView onVnodeUnmounted=fn<onVnodeUnmounted> ref=Ref< Proxy(Object) > > 
  at <RouterView> 
  at <App> @ http://localhost:5173/node_modules/.vite/deps/chunk-MYEHH3VS.js?v=cf2b15a6:2194
[  122021ms] [WARNING] [Vue warn]: Property "editingMessageContent" was accessed during render but is not defined on instance. 
  at <ChatView onVnodeUnmounted=fn<onVnodeUnmounted> ref=Ref< Proxy(Object) > > 
  at <RouterView> 
  at <App> @ http://localhost:5173/node_modules/.vite/deps/chunk-MYEHH3VS.js?v=cf2b15a6:2194
[  122021ms] [WARNING] [Vue warn]: Property "editingMessageIndex" was accessed during render but is not defined on instance. 
  at <ChatView onVnodeUnmounted=fn<onVnodeUnmounted> ref=Ref< Proxy(Object) > > 
  at <RouterView> 
  at <App> @ http://localhost:5173/node_modules/.vite/deps/chunk-MYEHH3VS.js?v=cf2b15a6:2194
[  122021ms] [WARNING] [Vue warn]: Property "editingMessageContent" was accessed during render but is not defined on instance. 
  at <ChatView onVnodeUnmounted=fn<onVnodeUnmounted> ref=Ref< Proxy(Object) > > 
  at <RouterView> 
  at <App> @ http://localhost:5173/node_modules/.vite/deps/chunk-MYEHH3VS.js?v=cf2b15a6:2194
[  122123ms] [WARNING] [Vue warn]: Property "editingMessageIndex" was accessed during render but is not defined on instance. 
  at <ChatView onVnodeUnmounted=fn<onVnodeUnmounted> ref=Ref< Proxy(Object) > > 
  at <RouterView> 
  at <App> @ http://localhost:5173/node_modules/.vite/deps/chunk-MYEHH3VS.js?v=cf2b15a6:2194
[  122123ms] [WARNING] [Vue warn]: Property "editingMessageContent" was accessed during render but is not defined on instance. 
  at <ChatView onVnodeUnmounted=fn<onVnodeUnmounted> ref=Ref< Proxy(Object) > > 
  at <RouterView> 
  at <App> @ http://localhost:5173/node_modules/.vite/deps/chunk-MYEHH3VS.js?v=cf2b15a6:2194
[  122124ms] [WARNING] [Vue warn]: Property "editingMessageIndex" was accessed during render but is not defined on instance. 
  at <ChatView onVnodeUnmounted=fn<onVnodeUnmounted> ref=Ref< Proxy(Object) > > 
  at <RouterView> 
  at <App> @ http://localhost:5173/node_modules/.vite/deps/chunk-MYEHH3VS.js?v=cf2b15a6:2194
[  122124ms] [WARNING] [Vue warn]: Property "editingMessageContent" was accessed during render but is not defined on instance. 
  at <ChatView onVnodeUnmounted=fn<onVnodeUnmounted> ref=Ref< Proxy(Object) > > 
  at <RouterView> 
  at <App> @ http://localhost:5173/node_modules/.vite/deps/chunk-MYEHH3VS.js?v=cf2b15a6:2194
[  122225ms] [WARNING] [Vue warn]: Property "editingMessageIndex" was accessed during render but is not defined on instance. 
  at <ChatView onVnodeUnmounted=fn<onVnodeUnmounted> ref=Ref< Proxy(Object) > > 
  at <RouterView> 
  at <App> @ http://localhost:5173/node_modules/.vite/deps/chunk-MYEHH3VS.js?v=cf2b15a6:2194
[  122226ms] [WARNING] [Vue warn]: Property "editingMessageContent" was accessed during render but is not defined on instance. 
  at <ChatView onVnodeUnmounted=fn<onVnodeUnmounted> ref=Ref< Proxy(Object) > > 
  at <RouterView> 
  at <App> @ http://localhost:5173/node_modules/.vite/deps/chunk-MYEHH3VS.js?v=cf2b15a6:2194
[  122226ms] [WARNING] [Vue warn]: Property "editingMessageIndex" was accessed during render but is not defined on instance. 
  at <ChatView onVnodeUnmounted=fn<onVnodeUnmounted> ref=Ref< Proxy(Object) > > 
  at <RouterView> 
  at <App> @ http://localhost:5173/node_modules/.vite/deps/chunk-MYEHH3VS.js?v=cf2b15a6:2194
[  122226ms] [WARNING] [Vue warn]: Property "editingMessageContent" was accessed during render but is not defined on instance. 
  at <ChatView onVnodeUnmounted=fn<onVnodeUnmounted> ref=Ref< Proxy(Object) > > 
  at <RouterView> 
  at <App> @ http://localhost:5173/node_modules/.vite/deps/chunk-MYEHH3VS.js?v=cf2b15a6:2194
[  122338ms] [WARNING] [Vue warn]: Property "editingMessageIndex" was accessed during render but is not defined on instance. 
  at <ChatView onVnodeUnmounted=fn<onVnodeUnmounted> ref=Ref< Proxy(Object) > > 
  at <RouterView> 
  at <App> @ http://localhost:5173/node_modules/.vite/deps/chunk-MYEHH3VS.js?v=cf2b15a6:2194
[  122338ms] [WARNING] [Vue warn]: Property "editingMessageContent" was accessed during render but is not defined on instance. 
  at <ChatView onVnodeUnmounted=fn<onVnodeUnmounted> ref=Ref< Proxy(Object) > > 
  at <RouterView> 
  at <App> @ http://localhost:5173/node_modules/.vite/deps/chunk-MYEHH3VS.js?v=cf2b15a6:2194
[  122339ms] [WARNING] [Vue warn]: Property "editingMessageIndex" was accessed during render but is not defined on instance. 
  at <ChatView onVnodeUnmounted=fn<onVnodeUnmounted> ref=Ref< Proxy(Object) > > 
  at <RouterView> 
  at <App> @ http://localhost:5173/node_modules/.vite/deps/chunk-MYEHH3VS.js?v=cf2b15a6:2194
[  122339ms] [WARNING] [Vue warn]: Property "editingMessageContent" was accessed during render but is not defined on instance. 
  at <ChatView onVnodeUnmounted=fn<onVnodeUnmounted> ref=Ref< Proxy(Object) > > 
  at <RouterView> 
  at <App> @ http://localhost:5173/node_modules/.vite/deps/chunk-MYEHH3VS.js?v=cf2b15a6:2194
[  122440ms] [WARNING] [Vue warn]: Property "editingMessageIndex" was accessed during render but is not defined on instance. 
  at <ChatView onVnodeUnmounted=fn<onVnodeUnmounted> ref=Ref< Proxy(Object) > > 
  at <RouterView> 
  at <App> @ http://localhost:5173/node_modules/.vite/deps/chunk-MYEHH3VS.js?v=cf2b15a6:2194
[  122441ms] [WARNING] [Vue warn]: Property "editingMessageContent" was accessed during render but is not defined on instance. 
  at <ChatView onVnodeUnmounted=fn<onVnodeUnmounted> ref=Ref< Proxy(Object) > > 
  at <RouterView> 
  at <App> @ http://localhost:5173/node_modules/.vite/deps/chunk-MYEHH3VS.js?v=cf2b15a6:2194
[  122441ms] [WARNING] [Vue warn]: Property "editingMessageIndex" was accessed during render but is not defined on instance. 
  at <ChatView onVnodeUnmounted=fn<onVnodeUnmounted> ref=Ref< Proxy(Object) > > 
  at <RouterView> 
  at <App> @ http://localhost:5173/node_modules/.vite/deps/chunk-MYEHH3VS.js?v=cf2b15a6:2194
[  122441ms] [WARNING] [Vue warn]: Property "editingMessageContent" was accessed during render but is not defined on instance. 
  at <ChatView onVnodeUnmounted=fn<onVnodeUnmounted> ref=Ref< Proxy(Object) > > 
  at <RouterView> 
  at <App> @ http://localhost:5173/node_modules/.vite/deps/chunk-MYEHH3VS.js?v=cf2b15a6:2194
[  122541ms] [WARNING] [Vue warn]: Property "editingMessageIndex" was accessed during render but is not defined on instance. 
  at <ChatView onVnodeUnmounted=fn<onVnodeUnmounted> ref=Ref< Proxy(Object) > > 
  at <RouterView> 
  at <App> @ http://localhost:5173/node_modules/.vite/deps/chunk-MYEHH3VS.js?v=cf2b15a6:2194
[  122542ms] [WARNING] [Vue warn]: Property "editingMessageContent" was accessed during render but is not defined on instance. 
  at <ChatView onVnodeUnmounted=fn<onVnodeUnmounted> ref=Ref< Proxy(Object) > > 
  at <RouterView> 
  at <App> @ http://localhost:5173/node_modules/.vite/deps/chunk-MYEHH3VS.js?v=cf2b15a6:2194
[  122542ms] [WARNING] [Vue warn]: Property "editingMessageIndex" was accessed during render but is not defined on instance. 
  at <ChatView onVnodeUnmounted=fn<onVnodeUnmounted> ref=Ref< Proxy(Object) > > 
  at <RouterView> 
  at <App> @ http://localhost:5173/node_modules/.vite/deps/chunk-MYEHH3VS.js?v=cf2b15a6:2194
[  122542ms] [WARNING] [Vue warn]: Property "editingMessageContent" was accessed during render but is not defined on instance. 
  at <ChatView onVnodeUnmounted=fn<onVnodeUnmounted> ref=Ref< Proxy(Object) > > 
  at <RouterView> 
  at <App> @ http://localhost:5173/node_modules/.vite/deps/chunk-MYEHH3VS.js?v=cf2b15a6:2194
[  122647ms] [WARNING] [Vue warn]: Property "editingMessageIndex" was accessed during render but is not defined on instance. 
  at <ChatView onVnodeUnmounted=fn<onVnodeUnmounted> ref=Ref< Proxy(Object) > > 
  at <RouterView> 
  at <App> @ http://localhost:5173/node_modules/.vite/deps/chunk-MYEHH3VS.js?v=cf2b15a6:2194
[  122647ms] [WARNING] [Vue warn]: Property "editingMessageContent" was accessed during render but is not defined on instance. 
  at <ChatView onVnodeUnmounted=fn<onVnodeUnmounted> ref=Ref< Proxy(Object) > > 
  at <RouterView> 
  at <App> @ http://localhost:5173/node_modules/.vite/deps/chunk-MYEHH3VS.js?v=cf2b15a6:2194
[  122648ms] [WARNING] [Vue warn]: Property "editingMessageIndex" was accessed during render but is not defined on instance. 
  at <ChatView onVnodeUnmounted=fn<onVnodeUnmounted> ref=Ref< Proxy(Object) > > 
  at <RouterView> 
  at <App> @ http://localhost:5173/node_modules/.vite/deps/chunk-MYEHH3VS.js?v=cf2b15a6:2194
[  122648ms] [WARNING] [Vue warn]: Property "editingMessageContent" was accessed during render but is not defined on instance. 
  at <ChatView onVnodeUnmounted=fn<onVnodeUnmounted> ref=Ref< Proxy(Object) > > 
  at <RouterView> 
  at <App> @ http://localhost:5173/node_modules/.vite/deps/chunk-MYEHH3VS.js?v=cf2b15a6:2194
[  122748ms] [WARNING] [Vue warn]: Property "editingMessageIndex" was accessed during render but is not defined on instance. 
  at <ChatView onVnodeUnmounted=fn<onVnodeUnmounted> ref=Ref< Proxy(Object) > > 
  at <RouterView> 
  at <App> @ http://localhost:5173/node_modules/.vite/deps/chunk-MYEHH3VS.js?v=cf2b15a6:2194
[  122749ms] [WARNING] [Vue warn]: Property "editingMessageContent" was accessed during render but is not defined on instance. 
  at <ChatView onVnodeUnmounted=fn<onVnodeUnmounted> ref=Ref< Proxy(Object) > > 
  at <RouterView> 
  at <App> @ http://localhost:5173/node_modules/.vite/deps/chunk-MYEHH3VS.js?v=cf2b15a6:2194
[  122749ms] [WARNING] [Vue warn]: Property "editingMessageIndex" was accessed during render but is not defined on instance. 
  at <ChatView onVnodeUnmounted=fn<onVnodeUnmounted> ref=Ref< Proxy(Object) > > 
  at <RouterView> 
  at <App> @ http://localhost:5173/node_modules/.vite/deps/chunk-MYEHH3VS.js?v=cf2b15a6:2194
[  122749ms] [WARNING] [Vue warn]: Property "editingMessageContent" was accessed during render but is not defined on instance. 
  at <ChatView onVnodeUnmounted=fn<onVnodeUnmounted> ref=Ref< Proxy(Object) > > 
  at <RouterView> 
  at <App> @ http://localhost:5173/node_modules/.vite/deps/chunk-MYEHH3VS.js?v=cf2b15a6:2194
[  122851ms] [WARNING] [Vue warn]: Property "editingMessageIndex" was accessed during render but is not defined on instance. 
  at <ChatView onVnodeUnmounted=fn<onVnodeUnmounted> ref=Ref< Proxy(Object) > > 
  at <RouterView> 
  at <App> @ http://localhost:5173/node_modules/.vite/deps/chunk-MYEHH3VS.js?v=cf2b15a6:2194
[  122851ms] [WARNING] [Vue warn]: Property "editingMessageContent" was accessed during render but is not defined on instance. 
  at <ChatView onVnodeUnmounted=fn<onVnodeUnmounted> ref=Ref< Proxy(Object) > > 
  at <RouterView> 
  at <App> @ http://localhost:5173/node_modules/.vite/deps/chunk-MYEHH3VS.js?v=cf2b15a6:2194
[  122851ms] [WARNING] [Vue warn]: Property "editingMessageIndex" was accessed during render but is not defined on instance. 
  at <ChatView onVnodeUnmounted=fn<onVnodeUnmounted> ref=Ref< Proxy(Object) > > 
  at <RouterView> 
  at <App> @ http://localhost:5173/node_modules/.vite/deps/chunk-MYEHH3VS.js?v=cf2b15a6:2194
[  122852ms] [WARNING] [Vue warn]: Property "editingMessageContent" was accessed during render but is not defined on instance. 
  at <ChatView onVnodeUnmounted=fn<onVnodeUnmounted> ref=Ref< Proxy(Object) > > 
  at <RouterView> 
  at <App> @ http://localhost:5173/node_modules/.vite/deps/chunk-MYEHH3VS.js?v=cf2b15a6:2194
[  122955ms] [WARNING] [Vue warn]: Property "editingMessageIndex" was accessed during render but is not defined on instance. 
  at <ChatView onVnodeUnmounted=fn<onVnodeUnmounted> ref=Ref< Proxy(Object) > > 
  at <RouterView> 
  at <App> @ http://localhost:5173/node_modules/.vite/deps/chunk-MYEHH3VS.js?v=cf2b15a6:2194
[  122956ms] [WARNING] [Vue warn]: Property "editingMessageContent" was accessed during render but is not defined on instance. 
  at <ChatView onVnodeUnmounted=fn<onVnodeUnmounted> ref=Ref< Proxy(Object) > > 
  at <RouterView> 
  at <App> @ http://localhost:5173/node_modules/.vite/deps/chunk-MYEHH3VS.js?v=cf2b15a6:2194
[  122956ms] [WARNING] [Vue warn]: Property "editingMessageIndex" was accessed during render but is not defined on instance. 
  at <ChatView onVnodeUnmounted=fn<onVnodeUnmounted> ref=Ref< Proxy(Object) > > 
  at <RouterView> 
  at <App> @ http://localhost:5173/node_modules/.vite/deps/chunk-MYEHH3VS.js?v=cf2b15a6:2194
[  122956ms] [WARNING] [Vue warn]: Property "editingMessageContent" was accessed during render but is not defined on instance. 
  at <ChatView onVnodeUnmounted=fn<onVnodeUnmounted> ref=Ref< Proxy(Object) > > 
  at <RouterView> 
  at <App> @ http://localhost:5173/node_modules/.vite/deps/chunk-MYEHH3VS.js?v=cf2b15a6:2194
[  123055ms] [WARNING] [Vue warn]: Property "editingMessageIndex" was accessed during render but is not defined on instance. 
  at <ChatView onVnodeUnmounted=fn<onVnodeUnmounted> ref=Ref< Proxy(Object) > > 
  at <RouterView> 
  at <App> @ http://localhost:5173/node_modules/.vite/deps/chunk-MYEHH3VS.js?v=cf2b15a6:2194
[  123055ms] [WARNING] [Vue warn]: Property "editingMessageContent" was accessed during render but is not defined on instance. 
  at <ChatView onVnodeUnmounted=fn<onVnodeUnmounted> ref=Ref< Proxy(Object) > > 
  at <RouterView> 
  at <App> @ http://localhost:5173/node_modules/.vite/deps/chunk-MYEHH3VS.js?v=cf2b15a6:2194
[  123056ms] [WARNING] [Vue warn]: Property "editingMessageIndex" was accessed during render but is not defined on instance. 
  at <ChatView onVnodeUnmounted=fn<onVnodeUnmounted> ref=Ref< Proxy(Object) > > 
  at <RouterView> 
  at <App> @ http://localhost:5173/node_modules/.vite/deps/chunk-MYEHH3VS.js?v=cf2b15a6:2194
[  123056ms] [WARNING] [Vue warn]: Property "editingMessageContent" was accessed during render but is not defined on instance. 
  at <ChatView onVnodeUnmounted=fn<onVnodeUnmounted> ref=Ref< Proxy(Object) > > 
  at <RouterView> 
  at <App> @ http://localhost:5173/node_modules/.vite/deps/chunk-MYEHH3VS.js?v=cf2b15a6:2194
[  123150ms] [WARNING] [Vue warn]: Property "editingMessageIndex" was accessed during render but is not defined on instance. 
  at <ChatView onVnodeUnmounted=fn<onVnodeUnmounted> ref=Ref< Proxy(Object) > > 
  at <RouterView> 
  at <App> @ http://localhost:5173/node_modules/.vite/deps/chunk-MYEHH3VS.js?v=cf2b15a6:2194
[  123151ms] [WARNING] [Vue warn]: Property "editingMessageContent" was accessed during render but is not defined on instance. 
  at <ChatView onVnodeUnmounted=fn<onVnodeUnmounted> ref=Ref< Proxy(Object) > > 
  at <RouterView> 
  at <App> @ http://localhost:5173/node_modules/.vite/deps/chunk-MYEHH3VS.js?v=cf2b15a6:2194
[  123151ms] [WARNING] [Vue warn]: Property "editingMessageIndex" was accessed during render but is not defined on instance. 
  at <ChatView onVnodeUnmounted=fn<onVnodeUnmounted> ref=Ref< Proxy(Object) > > 
  at <RouterView> 
  at <App> @ http://localhost:5173/node_modules/.vite/deps/chunk-MYEHH3VS.js?v=cf2b15a6:2194
[  123151ms] [WARNING] [Vue warn]: Property "editingMessageContent" was accessed during render but is not defined on instance. 
  at <ChatView onVnodeUnmounted=fn<onVnodeUnmounted> ref=Ref< Proxy(Object) > > 
  at <RouterView> 
  at <App> @ http://localhost:5173/node_modules/.vite/deps/chunk-MYEHH3VS.js?v=cf2b15a6:2194
[  123253ms] [WARNING] [Vue warn]: Property "editingMessageIndex" was accessed during render but is not defined on instance. 
  at <ChatView onVnodeUnmounted=fn<onVnodeUnmounted> ref=Ref< Proxy(Object) > > 
  at <RouterView> 
  at <App> @ http://localhost:5173/node_modules/.vite/deps/chunk-MYEHH3VS.js?v=cf2b15a6:2194
[  123253ms] [WARNING] [Vue warn]: Property "editingMessageContent" was accessed during render but is not defined on instance. 
  at <ChatView onVnodeUnmounted=fn<onVnodeUnmounted> ref=Ref< Proxy(Object) > > 
  at <RouterView> 
  at <App> @ http://localhost:5173/node_modules/.vite/deps/chunk-MYEHH3VS.js?v=cf2b15a6:2194
[  123254ms] [WARNING] [Vue warn]: Property "editingMessageIndex" was accessed during render but is not defined on instance. 
  at <ChatView onVnodeUnmounted=fn<onVnodeUnmounted> ref=Ref< Proxy(Object) > > 
  at <RouterView> 
  at <App> @ http://localhost:5173/node_modules/.vite/deps/chunk-MYEHH3VS.js?v=cf2b15a6:2194
[  123254ms] [WARNING] [Vue warn]: Property "editingMessageContent" was accessed during render but is not defined on instance. 
  at <ChatView onVnodeUnmounted=fn<onVnodeUnmounted> ref=Ref< Proxy(Object) > > 
  at <RouterView> 
  at <App> @ http://localhost:5173/node_modules/.vite/deps/chunk-MYEHH3VS.js?v=cf2b15a6:2194
[  123349ms] [WARNING] [Vue warn]: Property "editingMessageIndex" was accessed during render but is not defined on instance. 
  at <ChatView onVnodeUnmounted=fn<onVnodeUnmounted> ref=Ref< Proxy(Object) > > 
  at <RouterView> 
  at <App> @ http://localhost:5173/node_modules/.vite/deps/chunk-MYEHH3VS.js?v=cf2b15a6:2194
[  123349ms] [WARNING] [Vue warn]: Property "editingMessageContent" was accessed during render but is not defined on instance. 
  at <ChatView onVnodeUnmounted=fn<onVnodeUnmounted> ref=Ref< Proxy(Object) > > 
  at <RouterView> 
  at <App> @ http://localhost:5173/node_modules/.vite/deps/chunk-MYEHH3VS.js?v=cf2b15a6:2194
[  123350ms] [WARNING] [Vue warn]: Property "editingMessageIndex" was accessed during render but is not defined on instance. 
  at <ChatView onVnodeUnmounted=fn<onVnodeUnmounted> ref=Ref< Proxy(Object) > > 
  at <RouterView> 
  at <App> @ http://localhost:5173/node_modules/.vite/deps/chunk-MYEHH3VS.js?v=cf2b15a6:2194
[  123350ms] [WARNING] [Vue warn]: Property "editingMessageContent" was accessed during render but is not defined on instance. 
  at <ChatView onVnodeUnmounted=fn<onVnodeUnmounted> ref=Ref< Proxy(Object) > > 
  at <RouterView> 
  at <App> @ http://localhost:5173/node_modules/.vite/deps/chunk-MYEHH3VS.js?v=cf2b15a6:2194
[  123451ms] [WARNING] [Vue warn]: Property "editingMessageIndex" was accessed during render but is not defined on instance. 
  at <ChatView onVnodeUnmounted=fn<onVnodeUnmounted> ref=Ref< Proxy(Object) > > 
  at <RouterView> 
  at <App> @ http://localhost:5173/node_modules/.vite/deps/chunk-MYEHH3VS.js?v=cf2b15a6:2194
[  123451ms] [WARNING] [Vue warn]: Property "editingMessageContent" was accessed during render but is not defined on instance. 
  at <ChatView onVnodeUnmounted=fn<onVnodeUnmounted> ref=Ref< Proxy(Object) > > 
  at <RouterView> 
  at <App> @ http://localhost:5173/node_modules/.vite/deps/chunk-MYEHH3VS.js?v=cf2b15a6:2194
[  123452ms] [WARNING] [Vue warn]: Property "editingMessageIndex" was accessed during render but is not defined on instance. 
  at <ChatView onVnodeUnmounted=fn<onVnodeUnmounted> ref=Ref< Proxy(Object) > > 
  at <RouterView> 
  at <App> @ http://localhost:5173/node_modules/.vite/deps/chunk-MYEHH3VS.js?v=cf2b15a6:2194
[  123452ms] [WARNING] [Vue warn]: Property "editingMessageContent" was accessed during render but is not defined on instance. 
  at <ChatView onVnodeUnmounted=fn<onVnodeUnmounted> ref=Ref< Proxy(Object) > > 
  at <RouterView> 
  at <App> @ http://localhost:5173/node_modules/.vite/deps/chunk-MYEHH3VS.js?v=cf2b15a6:2194
[  123557ms] [WARNING] [Vue warn]: Property "editingMessageIndex" was accessed during render but is not defined on instance. 
  at <ChatView onVnodeUnmounted=fn<onVnodeUnmounted> ref=Ref< Proxy(Object) > > 
  at <RouterView> 
  at <App> @ http://localhost:5173/node_modules/.vite/deps/chunk-MYEHH3VS.js?v=cf2b15a6:2194
[  123558ms] [WARNING] [Vue warn]: Property "editingMessageContent" was accessed during render but is not defined on instance. 
  at <ChatView onVnodeUnmounted=fn<onVnodeUnmounted> ref=Ref< Proxy(Object) > > 
  at <RouterView> 
  at <App> @ http://localhost:5173/node_modules/.vite/deps/chunk-MYEHH3VS.js?v=cf2b15a6:2194
[  123558ms] [WARNING] [Vue warn]: Property "editingMessageIndex" was accessed during render but is not defined on instance. 
  at <ChatView onVnodeUnmounted=fn<onVnodeUnmounted> ref=Ref< Proxy(Object) > > 
  at <RouterView> 
  at <App> @ http://localhost:5173/node_modules/.vite/deps/chunk-MYEHH3VS.js?v=cf2b15a6:2194
[  123558ms] [WARNING] [Vue warn]: Property "editingMessageContent" was accessed during render but is not defined on instance. 
  at <ChatView onVnodeUnmounted=fn<onVnodeUnmounted> ref=Ref< Proxy(Object) > > 
  at <RouterView> 
  at <App> @ http://localhost:5173/node_modules/.vite/deps/chunk-MYEHH3VS.js?v=cf2b15a6:2194
[  123657ms] [WARNING] [Vue warn]: Property "editingMessageIndex" was accessed during render but is not defined on instance. 
  at <ChatView onVnodeUnmounted=fn<onVnodeUnmounted> ref=Ref< Proxy(Object) > > 
  at <RouterView> 
  at <App> @ http://localhost:5173/node_modules/.vite/deps/chunk-MYEHH3VS.js?v=cf2b15a6:2194
[  123658ms] [WARNING] [Vue warn]: Property "editingMessageContent" was accessed during render but is not defined on instance. 
  at <ChatView onVnodeUnmounted=fn<onVnodeUnmounted> ref=Ref< Proxy(Object) > > 
  at <RouterView> 
  at <App> @ http://localhost:5173/node_modules/.vite/deps/chunk-MYEHH3VS.js?v=cf2b15a6:2194
[  123659ms] [WARNING] [Vue warn]: Property "editingMessageIndex" was accessed during render but is not defined on instance. 
  at <ChatView onVnodeUnmounted=fn<onVnodeUnmounted> ref=Ref< Proxy(Object) > > 
  at <RouterView> 
  at <App> @ http://localhost:5173/node_modules/.vite/deps/chunk-MYEHH3VS.js?v=cf2b15a6:2194
[  123659ms] [WARNING] [Vue warn]: Property "editingMessageContent" was accessed during render but is not defined on instance. 
  at <ChatView onVnodeUnmounted=fn<onVnodeUnmounted> ref=Ref< Proxy(Object) > > 
  at <RouterView> 
  at <App> @ http://localhost:5173/node_modules/.vite/deps/chunk-MYEHH3VS.js?v=cf2b15a6:2194
[  123756ms] [WARNING] [Vue warn]: Property "editingMessageIndex" was accessed during render but is not defined on instance. 
  at <ChatView onVnodeUnmounted=fn<onVnodeUnmounted> ref=Ref< Proxy(Object) > > 
  at <RouterView> 
  at <App> @ http://localhost:5173/node_modules/.vite/deps/chunk-MYEHH3VS.js?v=cf2b15a6:2194
[  123757ms] [WARNING] [Vue warn]: Property "editingMessageContent" was accessed during render but is not defined on instance. 
  at <ChatView onVnodeUnmounted=fn<onVnodeUnmounted> ref=Ref< Proxy(Object) > > 
  at <RouterView> 
  at <App> @ http://localhost:5173/node_modules/.vite/deps/chunk-MYEHH3VS.js?v=cf2b15a6:2194
[  123757ms] [WARNING] [Vue warn]: Property "editingMessageIndex" was accessed during render but is not defined on instance. 
  at <ChatView onVnodeUnmounted=fn<onVnodeUnmounted> ref=Ref< Proxy(Object) > > 
  at <RouterView> 
  at <App> @ http://localhost:5173/node_modules/.vite/deps/chunk-MYEHH3VS.js?v=cf2b15a6:2194
[  123757ms] [WARNING] [Vue warn]: Property "editingMessageContent" was accessed during render but is not defined on instance. 
  at <ChatView onVnodeUnmounted=fn<onVnodeUnmounted> ref=Ref< Proxy(Object) > > 
  at <RouterView> 
  at <App> @ http://localhost:5173/node_modules/.vite/deps/chunk-MYEHH3VS.js?v=cf2b15a6:2194
[  123861ms] [WARNING] [Vue warn]: Property "editingMessageIndex" was accessed during render but is not defined on instance. 
  at <ChatView onVnodeUnmounted=fn<onVnodeUnmounted> ref=Ref< Proxy(Object) > > 
  at <RouterView> 
  at <App> @ http://localhost:5173/node_modules/.vite/deps/chunk-MYEHH3VS.js?v=cf2b15a6:2194
[  123861ms] [WARNING] [Vue warn]: Property "editingMessageContent" was accessed during render but is not defined on instance. 
  at <ChatView onVnodeUnmounted=fn<onVnodeUnmounted> ref=Ref< Proxy(Object) > > 
  at <RouterView> 
  at <App> @ http://localhost:5173/node_modules/.vite/deps/chunk-MYEHH3VS.js?v=cf2b15a6:2194
[  123861ms] [WARNING] [Vue warn]: Property "editingMessageIndex" was accessed during render but is not defined on instance. 
  at <ChatView onVnodeUnmounted=fn<onVnodeUnmounted> ref=Ref< Proxy(Object) > > 
  at <RouterView> 
  at <App> @ http://localhost:5173/node_modules/.vite/deps/chunk-MYEHH3VS.js?v=cf2b15a6:2194
[  123862ms] [WARNING] [Vue warn]: Property "editingMessageContent" was accessed during render but is not defined on instance. 
  at <ChatView onVnodeUnmounted=fn<onVnodeUnmounted> ref=Ref< Proxy(Object) > > 
  at <RouterView> 
  at <App> @ http://localhost:5173/node_modules/.vite/deps/chunk-MYEHH3VS.js?v=cf2b15a6:2194
[  123960ms] [WARNING] [Vue warn]: Property "editingMessageIndex" was accessed during render but is not defined on instance. 
  at <ChatView onVnodeUnmounted=fn<onVnodeUnmounted> ref=Ref< Proxy(Object) > > 
  at <RouterView> 
  at <App> @ http://localhost:5173/node_modules/.vite/deps/chunk-MYEHH3VS.js?v=cf2b15a6:2194
[  123961ms] [WARNING] [Vue warn]: Property "editingMessageContent" was accessed during render but is not defined on instance. 
  at <ChatView onVnodeUnmounted=fn<onVnodeUnmounted> ref=Ref< Proxy(Object) > > 
  at <RouterView> 
  at <App> @ http://localhost:5173/node_modules/.vite/deps/chunk-MYEHH3VS.js?v=cf2b15a6:2194
[  123961ms] [WARNING] [Vue warn]: Property "editingMessageIndex" was accessed during render but is not defined on instance. 
  at <ChatView onVnodeUnmounted=fn<onVnodeUnmounted> ref=Ref< Proxy(Object) > > 
  at <RouterView> 
  at <App> @ http://localhost:5173/node_modules/.vite/deps/chunk-MYEHH3VS.js?v=cf2b15a6:2194
[  123962ms] [WARNING] [Vue warn]: Property "editingMessageContent" was accessed during render but is not defined on instance. 
  at <ChatView onVnodeUnmounted=fn<onVnodeUnmounted> ref=Ref< Proxy(Object) > > 
  at <RouterView> 
  at <App> @ http://localhost:5173/node_modules/.vite/deps/chunk-MYEHH3VS.js?v=cf2b15a6:2194
[  124061ms] [WARNING] [Vue warn]: Property "editingMessageIndex" was accessed during render but is not defined on instance. 
  at <ChatView onVnodeUnmounted=fn<onVnodeUnmounted> ref=Ref< Proxy(Object) > > 
  at <RouterView> 
  at <App> @ http://localhost:5173/node_modules/.vite/deps/chunk-MYEHH3VS.js?v=cf2b15a6:2194
[  124062ms] [WARNING] [Vue warn]: Property "editingMessageContent" was accessed during render but is not defined on instance. 
  at <ChatView onVnodeUnmounted=fn<onVnodeUnmounted> ref=Ref< Proxy(Object) > > 
  at <RouterView> 
  at <App> @ http://localhost:5173/node_modules/.vite/deps/chunk-MYEHH3VS.js?v=cf2b15a6:2194
[  124062ms] [WARNING] [Vue warn]: Property "editingMessageIndex" was accessed during render but is not defined on instance. 
  at <ChatView onVnodeUnmounted=fn<onVnodeUnmounted> ref=Ref< Proxy(Object) > > 
  at <RouterView> 
  at <App> @ http://localhost:5173/node_modules/.vite/deps/chunk-MYEHH3VS.js?v=cf2b15a6:2194
[  124062ms] [WARNING] [Vue warn]: Property "editingMessageContent" was accessed during render but is not defined on instance. 
  at <ChatView onVnodeUnmounted=fn<onVnodeUnmounted> ref=Ref< Proxy(Object) > > 
  at <RouterView> 
  at <App> @ http://localhost:5173/node_modules/.vite/deps/chunk-MYEHH3VS.js?v=cf2b15a6:2194
[  124190ms] [WARNING] [Vue warn]: Property "editingMessageIndex" was accessed during render but is not defined on instance. 
  at <ChatView onVnodeUnmounted=fn<onVnodeUnmounted> ref=Ref< Proxy(Object) > > 
  at <RouterView> 
  at <App> @ http://localhost:5173/node_modules/.vite/deps/chunk-MYEHH3VS.js?v=cf2b15a6:2194
[  124190ms] [WARNING] [Vue warn]: Property "editingMessageContent" was accessed during render but is not defined on instance. 
  at <ChatView onVnodeUnmounted=fn<onVnodeUnmounted> ref=Ref< Proxy(Object) > > 
  at <RouterView> 
  at <App> @ http://localhost:5173/node_modules/.vite/deps/chunk-MYEHH3VS.js?v=cf2b15a6:2194
[  124190ms] [WARNING] [Vue warn]: Property "editingMessageIndex" was accessed during render but is not defined on instance. 
  at <ChatView onVnodeUnmounted=fn<onVnodeUnmounted> ref=Ref< Proxy(Object) > > 
  at <RouterView> 
  at <App> @ http://localhost:5173/node_modules/.vite/deps/chunk-MYEHH3VS.js?v=cf2b15a6:2194
[  124191ms] [WARNING] [Vue warn]: Property "editingMessageContent" was accessed during render but is not defined on instance. 
  at <ChatView onVnodeUnmounted=fn<onVnodeUnmounted> ref=Ref< Proxy(Object) > > 
  at <RouterView> 
  at <App> @ http://localhost:5173/node_modules/.vite/deps/chunk-MYEHH3VS.js?v=cf2b15a6:2194
[  124293ms] [WARNING] [Vue warn]: Property "editingMessageIndex" was accessed during render but is not defined on instance. 
  at <ChatView onVnodeUnmounted=fn<onVnodeUnmounted> ref=Ref< Proxy(Object) > > 
  at <RouterView> 
  at <App> @ http://localhost:5173/node_modules/.vite/deps/chunk-MYEHH3VS.js?v=cf2b15a6:2194
[  124294ms] [WARNING] [Vue warn]: Property "editingMessageContent" was accessed during render but is not defined on instance. 
  at <ChatView onVnodeUnmounted=fn<onVnodeUnmounted> ref=Ref< Proxy(Object) > > 
  at <RouterView> 
  at <App> @ http://localhost:5173/node_modules/.vite/deps/chunk-MYEHH3VS.js?v=cf2b15a6:2194
[  124294ms] [WARNING] [Vue warn]: Property "editingMessageIndex" was accessed during render but is not defined on instance. 
  at <ChatView onVnodeUnmounted=fn<onVnodeUnmounted> ref=Ref< Proxy(Object) > > 
  at <RouterView> 
  at <App> @ http://localhost:5173/node_modules/.vite/deps/chunk-MYEHH3VS.js?v=cf2b15a6:2194
[  124294ms] [WARNING] [Vue warn]: Property "editingMessageContent" was accessed during render but is not defined on instance. 
  at <ChatView onVnodeUnmounted=fn<onVnodeUnmounted> ref=Ref< Proxy(Object) > > 
  at <RouterView> 
  at <App> @ http://localhost:5173/node_modules/.vite/deps/chunk-MYEHH3VS.js?v=cf2b15a6:2194
[  124398ms] [WARNING] [Vue warn]: Property "editingMessageIndex" was accessed during render but is not defined on instance. 
  at <ChatView onVnodeUnmounted=fn<onVnodeUnmounted> ref=Ref< Proxy(Object) > > 
  at <RouterView> 
  at <App> @ http://localhost:5173/node_modules/.vite/deps/chunk-MYEHH3VS.js?v=cf2b15a6:2194
[  124399ms] [WARNING] [Vue warn]: Property "editingMessageContent" was accessed during render but is not defined on instance. 
  at <ChatView onVnodeUnmounted=fn<onVnodeUnmounted> ref=Ref< Proxy(Object) > > 
  at <RouterView> 
  at <App> @ http://localhost:5173/node_modules/.vite/deps/chunk-MYEHH3VS.js?v=cf2b15a6:2194
[  124399ms] [WARNING] [Vue warn]: Property "editingMessageIndex" was accessed during render but is not defined on instance. 
  at <ChatView onVnodeUnmounted=fn<onVnodeUnmounted> ref=Ref< Proxy(Object) > > 
  at <RouterView> 
  at <App> @ http://localhost:5173/node_modules/.vite/deps/chunk-MYEHH3VS.js?v=cf2b15a6:2194
[  124399ms] [WARNING] [Vue warn]: Property "editingMessageContent" was accessed during render but is not defined on instance. 
  at <ChatView onVnodeUnmounted=fn<onVnodeUnmounted> ref=Ref< Proxy(Object) > > 
  at <RouterView> 
  at <App> @ http://localhost:5173/node_modules/.vite/deps/chunk-MYEHH3VS.js?v=cf2b15a6:2194
[  124504ms] [WARNING] [Vue warn]: Property "editingMessageIndex" was accessed during render but is not defined on instance. 
  at <ChatView onVnodeUnmounted=fn<onVnodeUnmounted> ref=Ref< Proxy(Object) > > 
  at <RouterView> 
  at <App> @ http://localhost:5173/node_modules/.vite/deps/chunk-MYEHH3VS.js?v=cf2b15a6:2194
[  124505ms] [WARNING] [Vue warn]: Property "editingMessageContent" was accessed during render but is not defined on instance. 
  at <ChatView onVnodeUnmounted=fn<onVnodeUnmounted> ref=Ref< Proxy(Object) > > 
  at <RouterView> 
  at <App> @ http://localhost:5173/node_modules/.vite/deps/chunk-MYEHH3VS.js?v=cf2b15a6:2194
[  124506ms] [WARNING] [Vue warn]: Property "editingMessageIndex" was accessed during render but is not defined on instance. 
  at <ChatView onVnodeUnmounted=fn<onVnodeUnmounted> ref=Ref< Proxy(Object) > > 
  at <RouterView> 
  at <App> @ http://localhost:5173/node_modules/.vite/deps/chunk-MYEHH3VS.js?v=cf2b15a6:2194
[  124506ms] [WARNING] [Vue warn]: Property "editingMessageContent" was accessed during render but is not defined on instance. 
  at <ChatView onVnodeUnmounted=fn<onVnodeUnmounted> ref=Ref< Proxy(Object) > > 
  at <RouterView> 
  at <App> @ http://localhost:5173/node_modules/.vite/deps/chunk-MYEHH3VS.js?v=cf2b15a6:2194
[  124607ms] [WARNING] [Vue warn]: Property "editingMessageIndex" was accessed during render but is not defined on instance. 
  at <ChatView onVnodeUnmounted=fn<onVnodeUnmounted> ref=Ref< Proxy(Object) > > 
  at <RouterView> 
  at <App> @ http://localhost:5173/node_modules/.vite/deps/chunk-MYEHH3VS.js?v=cf2b15a6:2194
[  124607ms] [WARNING] [Vue warn]: Property "editingMessageContent" was accessed during render but is not defined on instance. 
  at <ChatView onVnodeUnmounted=fn<onVnodeUnmounted> ref=Ref< Proxy(Object) > > 
  at <RouterView> 
  at <App> @ http://localhost:5173/node_modules/.vite/deps/chunk-MYEHH3VS.js?v=cf2b15a6:2194
[  124608ms] [WARNING] [Vue warn]: Property "editingMessageIndex" was accessed during render but is not defined on instance. 
  at <ChatView onVnodeUnmounted=fn<onVnodeUnmounted> ref=Ref< Proxy(Object) > > 
  at <RouterView> 
  at <App> @ http://localhost:5173/node_modules/.vite/deps/chunk-MYEHH3VS.js?v=cf2b15a6:2194
[  124608ms] [WARNING] [Vue warn]: Property "editingMessageContent" was accessed during render but is not defined on instance. 
  at <ChatView onVnodeUnmounted=fn<onVnodeUnmounted> ref=Ref< Proxy(Object) > > 
  at <RouterView> 
  at <App> @ http://localhost:5173/node_modules/.vite/deps/chunk-MYEHH3VS.js?v=cf2b15a6:2194
[  124709ms] [WARNING] [Vue warn]: Property "editingMessageIndex" was accessed during render but is not defined on instance. 
  at <ChatView onVnodeUnmounted=fn<onVnodeUnmounted> ref=Ref< Proxy(Object) > > 
  at <RouterView> 
  at <App> @ http://localhost:5173/node_modules/.vite/deps/chunk-MYEHH3VS.js?v=cf2b15a6:2194
[  124710ms] [WARNING] [Vue warn]: Property "editingMessageContent" was accessed during render but is not defined on instance. 
  at <ChatView onVnodeUnmounted=fn<onVnodeUnmounted> ref=Ref< Proxy(Object) > > 
  at <RouterView> 
  at <App> @ http://localhost:5173/node_modules/.vite/deps/chunk-MYEHH3VS.js?v=cf2b15a6:2194
[  124710ms] [WARNING] [Vue warn]: Property "editingMessageIndex" was accessed during render but is not defined on instance. 
  at <ChatView onVnodeUnmounted=fn<onVnodeUnmounted> ref=Ref< Proxy(Object) > > 
  at <RouterView> 
  at <App> @ http://localhost:5173/node_modules/.vite/deps/chunk-MYEHH3VS.js?v=cf2b15a6:2194
[  124711ms] [WARNING] [Vue warn]: Property "editingMessageContent" was accessed during render but is not defined on instance. 
  at <ChatView onVnodeUnmounted=fn<onVnodeUnmounted> ref=Ref< Proxy(Object) > > 
  at <RouterView> 
  at <App> @ http://localhost:5173/node_modules/.vite/deps/chunk-MYEHH3VS.js?v=cf2b15a6:2194
[  124811ms] [WARNING] [Vue warn]: Property "editingMessageIndex" was accessed during render but is not defined on instance. 
  at <ChatView onVnodeUnmounted=fn<onVnodeUnmounted> ref=Ref< Proxy(Object) > > 
  at <RouterView> 
  at <App> @ http://localhost:5173/node_modules/.vite/deps/chunk-MYEHH3VS.js?v=cf2b15a6:2194
[  124812ms] [WARNING] [Vue warn]: Property "editingMessageContent" was accessed during render but is not defined on instance. 
  at <ChatView onVnodeUnmounted=fn<onVnodeUnmounted> ref=Ref< Proxy(Object) > > 
  at <RouterView> 
  at <App> @ http://localhost:5173/node_modules/.vite/deps/chunk-MYEHH3VS.js?v=cf2b15a6:2194
[  124812ms] [WARNING] [Vue warn]: Property "editingMessageIndex" was accessed during render but is not defined on instance. 
  at <ChatView onVnodeUnmounted=fn<onVnodeUnmounted> ref=Ref< Proxy(Object) > > 
  at <RouterView> 
  at <App> @ http://localhost:5173/node_modules/.vite/deps/chunk-MYEHH3VS.js?v=cf2b15a6:2194
[  124812ms] [WARNING] [Vue warn]: Property "editingMessageContent" was accessed during render but is not defined on instance. 
  at <ChatView onVnodeUnmounted=fn<onVnodeUnmounted> ref=Ref< Proxy(Object) > > 
  at <RouterView> 
  at <App> @ http://localhost:5173/node_modules/.vite/deps/chunk-MYEHH3VS.js?v=cf2b15a6:2194
[  124919ms] [WARNING] [Vue warn]: Property "editingMessageIndex" was accessed during render but is not defined on instance. 
  at <ChatView onVnodeUnmounted=fn<onVnodeUnmounted> ref=Ref< Proxy(Object) > > 
  at <RouterView> 
  at <App> @ http://localhost:5173/node_modules/.vite/deps/chunk-MYEHH3VS.js?v=cf2b15a6:2194
[  124920ms] [WARNING] [Vue warn]: Property "editingMessageContent" was accessed during render but is not defined on instance. 
  at <ChatView onVnodeUnmounted=fn<onVnodeUnmounted> ref=Ref< Proxy(Object) > > 
  at <RouterView> 
  at <App> @ http://localhost:5173/node_modules/.vite/deps/chunk-MYEHH3VS.js?v=cf2b15a6:2194
[  124920ms] [WARNING] [Vue warn]: Property "editingMessageIndex" was accessed during render but is not defined on instance. 
  at <ChatView onVnodeUnmounted=fn<onVnodeUnmounted> ref=Ref< Proxy(Object) > > 
  at <RouterView> 
  at <App> @ http://localhost:5173/node_modules/.vite/deps/chunk-MYEHH3VS.js?v=cf2b15a6:2194
[  124921ms] [WARNING] [Vue warn]: Property "editingMessageContent" was accessed during render but is not defined on instance. 
  at <ChatView onVnodeUnmounted=fn<onVnodeUnmounted> ref=Ref< Proxy(Object) > > 
  at <RouterView> 
  at <App> @ http://localhost:5173/node_modules/.vite/deps/chunk-MYEHH3VS.js?v=cf2b15a6:2194
[  125024ms] [WARNING] [Vue warn]: Property "editingMessageIndex" was accessed during render but is not defined on instance. 
  at <ChatView onVnodeUnmounted=fn<onVnodeUnmounted> ref=Ref< Proxy(Object) > > 
  at <RouterView> 
  at <App> @ http://localhost:5173/node_modules/.vite/deps/chunk-MYEHH3VS.js?v=cf2b15a6:2194
[  125024ms] [WARNING] [Vue warn]: Property "editingMessageContent" was accessed during render but is not defined on instance. 
  at <ChatView onVnodeUnmounted=fn<onVnodeUnmounted> ref=Ref< Proxy(Object) > > 
  at <RouterView> 
  at <App> @ http://localhost:5173/node_modules/.vite/deps/chunk-MYEHH3VS.js?v=cf2b15a6:2194
[  125025ms] [WARNING] [Vue warn]: Property "editingMessageIndex" was accessed during render but is not defined on instance. 
  at <ChatView onVnodeUnmounted=fn<onVnodeUnmounted> ref=Ref< Proxy(Object) > > 
  at <RouterView> 
  at <App> @ http://localhost:5173/node_modules/.vite/deps/chunk-MYEHH3VS.js?v=cf2b15a6:2194
[  125025ms] [WARNING] [Vue warn]: Property "editingMessageContent" was accessed during render but is not defined on instance. 
  at <ChatView onVnodeUnmounted=fn<onVnodeUnmounted> ref=Ref< Proxy(Object) > > 
  at <RouterView> 
  at <App> @ http://localhost:5173/node_modules/.vite/deps/chunk-MYEHH3VS.js?v=cf2b15a6:2194
[  125126ms] [WARNING] [Vue warn]: Property "editingMessageIndex" was accessed during render but is not defined on instance. 
  at <ChatView onVnodeUnmounted=fn<onVnodeUnmounted> ref=Ref< Proxy(Object) > > 
  at <RouterView> 
  at <App> @ http://localhost:5173/node_modules/.vite/deps/chunk-MYEHH3VS.js?v=cf2b15a6:2194
[  125127ms] [WARNING] [Vue warn]: Property "editingMessageContent" was accessed during render but is not defined on instance. 
  at <ChatView onVnodeUnmounted=fn<onVnodeUnmounted> ref=Ref< Proxy(Object) > > 
  at <RouterView> 
  at <App> @ http://localhost:5173/node_modules/.vite/deps/chunk-MYEHH3VS.js?v=cf2b15a6:2194
[  125127ms] [WARNING] [Vue warn]: Property "editingMessageIndex" was accessed during render but is not defined on instance. 
  at <ChatView onVnodeUnmounted=fn<onVnodeUnmounted> ref=Ref< Proxy(Object) > > 
  at <RouterView> 
  at <App> @ http://localhost:5173/node_modules/.vite/deps/chunk-MYEHH3VS.js?v=cf2b15a6:2194
[  125128ms] [WARNING] [Vue warn]: Property "editingMessageContent" was accessed during render but is not defined on instance. 
  at <ChatView onVnodeUnmounted=fn<onVnodeUnmounted> ref=Ref< Proxy(Object) > > 
  at <RouterView> 
  at <App> @ http://localhost:5173/node_modules/.vite/deps/chunk-MYEHH3VS.js?v=cf2b15a6:2194
[  125229ms] [WARNING] [Vue warn]: Property "editingMessageIndex" was accessed during render but is not defined on instance. 
  at <ChatView onVnodeUnmounted=fn<onVnodeUnmounted> ref=Ref< Proxy(Object) > > 
  at <RouterView> 
  at <App> @ http://localhost:5173/node_modules/.vite/deps/chunk-MYEHH3VS.js?v=cf2b15a6:2194
[  125229ms] [WARNING] [Vue warn]: Property "editingMessageContent" was accessed during render but is not defined on instance. 
  at <ChatView onVnodeUnmounted=fn<onVnodeUnmounted> ref=Ref< Proxy(Object) > > 
  at <RouterView> 
  at <App> @ http://localhost:5173/node_modules/.vite/deps/chunk-MYEHH3VS.js?v=cf2b15a6:2194
[  125229ms] [WARNING] [Vue warn]: Property "editingMessageIndex" was accessed during render but is not defined on instance. 
  at <ChatView onVnodeUnmounted=fn<onVnodeUnmounted> ref=Ref< Proxy(Object) > > 
  at <RouterView> 
  at <App> @ http://localhost:5173/node_modules/.vite/deps/chunk-MYEHH3VS.js?v=cf2b15a6:2194
[  125230ms] [WARNING] [Vue warn]: Property "editingMessageContent" was accessed during render but is not defined on instance. 
  at <ChatView onVnodeUnmounted=fn<onVnodeUnmounted> ref=Ref< Proxy(Object) > > 
  at <RouterView> 
  at <App> @ http://localhost:5173/node_modules/.vite/deps/chunk-MYEHH3VS.js?v=cf2b15a6:2194
[  125333ms] [WARNING] [Vue warn]: Property "editingMessageIndex" was accessed during render but is not defined on instance. 
  at <ChatView onVnodeUnmounted=fn<onVnodeUnmounted> ref=Ref< Proxy(Object) > > 
  at <RouterView> 
  at <App> @ http://localhost:5173/node_modules/.vite/deps/chunk-MYEHH3VS.js?v=cf2b15a6:2194
[  125333ms] [WARNING] [Vue warn]: Property "editingMessageContent" was accessed during render but is not defined on instance. 
  at <ChatView onVnodeUnmounted=fn<onVnodeUnmounted> ref=Ref< Proxy(Object) > > 
  at <RouterView> 
  at <App> @ http://localhost:5173/node_modules/.vite/deps/chunk-MYEHH3VS.js?v=cf2b15a6:2194
[  125333ms] [WARNING] [Vue warn]: Property "editingMessageIndex" was accessed during render but is not defined on instance. 
  at <ChatView onVnodeUnmounted=fn<onVnodeUnmounted> ref=Ref< Proxy(Object) > > 
  at <RouterView> 
  at <App> @ http://localhost:5173/node_modules/.vite/deps/chunk-MYEHH3VS.js?v=cf2b15a6:2194
[  125334ms] [WARNING] [Vue warn]: Property "editingMessageContent" was accessed during render but is not defined on instance. 
  at <ChatView onVnodeUnmounted=fn<onVnodeUnmounted> ref=Ref< Proxy(Object) > > 
  at <RouterView> 
  at <App> @ http://localhost:5173/node_modules/.vite/deps/chunk-MYEHH3VS.js?v=cf2b15a6:2194
[  125434ms] [WARNING] [Vue warn]: Property "editingMessageIndex" was accessed during render but is not defined on instance. 
  at <ChatView onVnodeUnmounted=fn<onVnodeUnmounted> ref=Ref< Proxy(Object) > > 
  at <RouterView> 
  at <App> @ http://localhost:5173/node_modules/.vite/deps/chunk-MYEHH3VS.js?v=cf2b15a6:2194
[  125434ms] [WARNING] [Vue warn]: Property "editingMessageContent" was accessed during render but is not defined on instance. 
  at <ChatView onVnodeUnmounted=fn<onVnodeUnmounted> ref=Ref< Proxy(Object) > > 
  at <RouterView> 
  at <App> @ http://localhost:5173/node_modules/.vite/deps/chunk-MYEHH3VS.js?v=cf2b15a6:2194
[  125435ms] [WARNING] [Vue warn]: Property "editingMessageIndex" was accessed during render but is not defined on instance. 
  at <ChatView onVnodeUnmounted=fn<onVnodeUnmounted> ref=Ref< Proxy(Object) > > 
  at <RouterView> 
  at <App> @ http://localhost:5173/node_modules/.vite/deps/chunk-MYEHH3VS.js?v=cf2b15a6:2194
[  125435ms] [WARNING] [Vue warn]: Property "editingMessageContent" was accessed during render but is not defined on instance. 
  at <ChatView onVnodeUnmounted=fn<onVnodeUnmounted> ref=Ref< Proxy(Object) > > 
  at <RouterView> 
  at <App> @ http://localhost:5173/node_modules/.vite/deps/chunk-MYEHH3VS.js?v=cf2b15a6:2194
[  125536ms] [WARNING] [Vue warn]: Property "editingMessageIndex" was accessed during render but is not defined on instance. 
  at <ChatView onVnodeUnmounted=fn<onVnodeUnmounted> ref=Ref< Proxy(Object) > > 
  at <RouterView> 
  at <App> @ http://localhost:5173/node_modules/.vite/deps/chunk-MYEHH3VS.js?v=cf2b15a6:2194
[  125537ms] [WARNING] [Vue warn]: Property "editingMessageContent" was accessed during render but is not defined on instance. 
  at <ChatView onVnodeUnmounted=fn<onVnodeUnmounted> ref=Ref< Proxy(Object) > > 
  at <RouterView> 
  at <App> @ http://localhost:5173/node_modules/.vite/deps/chunk-MYEHH3VS.js?v=cf2b15a6:2194
[  125538ms] [WARNING] [Vue warn]: Property "editingMessageIndex" was accessed during render but is not defined on instance. 
  at <ChatView onVnodeUnmounted=fn<onVnodeUnmounted> ref=Ref< Proxy(Object) > > 
  at <RouterView> 
  at <App> @ http://localhost:5173/node_modules/.vite/deps/chunk-MYEHH3VS.js?v=cf2b15a6:2194
[  125538ms] [WARNING] [Vue warn]: Property "editingMessageContent" was accessed during render but is not defined on instance. 
  at <ChatView onVnodeUnmounted=fn<onVnodeUnmounted> ref=Ref< Proxy(Object) > > 
  at <RouterView> 
  at <App> @ http://localhost:5173/node_modules/.vite/deps/chunk-MYEHH3VS.js?v=cf2b15a6:2194
[  125641ms] [WARNING] [Vue warn]: Property "editingMessageIndex" was accessed during render but is not defined on instance. 
  at <ChatView onVnodeUnmounted=fn<onVnodeUnmounted> ref=Ref< Proxy(Object) > > 
  at <RouterView> 
  at <App> @ http://localhost:5173/node_modules/.vite/deps/chunk-MYEHH3VS.js?v=cf2b15a6:2194
[  125642ms] [WARNING] [Vue warn]: Property "editingMessageContent" was accessed during render but is not defined on instance. 
  at <ChatView onVnodeUnmounted=fn<onVnodeUnmounted> ref=Ref< Proxy(Object) > > 
  at <RouterView> 
  at <App> @ http://localhost:5173/node_modules/.vite/deps/chunk-MYEHH3VS.js?v=cf2b15a6:2194
[  125642ms] [WARNING] [Vue warn]: Property "editingMessageIndex" was accessed during render but is not defined on instance. 
  at <ChatView onVnodeUnmounted=fn<onVnodeUnmounted> ref=Ref< Proxy(Object) > > 
  at <RouterView> 
  at <App> @ http://localhost:5173/node_modules/.vite/deps/chunk-MYEHH3VS.js?v=cf2b15a6:2194
[  125643ms] [WARNING] [Vue warn]: Property "editingMessageContent" was accessed during render but is not defined on instance. 
  at <ChatView onVnodeUnmounted=fn<onVnodeUnmounted> ref=Ref< Proxy(Object) > > 
  at <RouterView> 
  at <App> @ http://localhost:5173/node_modules/.vite/deps/chunk-MYEHH3VS.js?v=cf2b15a6:2194
[  125739ms] [WARNING] [Vue warn]: Property "editingMessageIndex" was accessed during render but is not defined on instance. 
  at <ChatView onVnodeUnmounted=fn<onVnodeUnmounted> ref=Ref< Proxy(Object) > > 
  at <RouterView> 
  at <App> @ http://localhost:5173/node_modules/.vite/deps/chunk-MYEHH3VS.js?v=cf2b15a6:2194
[  125739ms] [WARNING] [Vue warn]: Property "editingMessageContent" was accessed during render but is not defined on instance. 
  at <ChatView onVnodeUnmounted=fn<onVnodeUnmounted> ref=Ref< Proxy(Object) > > 
  at <RouterView> 
  at <App> @ http://localhost:5173/node_modules/.vite/deps/chunk-MYEHH3VS.js?v=cf2b15a6:2194
[  125740ms] [WARNING] [Vue warn]: Property "editingMessageIndex" was accessed during render but is not defined on instance. 
  at <ChatView onVnodeUnmounted=fn<onVnodeUnmounted> ref=Ref< Proxy(Object) > > 
  at <RouterView> 
  at <App> @ http://localhost:5173/node_modules/.vite/deps/chunk-MYEHH3VS.js?v=cf2b15a6:2194
[  125740ms] [WARNING] [Vue warn]: Property "editingMessageContent" was accessed during render but is not defined on instance. 
  at <ChatView onVnodeUnmounted=fn<onVnodeUnmounted> ref=Ref< Proxy(Object) > > 
  at <RouterView> 
  at <App> @ http://localhost:5173/node_modules/.vite/deps/chunk-MYEHH3VS.js?v=cf2b15a6:2194
[  125835ms] [WARNING] [Vue warn]: Property "editingMessageIndex" was accessed during render but is not defined on instance. 
  at <ChatView onVnodeUnmounted=fn<onVnodeUnmounted> ref=Ref< Proxy(Object) > > 
  at <RouterView> 
  at <App> @ http://localhost:5173/node_modules/.vite/deps/chunk-MYEHH3VS.js?v=cf2b15a6:2194
[  125836ms] [WARNING] [Vue warn]: Property "editingMessageContent" was accessed during render but is not defined on instance. 
  at <ChatView onVnodeUnmounted=fn<onVnodeUnmounted> ref=Ref< Proxy(Object) > > 
  at <RouterView> 
  at <App> @ http://localhost:5173/node_modules/.vite/deps/chunk-MYEHH3VS.js?v=cf2b15a6:2194
[  125836ms] [WARNING] [Vue warn]: Property "editingMessageIndex" was accessed during render but is not defined on instance. 
  at <ChatView onVnodeUnmounted=fn<onVnodeUnmounted> ref=Ref< Proxy(Object) > > 
  at <RouterView> 
  at <App> @ http://localhost:5173/node_modules/.vite/deps/chunk-MYEHH3VS.js?v=cf2b15a6:2194
[  125837ms] [WARNING] [Vue warn]: Property "editingMessageContent" was accessed during render but is not defined on instance. 
  at <ChatView onVnodeUnmounted=fn<onVnodeUnmounted> ref=Ref< Proxy(Object) > > 
  at <RouterView> 
  at <App> @ http://localhost:5173/node_modules/.vite/deps/chunk-MYEHH3VS.js?v=cf2b15a6:2194
[  125938ms] [WARNING] [Vue warn]: Property "editingMessageIndex" was accessed during render but is not defined on instance. 
  at <ChatView onVnodeUnmounted=fn<onVnodeUnmounted> ref=Ref< Proxy(Object) > > 
  at <RouterView> 
  at <App> @ http://localhost:5173/node_modules/.vite/deps/chunk-MYEHH3VS.js?v=cf2b15a6:2194
[  125938ms] [WARNING] [Vue warn]: Property "editingMessageContent" was accessed during render but is not defined on instance. 
  at <ChatView onVnodeUnmounted=fn<onVnodeUnmounted> ref=Ref< Proxy(Object) > > 
  at <RouterView> 
  at <App> @ http://localhost:5173/node_modules/.vite/deps/chunk-MYEHH3VS.js?v=cf2b15a6:2194
[  125939ms] [WARNING] [Vue warn]: Property "editingMessageIndex" was accessed during render but is not defined on instance. 
  at <ChatView onVnodeUnmounted=fn<onVnodeUnmounted> ref=Ref< Proxy(Object) > > 
  at <RouterView> 
  at <App> @ http://localhost:5173/node_modules/.vite/deps/chunk-MYEHH3VS.js?v=cf2b15a6:2194
[  125939ms] [WARNING] [Vue warn]: Property "editingMessageContent" was accessed during render but is not defined on instance. 
  at <ChatView onVnodeUnmounted=fn<onVnodeUnmounted> ref=Ref< Proxy(Object) > > 
  at <RouterView> 
  at <App> @ http://localhost:5173/node_modules/.vite/deps/chunk-MYEHH3VS.js?v=cf2b15a6:2194
[  126037ms] [WARNING] [Vue warn]: Property "editingMessageIndex" was accessed during render but is not defined on instance. 
  at <ChatView onVnodeUnmounted=fn<onVnodeUnmounted> ref=Ref< Proxy(Object) > > 
  at <RouterView> 
  at <App> @ http://localhost:5173/node_modules/.vite/deps/chunk-MYEHH3VS.js?v=cf2b15a6:2194
[  126037ms] [WARNING] [Vue warn]: Property "editingMessageContent" was accessed during render but is not defined on instance. 
  at <ChatView onVnodeUnmounted=fn<onVnodeUnmounted> ref=Ref< Proxy(Object) > > 
  at <RouterView> 
  at <App> @ http://localhost:5173/node_modules/.vite/deps/chunk-MYEHH3VS.js?v=cf2b15a6:2194
[  126038ms] [WARNING] [Vue warn]: Property "editingMessageIndex" was accessed during render but is not defined on instance. 
  at <ChatView onVnodeUnmounted=fn<onVnodeUnmounted> ref=Ref< Proxy(Object) > > 
  at <RouterView> 
  at <App> @ http://localhost:5173/node_modules/.vite/deps/chunk-MYEHH3VS.js?v=cf2b15a6:2194
[  126038ms] [WARNING] [Vue warn]: Property "editingMessageContent" was accessed during render but is not defined on instance. 
  at <ChatView onVnodeUnmounted=fn<onVnodeUnmounted> ref=Ref< Proxy(Object) > > 
  at <RouterView> 
  at <App> @ http://localhost:5173/node_modules/.vite/deps/chunk-MYEHH3VS.js?v=cf2b15a6:2194
[  126135ms] [WARNING] [Vue warn]: Property "editingMessageIndex" was accessed during render but is not defined on instance. 
  at <ChatView onVnodeUnmounted=fn<onVnodeUnmounted> ref=Ref< Proxy(Object) > > 
  at <RouterView> 
  at <App> @ http://localhost:5173/node_modules/.vite/deps/chunk-MYEHH3VS.js?v=cf2b15a6:2194
[  126135ms] [WARNING] [Vue warn]: Property "editingMessageContent" was accessed during render but is not defined on instance. 
  at <ChatView onVnodeUnmounted=fn<onVnodeUnmounted> ref=Ref< Proxy(Object) > > 
  at <RouterView> 
  at <App> @ http://localhost:5173/node_modules/.vite/deps/chunk-MYEHH3VS.js?v=cf2b15a6:2194
[  126135ms] [WARNING] [Vue warn]: Property "editingMessageIndex" was accessed during render but is not defined on instance. 
  at <ChatView onVnodeUnmounted=fn<onVnodeUnmounted> ref=Ref< Proxy(Object) > > 
  at <RouterView> 
  at <App> @ http://localhost:5173/node_modules/.vite/deps/chunk-MYEHH3VS.js?v=cf2b15a6:2194
[  126136ms] [WARNING] [Vue warn]: Property "editingMessageContent" was accessed during render but is not defined on instance. 
  at <ChatView onVnodeUnmounted=fn<onVnodeUnmounted> ref=Ref< Proxy(Object) > > 
  at <RouterView> 
  at <App> @ http://localhost:5173/node_modules/.vite/deps/chunk-MYEHH3VS.js?v=cf2b15a6:2194
[  126236ms] [WARNING] [Vue warn]: Property "editingMessageIndex" was accessed during render but is not defined on instance. 
  at <ChatView onVnodeUnmounted=fn<onVnodeUnmounted> ref=Ref< Proxy(Object) > > 
  at <RouterView> 
  at <App> @ http://localhost:5173/node_modules/.vite/deps/chunk-MYEHH3VS.js?v=cf2b15a6:2194
[  126237ms] [WARNING] [Vue warn]: Property "editingMessageContent" was accessed during render but is not defined on instance. 
  at <ChatView onVnodeUnmounted=fn<onVnodeUnmounted> ref=Ref< Proxy(Object) > > 
  at <RouterView> 
  at <App> @ http://localhost:5173/node_modules/.vite/deps/chunk-MYEHH3VS.js?v=cf2b15a6:2194
[  126237ms] [WARNING] [Vue warn]: Property "editingMessageIndex" was accessed during render but is not defined on instance. 
  at <ChatView onVnodeUnmounted=fn<onVnodeUnmounted> ref=Ref< Proxy(Object) > > 
  at <RouterView> 
  at <App> @ http://localhost:5173/node_modules/.vite/deps/chunk-MYEHH3VS.js?v=cf2b15a6:2194
[  126237ms] [WARNING] [Vue warn]: Property "editingMessageContent" was accessed during render but is not defined on instance. 
  at <ChatView onVnodeUnmounted=fn<onVnodeUnmounted> ref=Ref< Proxy(Object) > > 
  at <RouterView> 
  at <App> @ http://localhost:5173/node_modules/.vite/deps/chunk-MYEHH3VS.js?v=cf2b15a6:2194
[  126337ms] [WARNING] [Vue warn]: Property "editingMessageIndex" was accessed during render but is not defined on instance. 
  at <ChatView onVnodeUnmounted=fn<onVnodeUnmounted> ref=Ref< Proxy(Object) > > 
  at <RouterView> 
  at <App> @ http://localhost:5173/node_modules/.vite/deps/chunk-MYEHH3VS.js?v=cf2b15a6:2194
[  126339ms] [WARNING] [Vue warn]: Property "editingMessageContent" was accessed during render but is not defined on instance. 
  at <ChatView onVnodeUnmounted=fn<onVnodeUnmounted> ref=Ref< Proxy(Object) > > 
  at <RouterView> 
  at <App> @ http://localhost:5173/node_modules/.vite/deps/chunk-MYEHH3VS.js?v=cf2b15a6:2194
[  126339ms] [WARNING] [Vue warn]: Property "editingMessageIndex" was accessed during render but is not defined on instance. 
  at <ChatView onVnodeUnmounted=fn<onVnodeUnmounted> ref=Ref< Proxy(Object) > > 
  at <RouterView> 
  at <App> @ http://localhost:5173/node_modules/.vite/deps/chunk-MYEHH3VS.js?v=cf2b15a6:2194
[  126340ms] [WARNING] [Vue warn]: Property "editingMessageContent" was accessed during render but is not defined on instance. 
  at <ChatView onVnodeUnmounted=fn<onVnodeUnmounted> ref=Ref< Proxy(Object) > > 
  at <RouterView> 
  at <App> @ http://localhost:5173/node_modules/.vite/deps/chunk-MYEHH3VS.js?v=cf2b15a6:2194
[  126440ms] [WARNING] [Vue warn]: Property "editingMessageIndex" was accessed during render but is not defined on instance. 
  at <ChatView onVnodeUnmounted=fn<onVnodeUnmounted> ref=Ref< Proxy(Object) > > 
  at <RouterView> 
  at <App> @ http://localhost:5173/node_modules/.vite/deps/chunk-MYEHH3VS.js?v=cf2b15a6:2194
[  126441ms] [WARNING] [Vue warn]: Property "editingMessageContent" was accessed during render but is not defined on instance. 
  at <ChatView onVnodeUnmounted=fn<onVnodeUnmounted> ref=Ref< Proxy(Object) > > 
  at <RouterView> 
  at <App> @ http://localhost:5173/node_modules/.vite/deps/chunk-MYEHH3VS.js?v=cf2b15a6:2194
[  126441ms] [WARNING] [Vue warn]: Property "editingMessageIndex" was accessed during render but is not defined on instance. 
  at <ChatView onVnodeUnmounted=fn<onVnodeUnmounted> ref=Ref< Proxy(Object) > > 
  at <RouterView> 
  at <App> @ http://localhost:5173/node_modules/.vite/deps/chunk-MYEHH3VS.js?v=cf2b15a6:2194
[  126442ms] [WARNING] [Vue warn]: Property "editingMessageContent" was accessed during render but is not defined on instance. 
  at <ChatView onVnodeUnmounted=fn<onVnodeUnmounted> ref=Ref< Proxy(Object) > > 
  at <RouterView> 
  at <App> @ http://localhost:5173/node_modules/.vite/deps/chunk-MYEHH3VS.js?v=cf2b15a6:2194
[  126566ms] [WARNING] [Vue warn]: Property "editingMessageIndex" was accessed during render but is not defined on instance. 
  at <ChatView onVnodeUnmounted=fn<onVnodeUnmounted> ref=Ref< Proxy(Object) > > 
  at <RouterView> 
  at <App> @ http://localhost:5173/node_modules/.vite/deps/chunk-MYEHH3VS.js?v=cf2b15a6:2194
[  126566ms] [WARNING] [Vue warn]: Property "editingMessageContent" was accessed during render but is not defined on instance. 
  at <ChatView onVnodeUnmounted=fn<onVnodeUnmounted> ref=Ref< Proxy(Object) > > 
  at <RouterView> 
  at <App> @ http://localhost:5173/node_modules/.vite/deps/chunk-MYEHH3VS.js?v=cf2b15a6:2194
[  126566ms] [WARNING] [Vue warn]: Property "editingMessageIndex" was accessed during render but is not defined on instance. 
  at <ChatView onVnodeUnmounted=fn<onVnodeUnmounted> ref=Ref< Proxy(Object) > > 
  at <RouterView> 
  at <App> @ http://localhost:5173/node_modules/.vite/deps/chunk-MYEHH3VS.js?v=cf2b15a6:2194
[  126567ms] [WARNING] [Vue warn]: Property "editingMessageContent" was accessed during render but is not defined on instance. 
  at <ChatView onVnodeUnmounted=fn<onVnodeUnmounted> ref=Ref< Proxy(Object) > > 
  at <RouterView> 
  at <App> @ http://localhost:5173/node_modules/.vite/deps/chunk-MYEHH3VS.js?v=cf2b15a6:2194
[  126669ms] [WARNING] [Vue warn]: Property "editingMessageIndex" was accessed during render but is not defined on instance. 
  at <ChatView onVnodeUnmounted=fn<onVnodeUnmounted> ref=Ref< Proxy(Object) > > 
  at <RouterView> 
  at <App> @ http://localhost:5173/node_modules/.vite/deps/chunk-MYEHH3VS.js?v=cf2b15a6:2194
[  126670ms] [WARNING] [Vue warn]: Property "editingMessageContent" was accessed during render but is not defined on instance. 
  at <ChatView onVnodeUnmounted=fn<onVnodeUnmounted> ref=Ref< Proxy(Object) > > 
  at <RouterView> 
  at <App> @ http://localhost:5173/node_modules/.vite/deps/chunk-MYEHH3VS.js?v=cf2b15a6:2194
[  126670ms] [WARNING] [Vue warn]: Property "editingMessageIndex" was accessed during render but is not defined on instance. 
  at <ChatView onVnodeUnmounted=fn<onVnodeUnmounted> ref=Ref< Proxy(Object) > > 
  at <RouterView> 
  at <App> @ http://localhost:5173/node_modules/.vite/deps/chunk-MYEHH3VS.js?v=cf2b15a6:2194
[  126670ms] [WARNING] [Vue warn]: Property "editingMessageContent" was accessed during render but is not defined on instance. 
  at <ChatView onVnodeUnmounted=fn<onVnodeUnmounted> ref=Ref< Proxy(Object) > > 
  at <RouterView> 
  at <App> @ http://localhost:5173/node_modules/.vite/deps/chunk-MYEHH3VS.js?v=cf2b15a6:2194
[  126783ms] [WARNING] [Vue warn]: Property "editingMessageIndex" was accessed during render but is not defined on instance. 
  at <ChatView onVnodeUnmounted=fn<onVnodeUnmounted> ref=Ref< Proxy(Object) > > 
  at <RouterView> 
  at <App> @ http://localhost:5173/node_modules/.vite/deps/chunk-MYEHH3VS.js?v=cf2b15a6:2194
[  126784ms] [WARNING] [Vue warn]: Property "editingMessageContent" was accessed during render but is not defined on instance. 
  at <ChatView onVnodeUnmounted=fn<onVnodeUnmounted> ref=Ref< Proxy(Object) > > 
  at <RouterView> 
  at <App> @ http://localhost:5173/node_modules/.vite/deps/chunk-MYEHH3VS.js?v=cf2b15a6:2194
[  126785ms] [WARNING] [Vue warn]: Property "editingMessageIndex" was accessed during render but is not defined on instance. 
  at <ChatView onVnodeUnmounted=fn<onVnodeUnmounted> ref=Ref< Proxy(Object) > > 
  at <RouterView> 
  at <App> @ http://localhost:5173/node_modules/.vite/deps/chunk-MYEHH3VS.js?v=cf2b15a6:2194
[  126785ms] [WARNING] [Vue warn]: Property "editingMessageContent" was accessed during render but is not defined on instance. 
  at <ChatView onVnodeUnmounted=fn<onVnodeUnmounted> ref=Ref< Proxy(Object) > > 
  at <RouterView> 
  at <App> @ http://localhost:5173/node_modules/.vite/deps/chunk-MYEHH3VS.js?v=cf2b15a6:2194
[  126902ms] [WARNING] [Vue warn]: Property "editingMessageIndex" was accessed during render but is not defined on instance. 
  at <ChatView onVnodeUnmounted=fn<onVnodeUnmounted> ref=Ref< Proxy(Object) > > 
  at <RouterView> 
  at <App> @ http://localhost:5173/node_modules/.vite/deps/chunk-MYEHH3VS.js?v=cf2b15a6:2194
[  126903ms] [WARNING] [Vue warn]: Property "editingMessageContent" was accessed during render but is not defined on instance. 
  at <ChatView onVnodeUnmounted=fn<onVnodeUnmounted> ref=Ref< Proxy(Object) > > 
  at <RouterView> 
  at <App> @ http://localhost:5173/node_modules/.vite/deps/chunk-MYEHH3VS.js?v=cf2b15a6:2194
[  126903ms] [WARNING] [Vue warn]: Property "editingMessageIndex" was accessed during render but is not defined on instance. 
  at <ChatView onVnodeUnmounted=fn<onVnodeUnmounted> ref=Ref< Proxy(Object) > > 
  at <RouterView> 
  at <App> @ http://localhost:5173/node_modules/.vite/deps/chunk-MYEHH3VS.js?v=cf2b15a6:2194
[  126904ms] [WARNING] [Vue warn]: Property "editingMessageContent" was accessed during render but is not defined on instance. 
  at <ChatView onVnodeUnmounted=fn<onVnodeUnmounted> ref=Ref< Proxy(Object) > > 
  at <RouterView> 
  at <App> @ http://localhost:5173/node_modules/.vite/deps/chunk-MYEHH3VS.js?v=cf2b15a6:2194
[  127003ms] [WARNING] [Vue warn]: Property "editingMessageIndex" was accessed during render but is not defined on instance. 
  at <ChatView onVnodeUnmounted=fn<onVnodeUnmounted> ref=Ref< Proxy(Object) > > 
  at <RouterView> 
  at <App> @ http://localhost:5173/node_modules/.vite/deps/chunk-MYEHH3VS.js?v=cf2b15a6:2194
[  127004ms] [WARNING] [Vue warn]: Property "editingMessageContent" was accessed during render but is not defined on instance. 
  at <ChatView onVnodeUnmounted=fn<onVnodeUnmounted> ref=Ref< Proxy(Object) > > 
  at <RouterView> 
  at <App> @ http://localhost:5173/node_modules/.vite/deps/chunk-MYEHH3VS.js?v=cf2b15a6:2194
[  127005ms] [WARNING] [Vue warn]: Property "editingMessageIndex" was accessed during render but is not defined on instance. 
  at <ChatView onVnodeUnmounted=fn<onVnodeUnmounted> ref=Ref< Proxy(Object) > > 
  at <RouterView> 
  at <App> @ http://localhost:5173/node_modules/.vite/deps/chunk-MYEHH3VS.js?v=cf2b15a6:2194
[  127005ms] [WARNING] [Vue warn]: Property "editingMessageContent" was accessed during render but is not defined on instance. 
  at <ChatView onVnodeUnmounted=fn<onVnodeUnmounted> ref=Ref< Proxy(Object) > > 
  at <RouterView> 
  at <App> @ http://localhost:5173/node_modules/.vite/deps/chunk-MYEHH3VS.js?v=cf2b15a6:2194
[  127228ms] [WARNING] [Vue warn]: Property "editingMessageIndex" was accessed during render but is not defined on instance. 
  at <ChatView onVnodeUnmounted=fn<onVnodeUnmounted> ref=Ref< Proxy(Object) > > 
  at <RouterView> 
  at <App> @ http://localhost:5173/node_modules/.vite/deps/chunk-MYEHH3VS.js?v=cf2b15a6:2194
[  127229ms] [WARNING] [Vue warn]: Property "editingMessageContent" was accessed during render but is not defined on instance. 
  at <ChatView onVnodeUnmounted=fn<onVnodeUnmounted> ref=Ref< Proxy(Object) > > 
  at <RouterView> 
  at <App> @ http://localhost:5173/node_modules/.vite/deps/chunk-MYEHH3VS.js?v=cf2b15a6:2194
[  127229ms] [WARNING] [Vue warn]: Property "editingMessageIndex" was accessed during render but is not defined on instance. 
  at <ChatView onVnodeUnmounted=fn<onVnodeUnmounted> ref=Ref< Proxy(Object) > > 
  at <RouterView> 
  at <App> @ http://localhost:5173/node_modules/.vite/deps/chunk-MYEHH3VS.js?v=cf2b15a6:2194
[  127229ms] [WARNING] [Vue warn]: Property "editingMessageContent" was accessed during render but is not defined on instance. 
  at <ChatView onVnodeUnmounted=fn<onVnodeUnmounted> ref=Ref< Proxy(Object) > > 
  at <RouterView> 
  at <App> @ http://localhost:5173/node_modules/.vite/deps/chunk-MYEHH3VS.js?v=cf2b15a6:2194
[  127407ms] [WARNING] [Vue warn]: Property "editingMessageIndex" was accessed during render but is not defined on instance. 
  at <ChatView onVnodeUnmounted=fn<onVnodeUnmounted> ref=Ref< Proxy(Object) > > 
  at <RouterView> 
  at <App> @ http://localhost:5173/node_modules/.vite/deps/chunk-MYEHH3VS.js?v=cf2b15a6:2194
[  127407ms] [WARNING] [Vue warn]: Property "editingMessageContent" was accessed during render but is not defined on instance. 
  at <ChatView onVnodeUnmounted=fn<onVnodeUnmounted> ref=Ref< Proxy(Object) > > 
  at <RouterView> 
  at <App> @ http://localhost:5173/node_modules/.vite/deps/chunk-MYEHH3VS.js?v=cf2b15a6:2194
[  127407ms] [WARNING] [Vue warn]: Property "editingMessageIndex" was accessed during render but is not defined on instance. 
  at <ChatView onVnodeUnmounted=fn<onVnodeUnmounted> ref=Ref< Proxy(Object) > > 
  at <RouterView> 
  at <App> @ http://localhost:5173/node_modules/.vite/deps/chunk-MYEHH3VS.js?v=cf2b15a6:2194
[  127408ms] [WARNING] [Vue warn]: Property "editingMessageContent" was accessed during render but is not defined on instance. 
  at <ChatView onVnodeUnmounted=fn<onVnodeUnmounted> ref=Ref< Proxy(Object) > > 
  at <RouterView> 
  at <App> @ http://localhost:5173/node_modules/.vite/deps/chunk-MYEHH3VS.js?v=cf2b15a6:2194
[  127410ms] [WARNING] [Vue warn]: Property "editingMessageIndex" was accessed during render but is not defined on instance. 
  at <ChatView onVnodeUnmounted=fn<onVnodeUnmounted> ref=Ref< Proxy(Object) > > 
  at <RouterView> 
  at <App> @ http://localhost:5173/node_modules/.vite/deps/chunk-MYEHH3VS.js?v=cf2b15a6:2194
[  127411ms] [WARNING] [Vue warn]: Property "editingMessageContent" was accessed during render but is not defined on instance. 
  at <ChatView onVnodeUnmounted=fn<onVnodeUnmounted> ref=Ref< Proxy(Object) > > 
  at <RouterView> 
  at <App> @ http://localhost:5173/node_modules/.vite/deps/chunk-MYEHH3VS.js?v=cf2b15a6:2194
[  127411ms] [WARNING] [Vue warn]: Property "editingMessageIndex" was accessed during render but is not defined on instance. 
  at <ChatView onVnodeUnmounted=fn<onVnodeUnmounted> ref=Ref< Proxy(Object) > > 
  at <RouterView> 
  at <App> @ http://localhost:5173/node_modules/.vite/deps/chunk-MYEHH3VS.js?v=cf2b15a6:2194
[  127411ms] [WARNING] [Vue warn]: Property "editingMessageContent" was accessed during render but is not defined on instance. 
  at <ChatView onVnodeUnmounted=fn<onVnodeUnmounted> ref=Ref< Proxy(Object) > > 
  at <RouterView> 
  at <App> @ http://localhost:5173/node_modules/.vite/deps/chunk-MYEHH3VS.js?v=cf2b15a6:2194
